client_id,default
CC_0000F52C3717,0.2697796285152435
CC_0008C4E44BB9,0.09634820371866226
CC_000B4B1BEDF6,0.04104687795042992
CC_000D492CE7AD,0.05107596144080162
CC_000DCFA992C4,0.04991503804922104
CC_001122E39690,0.09715948700904846
CC_00117B7E053B,0.07900210320949555
CC_00135124F0C3,0.2764550864696503
CC_0016CFCF14C4,0.07801072001457214
CC_001740B14C72,0.12967173755168915
CC_001938053246,0.061297231912612916
CC_0019E3DC239C,0.07072773203253746
CC_001C3594F76E,0.3096352756023407
CC_001CE8624267,0.09144895076751709
CC_001F84E88060,0.12271293550729752
CC_00205A472499,0.12147628217935562
CC_00293A354886,0.03554178886115551
CC_002B838F0462,0.23562826812267304
CC_002C0A6A79A3,0.19129180312156677
CC_002D38C9B16D,0.28259955644607543
CC_002EC26F87BF,0.009009433910250664
CC_002FBC1547AE,0.1574629634618759
CC_00308EC6F3D4,0.13464593440294265
CC_00324544DD9F,0.3630089581012726
CC_003C4B7BE7F8,0.21460966765880585
CC_004006D91D8D,0.7217752456665039
CC_0041A03EFFB6,0.07326564639806747
CC_00428A82437E,0.332762348651886
CC_0045073BC11F,0.32722052931785583
CC_00467B1D8D89,0.04104687795042992
CC_004713654049,0.14430893063545228
CC_00471F46B9F4,0.11111849695444107
CC_004B878F25C2,0.14012925773859025
CC_004BB26042C5,0.13506959825754167
CC_004D8E72230C,0.25544343888759613
CC_004DB3A3C70B,0.5481779217720032
CC_004FD1D5A61B,0.1706338495016098
CC_004FE57C56C8,0.7413497924804687
CC_005704951586,0.2708995282649994
CC_00643E369290,0.09251128137111664
CC_0066D98BB9EF,0.5678487062454224
CC_00690BCC3766,0.19256899058818816
CC_006D26E11173,0.15599317848682404
CC_006F0424BA0C,0.05823723152279854
CC_0072F2F08542,0.015642482787370682
CC_00751D910DFF,0.07580614686012269
CC_00755CE7B990,0.1586046576499939
CC_007590841E7C,0.5490364491939544
CC_007B612BB240,0.7525775194168091
CC_007EC791ED3A,0.31267871856689455
CC_00876B84BC7E,0.16643259823322296
CC_0088A324D676,0.07447634637355804
CC_008B5E945701,0.5873145937919617
CC_008D56B4B41A,0.03790563605725765
CC_00951B5D39A6,0.10167442113161088
CC_0099AC551369,0.04104687795042992
CC_009A2F903E8F,0.22185989022254943
CC_009F373F58EE,0.055696622282266614
CC_00A1B6A0BFE5,0.10351640284061432
CC_00A651F1CA9E,0.16299412548542022
CC_00A6C7E23295,0.25339989066123964
CC_00AA4D8EAFFF,0.5365327417850494
CC_00AD510EB5AB,0.20121070742607117
CC_00B149CC3832,0.10971575677394867
CC_00B24C240296,0.6925209760665894
CC_00B2A863966B,0.1624825894832611
CC_00B6D231C4E0,0.1331971123814583
CC_00BA0D9C9769,0.6849686503410339
CC_00BA4B9A3ED4,0.10251508206129074
CC_00BD978274C9,0.06442317068576812
CC_00BDFB856C9E,0.16395237445831298
CC_00BECFD0FF29,0.41164352297782897
CC_00BFC5461053,0.10578748881816864
CC_00C4D8C18438,0.16682111620903015
CC_00CA157239FF,0.4108207881450653
CC_00CA34BC997D,0.15905226469039918
CC_00CEA7AD7F1A,0.21555159986019135
CC_00D5C2A06551,0.12057089358568192
CC_00D6CDAC726A,0.21861661970615387
CC_00D856A03DBF,0.7407545566558837
CC_00D9F83C9E93,0.07900210469961166
CC_00DFC64809D6,0.07007090747356415
CC_00E0387FBC9E,0.09402974396944046
CC_00E1D1D2993D,0.205337193608284
CC_00E6521C30BB,0.3705084264278412
CC_00E69205F24E,0.14045564830303192
CC_00E89DF054F4,0.0754963219165802
CC_00E9CC8D9EEF,0.21322127282619477
CC_00EA46DE25DD,0.7497228622436524
CC_00EE0EEB58D5,0.4602620005607605
CC_00F9F67E6F05,0.012612179294228554
CC_00FA46F7366C,0.1898825764656067
CC_00FB89799652,0.24083366692066194
CC_00FFE2036AB1,0.17404249012470246
CC_00FFE77863DF,0.11478611081838608
CC_0102323406AC,0.23945160806179047
CC_0102B5DA5A15,0.07761188820004464
CC_010B09136D06,0.12579380124807357
CC_010CDC88F5F5,0.0720629170536995
CC_010D45E8285C,0.061297228932380675
CC_0113BEA391CB,0.35019294619560243
CC_01188B92EA48,0.06442317366600037
CC_011BF4A47C7C,0.15421608686447144
CC_011C317218A8,0.1178765669465065
CC_011D9EA99494,0.05534299314022064
CC_011F2346F3A2,0.5055097460746765
CC_011F409B64EA,0.16395237147808076
CC_012038AA52E3,0.0763945922255516
CC_01240BC10405,0.12746157199144365
CC_0124E7389107,0.5055097579956055
CC_0128A7811A95,0.061443747580051424
CC_012A37359DB7,0.5830226182937622
CC_012C42D7E854,0.11803939491510392
CC_012E7A7878E5,0.15211524665355683
CC_012ED63A7E6C,0.0092788465321064
CC_01349EB3649A,0.20675361454486846
CC_013536D5B9AF,0.0582372322678566
CC_0136641C69EB,0.11925871223211289
CC_01384D5CFF72,0.1634408414363861
CC_0138BB7BD8A3,0.07670123726129532
CC_01399364C26C,0.15262678563594817
CC_013AB3EC63DC,0.112176214158535
CC_014366E64DCA,0.6627435088157654
CC_014A63C90F62,0.2614319741725922
CC_014BF9E304F3,0.7508550643920898
CC_014C89539CCB,0.7407545447349548
CC_014CF6A70FBF,0.06266454383730888
CC_014E1324EE80,0.08361855298280715
CC_01509F2183B8,0.09299800544977188
CC_01554CCC0460,0.12114854604005813
CC_015B291B0487,0.13299114853143693
CC_015B8DE78DB8,0.16467272937297822
CC_0161B5B24B5F,0.08501021414995194
CC_01653DC77271,0.29866161942481995
CC_01667940AC27,0.1548729732632637
CC_016B51878C16,0.32153183221817017
CC_016C33BE1E7B,0.05845727026462555
CC_016EFF422602,0.33186075091362
CC_016FEE812B9C,0.10334812998771667
CC_01712CAA42A3,0.3518009841442108
CC_0174CAC73142,0.12838379740715028
CC_0177D857E633,0.040776607021689414
CC_017BA5C2C520,0.6536320805549621
CC_017DCE877A26,0.08948370814323425
CC_018248BA2DAA,0.2432703346014023
CC_0182FB5AA05F,0.16395237743854524
CC_01882463E3CD,0.1565047174692154
CC_018CEE8FE58D,0.48523726463317873
CC_018E749907B7,0.08644497245550156
CC_018FB501A605,0.04077660776674748
CC_01908B0AA50C,0.1902521848678589
CC_0193729A77D2,0.11412530839443207
CC_01960FDF3E7F,0.11587306559085846
CC_019611B783AB,0.5860256314277649
CC_019912E3B581,0.06740146428346634
CC_019EF3051B45,0.33186074495315554
CC_019FDD770163,0.15440927147865297
CC_01A164F25668,0.1565047174692154
CC_01A5CBDF8101,0.053616567701101306
CC_01A9DD94B3E3,0.12549967616796492
CC_01AA79D4600A,0.4344708561897278
CC_01ACFC758043,0.07123658061027527
CC_01B0D8601911,0.6702987551689148
CC_01B76192CFFA,0.7736855506896972
CC_01B852C90D56,0.1001279205083847
CC_01BEF0C26362,0.3614535093307495
CC_01C3FF12EB8D,0.1276584178209305
CC_01C6D9F0DB8E,0.23374117612838746
CC_01C7A2731579,0.838905644416809
CC_01C8FC78044C,0.061297227442264554
CC_01C98663A16F,0.1639523833990097
CC_01CAF0E84BBF,0.07885558009147645
CC_01CBA617AF23,0.3585130572319031
CC_01CF95E913FC,0.6827407360076905
CC_01D06CCF898A,0.061297230422496796
CC_01D2B07730D0,0.11846305876970291
CC_01D3556F1812,0.3533839225769043
CC_01D4CBCDC120,0.18243905901908875
CC_01D55EDD2BE6,0.17507271766662597
CC_01D586B7E7A4,0.19199419617652894
CC_01D5A1099D98,0.22373701333999635
CC_01D8177D33B9,0.09693294763565063
CC_01D8D0BB7961,0.5860256314277649
CC_01DD43C01B80,0.12519144117832184
CC_01DFA1DF53F6,0.07434680014848709
CC_01E062ACC88B,0.49107364416122434
CC_01E2B7ED6107,0.15905226469039918
CC_01E70E8718A9,0.10124789774417878
CC_01E7623CBD0F,0.08168085515499116
CC_01EAF8DA6227,0.1035164013504982
CC_01F2091FC586,0.05823723152279854
CC_01F37D908978,0.14560455977916717
CC_01FA4C26ABEC,0.2777537852525711
CC_01FAB37C1CFB,0.15211524665355683
CC_01FD4C56F0C2,0.08832750022411347
CC_02015659F881,0.7413498044013977
CC_02074A9ADB7A,0.04077660776674748
CC_0207CA3C1DD9,0.2945993661880493
CC_020A0EB137E0,0.29459935426712036
CC_020C1AADAC9A,0.6280389666557312
CC_020FC7ADC447,0.18500095307826997
CC_020FFE185ACD,0.13894752860069276
CC_02107589C479,0.16516153216362
CC_0211D89A1ACF,0.16299412846565248
CC_021A8812B28E,0.7026935458183289
CC_021FD690E352,0.09402974545955659
CC_0220CC31D601,0.222749662399292
CC_0222F7DAFE81,0.26124596893787383
CC_022320678E24,0.09578711017966271
CC_022F2E7052FD,0.11544940173625946
CC_02302E76108A,0.19456998109817505
CC_023033C8850F,0.7624314665794373
CC_0230E02D8543,0.07554777264595032
CC_0230E22AF075,0.21832748055458068
CC_02319698C018,0.18041459321975709
CC_023532456F37,0.5183422029018402
CC_0235BF3F4979,0.09523568451404571
CC_02368E68A086,0.13476613610982896
CC_023D65182EB2,0.061297228932380675
CC_023F59E9986C,0.1709456264972687
CC_0245F766E4AC,0.06526500061154365
CC_0246B12B0445,0.10235239267349243
CC_02474EEA5276,0.09251128137111664
CC_02496C1D5547,0.28580191135406496
CC_024993F15158,0.06129722818732262
CC_024AA098CF34,0.08407665342092514
CC_024AEE6FC78A,0.11928311586380005
CC_024BCEFEB3B1,0.36954174637794496
CC_024CB835F9F4,0.08325909078121185
CC_02514C6C01C8,0.4103451073169708
CC_02562009215E,0.0612972266972065
CC_02587B1B7CE8,0.1657020002603531
CC_025887FD1578,0.07554777413606643
CC_025936DB6339,0.0333497304469347
CC_0259F3A8C95E,0.3320731043815613
CC_025A293D644C,0.14378398954868316
CC_025B4242FDB8,0.17169244289398194
CC_026066EEC1F2,0.16344083845615387
CC_0262E6B2B495,0.05823723077774048
CC_0262EA7FA26D,0.1261201873421669
CC_02659F97FEFC,0.41914296746253965
CC_02681B7C89D0,0.14237010776996611
CC_0271C116181B,0.11038187891244888
CC_027451E393E9,0.07111429274082184
CC_0275AB744D32,0.11297187209129333
CC_02768260ECE7,0.009278846159577369
CC_0276D670D446,0.10351640433073044
CC_027AE97B5FEC,0.15262678861618043
CC_027BF65FD10E,0.16248259246349334
CC_027C4B09BB5B,0.1898825764656067
CC_0280AE6B7C38,0.3126787066459656
CC_028114715BA7,0.0804438278079033
CC_0281B228E890,0.14734722971916198
CC_0286D2BEC77E,0.2945993602275848
CC_0287EE5CC52C,0.27577555775642393
CC_02881D519DF2,0.04104687795042992
CC_02894540BAC1,0.1315778061747551
CC_029180FB750A,0.10351640433073044
CC_0292365EC65B,0.3705084264278412
CC_02947671FD03,0.19509832859039306
CC_0296AF94C10B,0.07890967726707458
CC_0296C24B02D4,0.1574629634618759
CC_0299342384D6,0.01918414905667305
CC_029CE5404DAA,0.16395237147808076
CC_02A3228A7385,0.06740146577358246
CC_02A5FA7451E6,0.06849848628044128
CC_02A83D2F80D4,0.13487320244312287
CC_02AA8B22BDA7,0.1629941314458847
CC_02AA9816DDB8,0.6886694312095643
CC_02AD5064A3B8,0.39920220971107484
CC_02AD7B165DE6,0.09503335952758789
CC_02AEA61C112D,0.3514706909656525
CC_02AEC45429A6,0.33516027927398684
CC_02AF0737E6C2,0.13247960805892944
CC_02B2580C09A0,0.07739590704441071
CC_02B4DC166F1A,0.1634408414363861
CC_02B715323970,0.41162744760513303
CC_02B7D04CEC8D,0.035812058672308925
CC_02BA95283E62,0.05361656919121742
CC_02C246720CDF,0.17073419094085693
CC_02C77F19808E,0.14314291775226592
CC_02C797F0DBF1,0.18621549904346466
CC_02C8B73713B5,0.15256015360355377
CC_02CEA459F869,0.16248259246349334
CC_02D1D4910688,0.2560738503932953
CC_02D3AADCBEDB,0.4531131982803345
CC_02D3C3105294,0.10009956359863281
CC_02D6BF52CE73,0.3214475154876709
CC_02DA4A841D8D,0.1709745556116104
CC_02DB0674882C,0.6472155451774597
CC_02DC56B0F1FF,0.16395237743854524
CC_02DE5AF26FC3,0.10904595702886581
CC_02E031636EA7,0.2862636625766754
CC_02E10C2E326D,0.19590493142604828
CC_02E16348D168,0.1565047174692154
CC_02E19D1815C5,0.2252979874610901
CC_02E3FC4D96BE,0.4268916666507721
CC_02E430E9A0A6,0.08327703922986984
CC_02E727F44272,0.31349408626556396
CC_02EB27BA7EAF,0.08756377249956131
CC_02EE7191F8A4,0.019184150174260138
CC_02EF6EC394BA,0.10255247354507446
CC_02F01C560625,0.14055292457342147
CC_02F30271E181,0.1470208466053009
CC_02F53D236C9E,0.3207090973854065
CC_02F9190FC89B,0.1565047174692154
CC_02FABE323494,0.08949289321899415
CC_02FCACC905E9,0.49107365012168885
CC_0309C207972A,0.08006270825862885
CC_030AD899DD76,0.5345326662063599
CC_030D66374B55,0.3948577642440796
CC_030FE886131E,0.18190118968486785
CC_03151B53E6C6,0.26386340856552126
CC_031970F39493,0.0914489522576332
CC_0320752EA53A,0.16731472313404083
CC_0321DDF445E0,0.18554465770721434
CC_03293D1B04FB,0.15599317848682404
CC_03294B02C6E9,0.15599317848682404
CC_032C779665AB,0.8389056563377381
CC_032E5EE8677F,0.22101610004901887
CC_033241817650,0.12046655863523484
CC_0337B4E71D3F,0.10724384933710099
CC_0338A96A192A,0.23672518730163575
CC_033BD5351D7A,0.04371379613876343
CC_034646F5D544,0.04469351395964623
CC_0346B15D9469,0.3128910720348358
CC_034A339BCCEC,0.07778415381908417
CC_034B468EBB60,0.7084261894226074
CC_034DD9A722C5,0.272295081615448
CC_034F4EFA8BFE,0.03307946063578129
CC_03504F5AB86F,0.1716924399137497
CC_0354B18976C9,0.14055292755365373
CC_03562F93D8E3,0.03763536401093006
CC_035671ED0A7B,0.012612179666757584
CC_0358C2C1A932,0.16614870727062225
CC_035D3588EC56,0.10752957016229629
CC_035DA41191B3,0.09691497534513474
CC_036016D7257B,0.14995871484279633
CC_036166CC06C4,0.24817149639129638
CC_0364EA926244,0.025652550905942918
CC_0366D5696D16,0.1384317085146904
CC_03676027229F,0.7369030117988586
CC_036880C0DE52,0.14734723567962646
CC_036A6CE616AD,0.7110424280166626
CC_036EA4EE572C,0.17219813466072081
CC_03710E581CCE,0.13378696739673615
CC_0374D1351569,0.24624653160572052
CC_0374F561CAE3,0.08644497245550156
CC_037761AB3613,0.03098588455468416
CC_03790BE11F72,0.15599317848682404
CC_037B81675DBB,0.10394006669521332
CC_037FB1C3E15D,0.7256489038467407
CC_0380267FF063,0.1814921796321869
CC_03882C58148D,0.1967904359102249
CC_03882E114DB2,0.7567253112792969
CC_03896CB41533,0.13205594271421434
CC_038CB2FD4A18,0.6422801733016967
CC_038EF6F3E5FE,0.23732299208641053
CC_038FE7401997,0.11273484826087951
CC_039378B910CE,0.5860256433486939
CC_03961B833006,0.47890434265136717
CC_03978E24C066,0.13620856702327727
CC_039942F61C28,0.22011796832084657
CC_0399C4A0B150,1.0
CC_039B3016F577,0.44212977290153505
CC_03AB22276C2A,0.13539598286151885
CC_03AC64A666E2,0.2646531850099564
CC_03AFF955A990,0.0874462902545929
CC_03B284A89001,0.18083770275115968
CC_03B2F7DA9AA7,0.10510507822036744
CC_03B328C95751,0.06456969007849693
CC_03B50F841852,0.1756039172410965
CC_03B56F1BF915,0.06638472601771354
CC_03B8554898B1,0.11444729715585708
CC_03BBD8F8A5D4,0.14537329375743865
CC_03BE1A7B8392,0.07923960387706756
CC_03C0B7E9D7C0,0.08744628876447677
CC_03C6774914E6,0.1668562561273575
CC_03C7571BABA7,0.11925871670246124
CC_03CA87B19F7D,0.09591365754604339
CC_03D0D1654B4F,0.11005465686321259
CC_03D1E89D6CBF,0.10255247354507446
CC_03D578C8C89A,0.7026935338973999
CC_03DB0515A3F6,0.10251508504152299
CC_03E2A455C91A,0.16826668083667756
CC_03E32554800E,0.1042644128203392
CC_03E5AD480F5C,0.08498297780752181
CC_03E5C0623FC5,0.27864002585411074
CC_03E5DEC65955,0.15421608686447144
CC_03EA9AE48F7A,0.09496770054101944
CC_03EACC64CE8B,0.15211524665355683
CC_03ED2E16E739,0.15211524665355683
CC_03ED721FECF9,0.24245995581150054
CC_03EE6E5F00C1,0.26788082122802737
CC_03F08C8460A7,0.06114439815282822
CC_03F6A7EB53E4,0.15695142447948457
CC_03F6E05D3907,0.1559931755065918
CC_03F8DF7D32E9,0.12925938814878463
CC_03FE107EAA61,0.8273504853248597
CC_03FF986D2502,0.17586829960346223
CC_040AB80DFBA1,0.7525775194168091
CC_040D8ED6A285,0.1030281811952591
CC_040D94E922FA,0.7458471059799194
CC_040E3EEEA715,0.23464395999908447
CC_0413EA4AEBB2,0.04590708427131176
CC_041CF9707B3D,0.15809401571750642
CC_0420CC5C8E4D,0.08593270033597947
CC_0421CB469047,0.17169243693351746
CC_04256E790E70,0.16395237743854524
CC_0426A6F18A53,0.14715038239955902
CC_04299225FBB7,0.04104687795042992
CC_042A511FA68A,0.21791095435619354
CC_042A596887CF,0.3917027413845062
CC_042C04580C48,0.26196460127830506
CC_042F45FBFAF1,0.19891583025455475
CC_0434F6EEB715,0.17507272362709045
CC_0438D6C8561F,0.14494239538908005
CC_04390616DCEE,0.2284844309091568
CC_0439716FD39F,0.08187858611345292
CC_043DCB8C2376,0.3748528718948364
CC_0442A4083E8A,0.20154918134212493
CC_0447B5363EAD,0.15911619663238524
CC_044819458563,0.09251127988100052
CC_044C57511463,0.16395237743854524
CC_044C7084A2B5,0.05823723152279854
CC_0450CCC2C9BE,0.12712796181440353
CC_0456E3578B0B,0.19982334971427917
CC_045B2B5E5D0B,0.717799186706543
CC_045BA693F15F,0.06526500061154365
CC_045C6B5771A5,0.20949159562587738
CC_045D5AF9A56E,0.08867764323949814
CC_04665AE5479A,0.03971516042947769
CC_046D6D637F50,0.10161681473255157
CC_046F8F942394,0.0801156148314476
CC_0470EB7E3A12,0.3119067847728729
CC_0473990151D2,0.2753351807594299
CC_04746BDB3FD5,0.04077660776674748
CC_0475D3D630A5,0.1624825894832611
CC_04768E606734,0.1499587118625641
CC_0477492CF518,0.7144582390785217
CC_0477F5FDEABD,0.09651745110750198
CC_047968EDD2C9,0.11339553445577621
CC_047B2A826B14,0.10151172876358032
CC_047FF722131C,0.1287827581167221
CC_048166C48C88,0.12653637677431107
CC_04838AAF6AC1,0.0694894827902317
CC_0484835DD87F,0.0874462902545929
CC_04848E1A43F7,0.2518290042877197
CC_0486184A941B,0.18386946022510528
CC_048B97EDE590,0.31904796957969667
CC_048D165717F6,0.06442317068576812
CC_0490048405E8,0.1832389324903488
CC_04902E519DA6,0.056143656745553015
CC_04930626BD15,0.12551142275333405
CC_049565896B8C,0.1987577348947525
CC_0499B72E7537,0.12021133005619049
CC_049A02218452,0.4659379780292511
CC_049ED1018745,0.09523568451404571
CC_04A07E9E009E,0.019407786056399347
CC_04A0B1015786,0.15368917882442473
CC_04A32ED149BE,0.16666024625301362
CC_04A391F3061E,0.03034510537981987
CC_04A55FE0E282,0.38238884806632994
CC_04B1297AB948,0.16299412846565248
CC_04B17630AFE9,0.20299450159072877
CC_04B44C0F4658,0.09707766622304917
CC_04B4DF4DEF9B,0.04637721292674542
CC_04B536D8902C,0.012309148907661438
CC_04B5D21FD3E0,0.1629941314458847
CC_04B872D00305,0.5072641253471375
CC_04B92BE25F12,0.6026923060417175
CC_04BE90616D5F,0.18790157735347748
CC_04C0024EBCD7,0.7125692248344422
CC_04C41D086D60,0.41034509539604186
CC_04C798BE8C08,0.05263662338256836
CC_04C94749E891,0.2787394016981125
CC_04C99B10486E,0.10394006818532944
CC_04CA7620EAED,0.10351640433073044
CC_04D59F9FB0F8,0.18069414794445038
CC_04D7B1C6DA60,0.053763088583946225
CC_04D9EC4A25B2,0.49215951561927795
CC_04E2390EE5C0,0.10330951362848281
CC_04E2EBA35B5F,0.19049388468265532
CC_04E77CA6B2BD,0.10958622246980668
CC_04EA81365EC5,0.6755169272422791
CC_04EFBBFA491C,0.7575854420661926
CC_04F47438D1D8,0.10824516415596008
CC_04F81D31B942,0.15746296644210817
CC_04F8F9B8BA22,0.10991260707378388
CC_04FDA6443A72,0.22829836010932922
CC_04FE89FB567D,0.12523748874664306
CC_05031263B8A2,0.06150969415903092
CC_050465C58A50,0.08584166094660758
CC_05088407C45A,0.7026935458183289
CC_050903E7B725,0.1253701403737068
CC_05099A9E9AB7,0.06129722818732262
CC_0509DE377FF5,0.0959316298365593
CC_050A9DFE5D86,0.1629941314458847
CC_050B315AC07E,0.01615384705364704
CC_050C8316C37C,0.15262678563594817
CC_051318F1CC73,0.18419768810272216
CC_0513A8283954,0.1292828142642975
CC_051AE1FB117C,0.6060995817184448
CC_051EFDF57C79,0.22438789606094361
CC_051F1D61CFC5,0.16892115771770477
CC_0520C32FFFBC,0.05823723077774048
CC_05212FFD2EDB,0.17234691977500916
CC_0523AF460A86,0.13434246629476548
CC_052672AEC348,0.3348343431949615
CC_0526F2E117F6,0.0480159617960453
CC_052DF74932CA,0.16299412846565248
CC_05367A9957C1,0.6947715401649475
CC_05401DB637BD,0.0686085894703865
CC_0543BECF2708,0.5327782750129699
CC_0546E45AA535,0.3501524567604065
CC_054979662E63,0.4492785632610321
CC_0549CE20DF16,0.10138846337795257
CC_054C7A474B42,0.06100963354110718
CC_0550FC4A2855,0.1624825894832611
CC_0552321475B4,0.13351917415857315
CC_0555AC7E72B8,0.0640578731894493
CC_0561D728431F,0.24201100468635559
CC_05638553846E,0.10649109780788421
CC_056534FE3AA5,0.1574629694223404
CC_056A2167CC08,0.13499464392662047
CC_056B64B129D8,0.10429880321025849
CC_056D2D00B0F1,0.11898221522569656
CC_056DF0808F42,0.01967228651046753
CC_056E80C4319D,0.06563029512763023
CC_0572C5C1B693,0.15825325399637222
CC_05737ABF7471,0.11173786967992783
CC_0574C5CA86C3,0.015642482973635196
CC_0581592873D3,0.10251508504152299
CC_058171DA1DCE,0.055696622282266614
CC_05817D171247,0.13970329612493515
CC_058365FF9381,0.44493412375450136
CC_058663D63B28,0.1723469078540802
CC_05875F50C2BB,0.1127652332186699
CC_0587E8481B1E,0.051123926788568495
CC_0587FB441177,0.0754963219165802
CC_05895C36458F,0.1846633583307266
CC_058CAD85BE76,0.1559931755065918
CC_058FCBC9A7A5,0.2586001753807068
CC_058FE3DBE19C,0.14551863819360733
CC_0591C209D44D,0.16248258650302888
CC_059423BA685C,0.3199521958827972
CC_0597ED80E01C,0.061297228932380675
CC_05990770D80E,0.16614871323108674
CC_059DE359C4E9,0.08211374059319496
CC_05A0FEAEB80D,0.3369459092617035
CC_05A25FC0EF10,0.1047357201576233
CC_05A41EC7FC1A,0.040776608511805534
CC_05A499DEF7C2,0.13735612481832504
CC_05AE049AF9F8,0.24567959010601043
CC_05AF552D4D7E,0.32758442163467405
CC_05B187D40B63,0.2107671618461609
CC_05B333C0DF33,0.159770667552948
CC_05B7418E17E3,0.18157519400119781
CC_05B82628E3FC,0.10937958508729935
CC_05B9D662F55B,0.34397123456001283
CC_05BA7F073AC7,0.7620827794075012
CC_05BB5B29C712,0.10991260707378388
CC_05BCF8DB31EB,0.03556722588837147
CC_05BFF5F8441B,0.14785877466201783
CC_05C0C2A30E48,0.16210149973630905
CC_05C1A960D798,0.12484539598226548
CC_05C40B4FD93E,0.10155115723609924
CC_05C7BF273F44,0.2559865236282349
CC_05CB514129BF,0.012612179294228554
CC_05CF210DAD47,0.06563029587268829
CC_05D1E269272A,0.16460685133934022
CC_05D280951348,0.04077660776674748
CC_05D2EA214E22,0.04350624047219753
CC_05D3DF98FA6E,0.17507271766662597
CC_05D5AA070631,0.041046877205371854
CC_05D75D92F18D,0.3951070010662079
CC_05D8B4F654FB,0.11017524152994156
CC_05D93F9C9263,0.13448324501514436
CC_05DA227E1279,0.14279377460479736
CC_05DD18EFE70D,0.3214810252189636
CC_05E50ECB4120,0.05539727061986923
CC_05E5C2974C92,0.39485777020454405
CC_05E66A6CF95F,0.10351640284061432
CC_05E740122DA3,0.4245575964450836
CC_05E7449D6D40,0.12352271974086762
CC_05EAD48778B4,0.19192437827587128
CC_05EB1A70EBA1,0.16395237743854524
CC_05ECE028DC99,0.1565047174692154
CC_05EDAB693883,0.2945993602275848
CC_05F4EE3EA33F,0.27752012610435484
CC_05FF76458CD4,0.8443404555320739
CC_060081B57BBE,0.13732508718967437
CC_06051E695A93,0.15328125953674315
CC_060605FE00D6,0.11671656966209412
CC_060801A0977D,0.2817796289920807
CC_0608CC4E539B,0.1238491028547287
CC_060C45819C51,0.1886636883020401
CC_060F6C44B33D,0.16299412846565248
CC_060F8B7BC60D,0.1164889708161354
CC_060FD5AFB58E,0.16344083845615387
CC_0610B20E8F48,0.08325909227132797
CC_06124F8FD320,0.09959215670824051
CC_061BC8E3DE42,0.06129723116755485
CC_061D40D5762D,0.14302967488765717
CC_0622A2C12608,0.1035164013504982
CC_0624F662E890,0.7519822597503663
CC_062637694AE9,0.18528803288936616
CC_062A1582A115,0.1629941314458847
CC_062CFA78A83E,0.06405787542462349
CC_062D74137543,0.06013630777597427
CC_062DE3F4E88E,0.09481656104326248
CC_062E2E3C61B1,0.19533621072769164
CC_063368598D75,0.42962977290153503
CC_0634F2A2BCFB,0.08311062902212143
CC_063AAE18B191,0.13239126205444335
CC_063BE9A0D596,0.16395237743854524
CC_0642F32E4269,0.15650471150875092
CC_064C00719BB8,0.16299412846565248
CC_064C0D35A26F,0.027955581620335578
CC_064D2E8DB3D1,0.0868112713098526
CC_064F7F9ED8A7,0.6452831864356995
CC_06504D2ED9F8,0.13067712485790253
CC_065331827C68,0.29808499217033385
CC_0653E6DDCCA5,0.17780398726463317
CC_0655D2EEE5AD,0.08744629174470901
CC_06583E4D8D79,0.1035164013504982
CC_0659066EA610,0.44493412375450136
CC_065995CD97A8,0.07593866288661957
CC_065BC4CCE667,0.15530642867088318
CC_065CCC409116,0.3136370897293091
CC_06645DBDB980,0.04566754177212715
CC_066718F9929A,0.06588435918092728
CC_066C346397C8,0.7570748329162598
CC_0670B4700541,0.05740972384810448
CC_0672E060DD15,0.2945993602275848
CC_06742641549F,0.18903386890888213
CC_06780E835690,0.10373650789260865
CC_067B9953AC9F,0.14498453438282013
CC_067BD66D2A51,0.08290531784296036
CC_067DD53F00A3,0.24963095784187317
CC_067FAEEB477D,0.05539727061986923
CC_068030BC4536,0.21094582080841065
CC_06805E9F0B8D,0.09635739326477051
CC_0680A7682B38,0.05361656844615936
CC_06875B891C05,0.18986460864543914
CC_0689E4EDE638,0.07580296248197556
CC_068B766943E8,0.34802687764167783
CC_068D28040E79,0.16395237445831298
CC_0690EBC2F4E7,0.20929398834705354
CC_069303947F6C,0.09280528277158737
CC_06933405185C,0.2935910999774933
CC_0694EDF7CEE0,0.08859462440013885
CC_06951CE4EB9C,0.009278846159577369
CC_069A2AD95246,0.16248258650302888
CC_069B459967D8,0.13490368872880937
CC_069C4809C16E,0.18529772162437438
CC_069EA724B3ED,0.13291871547698975
CC_069FAD1B089D,0.1770343154668808
CC_06A076914192,0.08241867274045944
CC_06A624DED5C1,0.14215893298387527
CC_06A63EB4CD74,0.05882256478071213
CC_06A6DCA7FAE8,0.5708647608757019
CC_06AB81AE84F0,0.15599317848682404
CC_06AFA53183A8,0.6440911054611206
CC_06AFD74E43A1,0.30571046471595764
CC_06B218AC1B76,0.04346005693078041
CC_06B37355486D,0.405841201543808
CC_06B467AEB70E,0.05879425033926964
CC_06B5ED43139E,0.2160121440887451
CC_06B9703A9FA7,0.17507271766662597
CC_06BA285FC470,0.08339235782623292
CC_06BD9FBABCD8,0.15956381261348723
CC_06C2B17C7E3B,0.21344611048698425
CC_06C3FB7D4638,0.06028282642364502
CC_06C70A08BE8E,0.19154949188232423
CC_06C7EC4D3773,0.1624825894832611
CC_06C93563AF1A,0.45348675847053527
CC_06CA576A2375,0.6265628576278687
CC_06D3593ABBA6,0.11038187891244888
CC_06D65497DC12,0.080960975587368
CC_06D7DF952757,0.7094502806663513
CC_06D7FE638BD2,0.025652550905942918
CC_06DD61708D94,0.36544017791748046
CC_06DEC40D5230,0.2514143466949463
CC_06DEE127D70C,0.15211524367332457
CC_06E35DA935E6,0.06013630554080009
CC_06E49AC570FC,0.2003708839416504
CC_06E5AFAEFB84,0.14404192864894866
CC_06E892264A96,0.1624825894832611
CC_06F30EE293C8,0.32153183221817017
CC_06FB1DE9628C,0.16798713207244872
CC_06FC40387B9C,0.15211524665355683
CC_06FD2214FD38,0.0614437498152256
CC_070797733D90,0.045667539536952975
CC_070AF66E8E41,0.17138866782188417
CC_070BDC53B066,0.45311321020126344
CC_07124FCAA715,0.17234691381454467
CC_07136B7188F8,0.15599318146705626
CC_0713C8DC61F6,0.06442317143082618
CC_0715675C0BCD,0.05050167441368103
CC_071D2F82AC4F,0.04371379688382149
CC_071DDC9C4114,0.19484953284263612
CC_07241C4C380D,0.06703616976737976
CC_0725EBF44606,0.7222965240478516
CC_0726CA04F48E,0.37485286593437195
CC_072788E14FDD,0.2045784115791321
CC_072D78B5A6ED,0.12352271974086762
CC_0730FCBADCF9,0.1363043636083603
CC_0735A4DCB321,0.3119067907333374
CC_0736391E660A,0.07428919672966003
CC_073869D6A04A,0.07194928452372551
CC_073A0C6490D9,0.10049019455909729
CC_0743946731E0,0.35359628200531007
CC_0745B2969E99,0.24190088510513305
CC_074B78A4E522,0.18208151459693908
CC_074DAF275789,0.26613016724586486
CC_07557970509C,0.04309861734509468
CC_0756149C8398,0.1203976809978485
CC_075995539BCF,0.1239463821053505
CC_075A5177DEBE,0.18988257944583892
CC_075B1E9E97BC,0.03944488875567913
CC_075C67D0ADB9,0.14034488797187805
CC_075D001B58C2,0.15860555768013002
CC_075ECA104172,0.16395237743854524
CC_07629AB675E5,0.11587306708097458
CC_0766C7FC3685,0.12175621688365937
CC_076914A72F09,0.47890435457229613
CC_07699A7E41C6,0.09503336399793624
CC_076D699A591D,0.04869922325015068
CC_076DC55FE6DE,0.417681610584259
CC_076E02C6AD48,0.03554178848862648
CC_076EF20DA422,0.06405787393450738
CC_0770347E4CDE,0.09574915543198585
CC_0771DE2B2A2C,0.1319395512342453
CC_07799397D768,0.055696623772382735
CC_077A70E9A75B,0.0801203116774559
CC_0780472ECA74,0.1565047174692154
CC_07851F3AD5C0,0.07900210320949555
CC_078608CA07D1,0.048015961050987245
CC_078634F801D7,0.10351640284061432
CC_078936A9C116,0.19567362368106841
CC_078A71C0F497,0.16664779484272002
CC_078B99787D8B,0.18134861588478088
CC_0793EFDEFF95,0.268605175614357
CC_07940CBA6335,0.06308384835720063
CC_0795C109BC43,0.06129722595214844
CC_0795EDFA425E,0.0687904566526413
CC_0797B5645529,0.13139265030622482
CC_079851423BB0,0.1470208466053009
CC_079914214C2A,0.16733265817165374
CC_07A19027A099,0.29438492059707644
CC_07A4F476B425,0.08096097707748413
CC_07A50D09E32C,0.5371675252914428
CC_07A531F5CC39,0.0410468764603138
CC_07A71AF90306,0.6925209760665894
CC_07AE8ED46810,0.21636692881584169
CC_07B02C3E2DB5,0.5315973579883575
CC_07B0EB22AC24,0.6804713249206543
CC_07B4317017FA,0.050067701190710065
CC_07B54D98B373,0.05147570297122002
CC_07B869ADC64E,0.06013630777597427
CC_07B93FB41391,0.1495252549648285
CC_07B9919D8E27,0.13247960507869722
CC_07C075DC0ABA,0.12082963436841965
CC_07C5C27325FA,0.24761223196983337
CC_07CA5172C65D,0.15351025760173798
CC_07CB6AE92D6B,0.10490230768918991
CC_07CE5F117F48,0.14952525049448012
CC_07CFA5A3E312,0.0992440178990364
CC_07D0D501FDF8,0.22794293761253356
CC_07D119041810,0.03307946026325226
CC_07D1BFDCBF7D,0.7547431826591492
CC_07D3F6C7F789,0.4053445518016815
CC_07D64BEF27AD,0.10690205246210098
CC_07D656414150,0.09772860556840897
CC_07D8501ED076,0.3215318381786346
CC_07D950F441B7,0.7407545328140259
CC_07D99918A885,0.11156317293643951
CC_07DADFC65696,0.03185868002474308
CC_07DBCEFF9982,0.12487157583236694
CC_07DE53607367,0.2898812651634216
CC_07DF151C3D24,0.16395237743854524
CC_07E1F1FC06E6,0.7094502925872803
CC_07E2F2264F9D,0.11143363863229752
CC_07E7378E2646,0.07256948128342629
CC_07ECE0592DCB,0.15010767728090285
CC_07F5FD390B1F,0.061297228932380675
CC_07F7A389BF4E,0.5345326721668243
CC_07FC4A2BC77E,0.15047024488449096
CC_07FF8EC340B3,0.19063959419727325
CC_0801B8AF7A9F,0.03895330205559731
CC_0807ADD15F26,0.09245550334453582
CC_0808F7C18855,0.04991503655910492
CC_080CB10D0364,0.11671656966209412
CC_080E1771D02E,0.10904082357883453
CC_080E72C99130,0.17486775815486907
CC_0810E47BEA85,0.0658636137843132
CC_08115A4B058E,0.31447837352752683
CC_081227D00C52,0.08098031729459762
CC_08139F6C460F,0.30422440767288206
CC_0816FF71311B,0.16774992048740386
CC_0817F163FB1E,0.046855039149522784
CC_08195EF1CA52,0.05166259780526161
CC_081AA2242344,0.11745290160179138
CC_081CBCE9700D,0.27533518671989443
CC_082176D67132,0.11793722361326217
CC_08231EE44891,0.7848011970520019
CC_0823279D3077,0.09819997847080231
CC_08247C7CDEA0,0.19081660211086274
CC_08249B820A7A,0.05823723077774048
CC_08288E34F2F5,0.1624825894832611
CC_082E87A9B4B1,0.11624506264925002
CC_082FB2720EB3,0.14466815888881684
CC_083222B8F316,0.08006270527839661
CC_0839A33FCE00,0.6649954676628113
CC_083C33E9151D,0.05050167441368103
CC_083CD0E2A167,0.1707341879606247
CC_08403797E6EA,0.17507272064685822
CC_0841402F9A24,0.07191639989614487
CC_0842B2FDB642,0.0831106260418892
CC_0842DC3DC72D,0.15599317848682404
CC_08440259404C,0.7620827794075012
CC_0846BD9FAA1C,0.3118505537509918
CC_084876B3442B,0.4553849220275879
CC_0849837A872A,0.17502585351467131
CC_084A0FEE0AAB,0.7503180980682373
CC_084BC55A842A,0.07110861912369729
CC_084D9EE11B76,0.11691171824932098
CC_084DB161F983,0.16299412846565248
CC_084F916FC768,0.05383660569787026
CC_084FB95CAB85,0.19668159186840056
CC_085139B7D54C,0.15383664071559905
CC_0855D0C0F7B5,0.0514757014811039
CC_085642D91EE7,0.061297227442264554
CC_085D6D5266B8,0.046901270002126697
CC_085D78F164A0,0.17810776233673095
CC_085E969E0928,0.31362667083740237
CC_085F11C66A32,0.33674757480621337
CC_08619FD59387,0.6034859418869019
CC_0861B60C249C,0.4848265051841736
CC_0868E58C74C1,0.5830226182937622
CC_086B2BE5D351,0.7969287872314453
CC_086BA27778F8,0.06308384835720063
CC_086DB83BDC55,0.22701437771320343
CC_08750D4FEC33,0.11930032074451447
CC_087672402147,0.15650472044944763
CC_0876AEE19F94,0.03790563568472862
CC_0878F28E8417,0.6710923910140991
CC_087A86ED6C6A,0.1979811370372772
CC_087B451DE42F,0.09072074890136719
CC_087C783CEAB7,0.7452518820762635
CC_087C84FFD93A,0.16395237743854524
CC_087D030DB6A8,0.22786773443222047
CC_087FA76FFE5E,0.45311321020126344
CC_0888349F21FD,0.06740146428346634
CC_088969325432,0.4933404266834259
CC_088C68313B5D,0.17715830802917482
CC_088D9EA29129,0.12126221507787704
CC_088E2D0D27EC,0.09989390224218368
CC_0891486BDA08,0.15599317848682404
CC_0891825DA636,0.0720629170536995
CC_089245AF41F8,0.3322328269481659
CC_0899609BF534,0.20908822417259215
CC_089C94786E2D,0.0625043548643589
CC_089C9DDB1C5A,0.14205667674541472
CC_08A34A2639A1,0.13409494012594222
CC_08A53BBBCE9D,0.17637983858585357
CC_08A5BBED2B0D,0.12537013739347458
CC_08AD61D6D692,0.07889973819255829
CC_08AFAD09463D,0.09707766473293304
CC_08B196099DB0,0.15169158577919006
CC_08B650C56F28,0.04104687795042992
CC_08B6ECF026A0,0.4344708502292633
CC_08B98BA24D78,0.7497228622436524
CC_08C1D24436A5,0.06754798591136932
CC_08C829408EBB,0.053535323962569235
CC_08C89784803B,0.7177992105484009
CC_08CC95AD4110,0.1634408414363861
CC_08D11BBB0075,0.16299412548542022
CC_08D1DD574261,0.3748528718948364
CC_08D378559DFE,0.6479914546012878
CC_08D40B5264A8,0.2360947847366333
CC_08D41E19FF18,0.1757272005081177
CC_08D672A43C3B,0.2687152773141861
CC_08D9BA336AB8,0.07732037529349327
CC_08DB4D0986C2,0.20037088692188262
CC_08DE6D45E3C6,0.19029274582862854
CC_08E1C6E56B36,0.1843464732170105
CC_08E3D97E1659,0.6940383791923523
CC_08E44F93E249,0.14443085491657257
CC_08E5485F36EF,0.03763536512851715
CC_08E668EC1255,0.03554178886115551
CC_08E72FAAB4D9,0.6460589528083801
CC_08E9C2CA5AAC,0.16666024625301362
CC_08EBFBC2EFFD,0.2700492888689041
CC_08EC3B839EDD,0.16395238041877747
CC_08EC4AE8BABF,0.1581809937953949
CC_08F5071759E5,0.1940026491880417
CC_08F82CD59D75,0.13226172775030137
CC_08F8BDE9C73F,0.06740146726369858
CC_08F93BCEE905,0.27645508050918577
CC_08F96920CE0C,0.17138865888118743
CC_08FB6891E101,0.17600674629211427
CC_08FF14D7E173,0.12733203172683716
CC_0906AC8F160C,0.08096097409725189
CC_090900EC9AAA,0.24997804462909698
CC_09090EB74664,0.10351640433073044
CC_09099D46BE98,0.09693294763565063
CC_090BCB4BB42C,0.44212976694107053
CC_090C04C0C474,0.06990268304944039
CC_0911FF4C74B5,0.051075960695743564
CC_091390A2DFAA,0.14123405665159225
CC_0917CB63B767,0.16299412846565248
CC_091B2ECA7BFA,0.06129722818732262
CC_091F4B87F147,0.7363306403160095
CC_092137A0950B,0.28853084444999694
CC_0923560180DC,0.25673440992832186
CC_092BD3E1B702,0.15487297624349594
CC_092D671397F2,0.17572719752788543
CC_09319A997B62,0.6249145150184632
CC_0931CDD13861,0.10351640284061432
CC_0933392B5B07,0.046855039149522784
CC_09391B0D1D66,0.05361656844615936
CC_093EBA6E286D,0.5677394390106201
CC_09457CA5C6C4,0.09607634991407395
CC_094703EB6E24,0.13927391469478606
CC_094A1E74EBCE,0.6627434968948365
CC_094DA806D155,0.2045075327157974
CC_0950E8F3267E,0.06420439556241035
CC_0951D4DEB24D,0.1565047174692154
CC_095DAE4124FC,0.6427732706069946
CC_095E57DE825A,0.07321777045726777
CC_09609F2EB6ED,0.29070281982421875
CC_0961DB8D4872,0.17161474078893663
CC_096349D3905D,0.19171281456947326
CC_0967D032E088,0.07617144435644149
CC_096E87D54477,0.16663131713867188
CC_0973A9899EAB,0.0376215822994709
CC_097458C61B4F,0.16299412846565248
CC_097A0C40D881,0.09647032469511033
CC_097AB7DABF0E,0.19734466969966888
CC_0984B2D6AED2,0.13528700768947602
CC_09879B7CE1E7,0.04685503840446472
CC_098B2B6293D6,0.05555138364434242
CC_098EA6AEB483,0.6265628695487976
CC_099087D32DEA,0.11113192737102509
CC_09909BD37806,0.07312352359294891
CC_099AB91EA380,0.1363043576478958
CC_099B58F1E786,0.1366322249174118
CC_099B828FA09A,0.1565047174692154
CC_099BDF25B430,0.18338822424411774
CC_099E26D9EF6A,0.39920220971107484
CC_09A509146F38,0.06740146726369858
CC_09A5BD444A27,0.16395237743854524
CC_09A9984AC246,0.1476619213819504
CC_09AF753B7CB9,0.09251128137111664
CC_09B114B2D2D4,0.16299412846565248
CC_09B281513757,0.14475723952054978
CC_09B503D3194E,0.1401822954416275
CC_09B6336FECED,0.17118090093135835
CC_09B9E0F3B73B,0.12670724987983703
CC_09BD6D248D04,0.16395238041877747
CC_09BE18C733AB,0.13273165822029115
CC_09C023CF36E7,0.31267871260643004
CC_09C1E1578A5C,0.04309861734509468
CC_09C43084F936,0.6627435088157654
CC_09CB2C4B9890,0.06129722818732262
CC_09CB44CD08FA,0.01773605979979038
CC_09CE70E9647E,0.16395238041877747
CC_09D03636B613,0.16395237743854524
CC_09D05875865A,0.4006440043449402
CC_09D21570768B,0.18214251697063447
CC_09D6B7CA3FCD,0.15860555768013002
CC_09D826B67656,0.25195282101631167
CC_09D8BE21DBC8,0.04104687795042992
CC_09DDEE0E4970,0.09517807960510254
CC_09DDF293FDEA,0.27713524699211123
CC_09E3CE0661A3,0.40584120750427244
CC_09E5430CC95F,0.041046878695487975
CC_09E773137A14,0.16395237445831298
CC_09E9230CF64E,0.04685503989458084
CC_09E9AFDA34A4,0.39920220971107484
CC_09F024507CE2,0.14667170345783234
CC_09F70398D706,0.11228332370519638
CC_09F8B54DB9A6,0.2420833081007004
CC_09F900BEC423,0.04685503840446472
CC_09FC7B468C9C,0.1716924399137497
CC_0A03BEFA13C6,0.1586046576499939
CC_0A03F13DFBD8,0.10917844474315644
CC_0A0961770C6E,0.09354152381420136
CC_0A1077269584,0.11198683828115463
CC_0A13F2484216,0.5615747272968292
CC_0A1450B1D3E3,0.7620827674865722
CC_0A16375BFE61,0.17069500386714936
CC_0A1B95ABABCB,0.14279377460479736
CC_0A22EA63453D,0.051759222894906996
CC_0A24FC1277A0,0.09517808109521866
CC_0A25553CE67E,0.06032320261001587
CC_0A267655AC20,0.18434647619724273
CC_0A2969C54B5F,0.05569662153720856
CC_0A2C9EEBF06E,0.06572454273700715
CC_0A2D425082F0,0.15599317848682404
CC_0A2E26070BC8,0.08006270676851272
CC_0A327C07F0BE,0.24081068336963654
CC_0A333C77238A,0.09505877941846848
CC_0A337EDA8C55,0.10436250269412994
CC_0A3DC9894F29,0.9112466692924499
CC_0A3DE96DCA51,0.6131052374839783
CC_0A42FF68341B,0.22492134273052217
CC_0A4914959E54,0.1266164243221283
CC_0A4D5D115979,0.10901066511869431
CC_0A4E6F4FBD06,0.169528990983963
CC_0A52BA21B4A7,0.5918462872505188
CC_0A5D1270D1E1,0.17507271766662597
CC_0A5D157FDED4,0.15436143130064012
CC_0A6233D2C619,0.05050167366862297
CC_0A6385FEF719,0.05842895582318306
CC_0A683DEDA228,0.7407545566558837
CC_0A697E3841C0,0.3137064516544342
CC_0A6D4900EEE6,0.7162729144096375
CC_0A6E3CBC02D5,0.07666029334068299
CC_0A6E4C237186,0.1760760635137558
CC_0A73CCA81FF0,0.10858490318059921
CC_0A7521D47AA9,0.07156647816300392
CC_0A7630BCB18F,0.15599317848682404
CC_0A76432DFD74,0.10394006818532944
CC_0A7676EF8D88,0.22658562362194062
CC_0A7EED89E726,0.1559931755065918
CC_0A7F61F96D66,0.06587106287479401
CC_0A804337A5F7,0.1039431408047676
CC_0A8208CA9476,0.14055292308330536
CC_0A8443552E3C,0.1586046576499939
CC_0A890A31E461,0.05050167515873909
CC_0A8AC87ACC5F,0.10971575528383255
CC_0A9118A4F92A,0.5269427359104156
CC_0A9BF104B2A1,0.16395237743854524
CC_0A9DDA80A58C,0.13717743307352065
CC_0AA434BA8AF1,0.48898723125457766
CC_0AA80D59CD42,0.16583408117294313
CC_0AA8EA9DDA8F,0.07098138928413392
CC_0AAD205DFEF3,0.39920220971107484
CC_0AB5F2A07413,0.3329358696937561
CC_0AB9DE4164C7,0.1334107279777527
CC_0AC9F2F2EBD5,0.05147569999098778
CC_0AD02C2AC6D3,0.11587306708097458
CC_0AD1C3CF8346,0.10896355658769608
CC_0AD2FF59F945,0.06442317068576812
CC_0AD484D255D3,0.1715436577796936
CC_0AD80F49B2B3,0.46528249979019165
CC_0AD9D66D8A49,0.16635647118091584
CC_0ADD5865B2D4,0.21122445166110992
CC_0AE1AE16929A,0.29161604046821593
CC_0AE3A1A94342,0.06405787393450738
CC_0AE50666719B,0.1377516806125641
CC_0AE61FDE9170,0.05166259780526161
CC_0AEAABD22A04,0.1225566640496254
CC_0AEB58E97E52,0.1041601687669754
CC_0AEC3531CE59,0.10958622097969055
CC_0AED2C82E292,0.0784899652004242
CC_0AEE7E3A3EC9,0.08644497245550156
CC_0AF4FDE40D14,0.17663797438144685
CC_0AF84E6BAD9D,0.16299412846565248
CC_0AF88448DA3E,0.0002990352921187878
CC_0AF919F3624C,0.09048502296209335
CC_0B00AB91FC68,0.11080553978681565
CC_0B032F64D84C,0.19818294048309326
CC_0B04DD053293,0.7525774955749511
CC_0B0571F96230,0.18246158957481384
CC_0B0984C9B4DB,0.5919286608695984
CC_0B09E0DBA271,0.1707341879606247
CC_0B0ADCD2C52E,0.7256489038467407
CC_0B0EFFF4E9B5,0.15860555768013002
CC_0B10141BDD3A,0.06420439556241035
CC_0B11FC1EEA1C,0.15472762584686278
CC_0B134718B99F,0.2341959685087204
CC_0B1373B302C3,0.06442317366600037
CC_0B152C6EA472,0.05858319103717804
CC_0B1C64DD551D,0.08096097409725189
CC_0B1F96F945E6,0.08504058122634887
CC_0B278DA0E00A,0.7110424280166626
CC_0B2BA7C873BA,0.13260914087295533
CC_0B2BDBBF8F99,0.6860268831253051
CC_0B2F9537C897,0.13247960954904556
CC_0B30B117D26A,0.054535699635744096
CC_0B3300B737C5,0.7026935338973999
CC_0B3CE065F44E,0.838905644416809
CC_0B4045CD095B,0.47890433073043825
CC_0B411045AE8C,0.18922809958457948
CC_0B480932FD10,0.7110424280166626
CC_0B4B65811442,0.3346219837665558
CC_0B4DFFB5AC8F,0.04350624233484268
CC_0B4F5E460A00,0.2853970110416412
CC_0B56B532A212,0.14007371068000793
CC_0B57774D8812,0.14314291775226592
CC_0B5A6EC1C63C,0.09402974545955659
CC_0B5B8A08B70B,0.16299412846565248
CC_0B5BB487A934,0.5517740428447724
CC_0B5D32127AE6,0.09169663190841675
CC_0B5DBDD11146,0.06405787467956543
CC_0B5E708AE208,0.09693294614553452
CC_0B60599B13C2,0.06032320261001587
CC_0B653A8AE34C,0.08523784726858138
CC_0B68847DFE5F,0.18873009979724883
CC_0B6FC317E338,0.1035164013504982
CC_0B73872EECDE,0.05823723077774048
CC_0B74E60EB299,0.06032320335507393
CC_0B756F020491,0.10351640284061432
CC_0B761D03C036,0.0652649998664856
CC_0B7F45FCCAC5,0.06153032705187798
CC_0B852E79B705,0.17655932307243347
CC_0B85DC1BF394,0.18064116537570954
CC_0B862E007B6C,0.5509688138961792
CC_0B892B5C26F1,0.12352271825075149
CC_0B8DC90CEDCE,0.06129722967743874
CC_0B8F3D2498E0,0.4205370366573334
CC_0B8F92B9E55F,0.18309353590011596
CC_0B928066315E,0.382001256942749
CC_0B92EB44F174,0.15874780267477034
CC_0B93F9E9A0FA,0.08644497096538543
CC_0B97B96E1BAE,0.43012641072273256
CC_0B99B59BECD4,0.16344083845615387
CC_0B9B25E90A97,0.11388213634490967
CC_0B9E05D72BCF,0.16395238041877747
CC_0BA1C7787812,0.04469351395964623
CC_0BA40E398EC3,0.16489925384521484
CC_0BA5508196B0,0.3222749412059784
CC_0BA58B8D8C85,0.05044064000248909
CC_0BAA2D59203E,0.3814918637275696
CC_0BAD782D92B2,0.18064116537570954
CC_0BAE46ABE71D,0.17022264897823333
CC_0BB22F30CCA8,0.7924526929855347
CC_0BB40E16228A,0.012309149280190468
CC_0BB59154BF07,0.18931524753570556
CC_0BBB61F500F4,0.07473153918981552
CC_0BC061C8F785,0.15599317848682404
CC_0BC3248D0579,0.14791986346244812
CC_0BC55CED77DC,0.09846179634332657
CC_0BC8C90ECBBB,0.10473572164773941
CC_0BCAF4C842B1,0.17660641074180602
CC_0BCBF2B64452,0.2945993602275848
CC_0BCEB42F898E,0.16460685431957245
CC_0BD0D0A6D733,0.2618086189031601
CC_0BD13489498D,0.5043288171291351
CC_0BD6ACC36CF8,0.14327245056629181
CC_0BD7AC6FC52F,0.7427044987678528
CC_0BD96AA69CC0,0.12521739006042482
CC_0BDA0CDFB5CA,0.16110918223857879
CC_0BDA9EDBC50A,0.25520760715007784
CC_0BDC1668BEBF,0.11297187060117722
CC_0BDE818FA985,0.15599318146705626
CC_0BDF1B319AE5,0.2011037677526474
CC_0BE026E44C2C,0.012612179666757584
CC_0BE04B179C5B,0.11803939491510392
CC_0BE5B21DEB99,0.19174913465976715
CC_0BEBBA8AFD2C,0.03656460382044315
CC_0BED52943556,0.09054384231567383
CC_0BEDFE7D7862,0.15809402167797088
CC_0BEE9F3516A5,0.7458471298217774
CC_0BEF100BEEE7,0.12014722675085068
CC_0BEF89A9E66C,0.7445120692253113
CC_0BF4291A7A3F,0.4675542235374451
CC_0BF4A3BDE9C4,0.3395047068595886
CC_0BFC20347243,0.09241801500320435
CC_0BFE70E9C6B3,0.162994122505188
CC_0BFEE64CC253,0.18059407472610473
CC_0C0185C575CF,0.16635647416114807
CC_0C03C24CC6C7,0.14443085044622422
CC_0C0642C807E6,0.7575854420661926
CC_0C073BB2BF96,0.09751877188682556
CC_0C0B99CAD7BC,0.07639458924531936
CC_0C0F36FAF7A1,0.21425057649612428
CC_0C0F5ADF8524,0.15911619663238524
CC_0C19E8CC4A71,0.5346003532409668
CC_0C21C2FE2CE0,0.3705084264278412
CC_0C237FDF0478,0.08598826676607133
CC_0C29534F1141,0.2200552850961685
CC_0C2E5503BD2F,0.6249145269393921
CC_0C32774F6A1A,0.19550400078296662
CC_0C3490750986,0.1872628688812256
CC_0C35D85EBCB1,0.24456146955490113
CC_0C365BA2364F,0.10858490467071533
CC_0C37648A25BC,0.16299412846565248
CC_0C37CA5BC52B,0.07335684075951576
CC_0C38E7EF36BD,0.5405879735946655
CC_0C3BDCC8ADC4,0.06740146726369858
CC_0C3D8780105B,0.10676924288272857
CC_0C3EE0D0A4AF,0.5626817047595978
CC_0C4475F00924,0.15650471448898315
CC_0C45752A8514,0.4234874129295349
CC_0C45A3705CB8,0.19098508059978486
CC_0C46B177F484,0.05432814508676529
CC_0C4A96DE8D56,0.06588436216115952
CC_0C4D0923DA74,0.19987403154373168
CC_0C4DC681EA7B,0.19491502344608308
CC_0C4E299D6E0D,0.11857272982597351
CC_0C4F842F2D37,0.47890434265136717
CC_0C56C2B8F620,0.16666024625301362
CC_0C5B294CB2AD,0.15220868289470674
CC_0C5F949717D0,0.1833730846643448
CC_0C60640707EB,0.12157220840454101
CC_0C612B5EFDA9,0.17086453437805177
CC_0C63D0885F1B,0.22683517038822174
CC_0C642C1F87D6,0.1804589718580246
CC_0C654989A8F5,0.3927255868911743
CC_0C6699A632C8,0.11107228249311447
CC_0C69C6DB41C9,0.10255247503519058
CC_0C6A368DEBC5,0.09708310216665268
CC_0C6DE076DB8A,0.051060658693313596
CC_0C72E470640B,0.07561740055680274
CC_0C74BB93CD99,0.402606463432312
CC_0C789E47D463,0.06326317861676216
CC_0C793C151AAE,0.7620827794075012
CC_0C79B8B3F2D6,0.25519066452980044
CC_0C7C436C57E9,0.1470208466053009
CC_0C7C8D0AF199,0.12653637677431107
CC_0C7FCC44015C,0.40496438145637514
CC_0C84D72A7765,0.26941896677017213
CC_0C86E9A21207,0.08400889784097672
CC_0C886C95373D,0.27812686264514924
CC_0C8888F1CDF2,0.6452831864356995
CC_0C8D90F0922D,0.08560430705547332
CC_0C8E6730ED67,0.10958621799945831
CC_0C91FCF615B6,0.32362199425697324
CC_0C93732ADF97,0.14229779541492463
CC_0C975D38A326,0.041046879068017
CC_0C9C7A97A5F4,0.10958622395992279
CC_0C9ED89049AC,0.05166259780526161
CC_0CA45E2A5E6B,0.15340318530797958
CC_0CA466FA04F1,0.08859462589025498
CC_0CA626203B37,0.05569662302732468
CC_0CB0A0716BCF,0.6435669183731079
CC_0CB38C46D03A,0.04664748311042786
CC_0CB45F66B6F2,0.04890677779912948
CC_0CB64898FC0D,0.42882800102233887
CC_0CB7F76A66E5,0.05813536420464516
CC_0CB96C7639E7,0.15746296644210817
CC_0CBB4D2AD23A,0.7026935338973999
CC_0CC12648C9E4,0.1587010532617569
CC_0CC15637F3AC,0.09707766473293304
CC_0CC2EDDC638D,0.12451479583978653
CC_0CC4A8B7482A,0.07761884480714798
CC_0CCBDEC7850A,0.06999288573861122
CC_0CCDB8C95455,0.129282808303833
CC_0CD2A5B99834,0.09503335952758789
CC_0CD42BDB0B17,0.57125483751297
CC_0CDD257E8FE9,0.1278243139386177
CC_0CDD6AF89F14,0.14995961487293244
CC_0CDD6E657D91,0.10958622246980668
CC_0CDEE9154E66,0.18650229573249816
CC_0CDEEFE130DD,0.05150753371417523
CC_0CDFB51090E3,0.23245602250099182
CC_0CE0E01CD7AD,0.02471582405269146
CC_0CE3EB77C29E,0.5477878332138062
CC_0CE536324EAC,0.1538366436958313
CC_0CE579BFFB20,0.13247960358858107
CC_0CE7D8349D41,0.044423244521021844
CC_0CE89D05D8D0,0.1166687250137329
CC_0CEA80A97E41,0.14314291775226592
CC_0CEB735EC729,0.05849394053220749
CC_0CED9ADB2A09,0.4234874188899994
CC_0CEEA76DB759,0.16299412846565248
CC_0CF091BD2CE1,0.17485920786857606
CC_0CF811EE7BD5,0.24409790337085724
CC_0CF9957442C8,0.06344914361834526
CC_0CFA517479F5,0.17073418200016022
CC_0D016154E1C0,0.2945993602275848
CC_0D0445D6C3B5,0.2678950697183609
CC_0D048FD6821F,0.13239126205444335
CC_0D0B8717FFA9,0.17542158663272858
CC_0D0DC41B22F6,0.08006270825862885
CC_0D0F2A97BA52,0.11824855357408523
CC_0D13A003578B,0.2189328134059906
CC_0D142FA3BB86,0.17073419094085693
CC_0D1668209F8F,0.4344708561897278
CC_0D17BEB72F8C,0.0858819454908371
CC_0D1D05268EAA,0.08954936414957046
CC_0D1E2B992350,0.03971515819430351
CC_0D22B7E22CF2,0.6555644512176514
CC_0D29AEADCFFD,0.12031048089265824
CC_0D2A4247E8F9,0.06740146577358246
CC_0D2CAE166D3E,0.4910736382007599
CC_0D2F00087DD0,0.1010629341006279
CC_0D30E804496C,0.15599318146705626
CC_0D325FA769D3,0.16460685431957245
CC_0D352F56EC40,0.5055097341537476
CC_0D366B910D53,0.07594948559999466
CC_0D391D096327,0.45542089343070985
CC_0D3D34F78444,0.07554777413606643
CC_0D3EC0263EB8,0.18885851800441741
CC_0D3F8C5DB72C,0.12861997187137603
CC_0D44A9988748,0.16344083547592164
CC_0D45F637A500,0.12971795797348024
CC_0D569B80674B,0.035912316665053366
CC_0D574FD172C8,0.05050167515873909
CC_0D5884F0ADCE,0.1252133369445801
CC_0D5A344D95F7,0.09611807614564896
CC_0D5A6A9CC79C,0.05166259631514549
CC_0D5C14B6B047,0.7390903830528259
CC_0D5C4B45704D,0.09501539021730424
CC_0D5D35CC20B4,0.1276584178209305
CC_0D5EF547C948,0.040776608139276506
CC_0D620A89DC23,0.5327920317649841
CC_0D6261C2426B,0.016153846681118012
CC_0D65D94CD102,0.06718268990516663
CC_0D6A2881FD21,0.06977426260709763
CC_0D79128FCBC0,0.07977319359779358
CC_0D7964193A8D,0.0923665627837181
CC_0D7DC4C2AD58,0.030985884368419647
CC_0D7E67048FE1,0.717799186706543
CC_0D81C3847464,0.22742162346839906
CC_0D83E582BDCE,0.0500767458230257
CC_0D849B132548,0.13120996505022048
CC_0D89CDC3CB7A,0.15905227065086364
CC_0D89ED88029E,0.15746296644210817
CC_0D8A6B271FFF,0.15262678563594817
CC_0D8D5D4F8016,0.5460334539413452
CC_0D8ECA973778,0.08196229338645936
CC_0D976DA0C4B3,0.11930032074451447
CC_0D9B1B322068,0.10937958806753159
CC_0DA5375308EE,0.16344083547592164
CC_0DAF7BFE19E1,0.4463281810283661
CC_0DB07EA178BB,0.13028596192598343
CC_0DB2EFF92E93,0.21344610750675203
CC_0DB32286FD0E,0.2065524786710739
CC_0DB5F843CD9A,0.17600674629211427
CC_0DBF84685A9D,0.16364860236644746
CC_0DBFE51411E2,0.1574629694223404
CC_0DC292528D55,0.13540170192718506
CC_0DC3581EEAB6,0.333247047662735
CC_0DC8060DA736,0.07739590704441071
CC_0DC95532E7A2,0.07789113968610764
CC_0DCA048649D9,0.032302030548453334
CC_0DCA0A0FA295,0.39485777616500856
CC_0DCED1D6F3DF,0.6856894731521607
CC_0DD053654795,0.07350336015224457
CC_0DD275FB7040,0.28724374771118166
CC_0DD74B3BE342,0.33516027331352233
CC_0DD79233AAB9,0.17726088166236878
CC_0DD7B0AB100B,0.10473572313785554
CC_0DD8CFBA4338,0.21636692881584169
CC_0DDB3A493411,0.18500095009803771
CC_0DDC91491636,0.09685892313718795
CC_0DDEA339D986,0.27905566692352296
CC_0DDF66C54198,0.14051015973091124
CC_0DE1E49C6B02,0.838905680179596
CC_0DE403198D7E,0.2277207225561142
CC_0DE420EE4059,0.5345326721668243
CC_0DE61B4E5E3E,0.11772048473358154
CC_0DE6C33D0688,0.06703616976737976
CC_0DE92ADBD382,0.3128910720348358
CC_0DEF161B987D,0.15650471448898315
CC_0DF19F74AACA,0.07155110090970992
CC_0DF2D47B5C53,0.15911619663238524
CC_0DF8D0A82DBF,0.09191508442163468
CC_0DFDFFCFD7DF,0.03230203203856945
CC_0E0641097EAC,0.3612244248390198
CC_0E066C915A32,0.17073419392108918
CC_0E0C4892CA9B,0.1470208451151848
CC_0E0CB4904497,0.5464235305786133
CC_0E0E208D05E1,0.18487245738506317
CC_0E0FC636F9D6,0.7071274399757386
CC_0E1034FDB7E3,0.06032320261001587
CC_0E12F18E168F,0.03649097383022308
CC_0E14670ECAF2,0.05166259929537773
CC_0E189EDE2DAF,0.19349554777145386
CC_0E189F4644FD,0.41914297342300416
CC_0E1FD5488AFC,0.18354270458221436
CC_0E2459929777,0.28269081115722655
CC_0E26CF39834F,0.4299497246742249
CC_0E27CEF1887F,0.12352272123098373
CC_0E287AA3CB2A,0.47890434265136717
CC_0E29E165CAC8,0.08098031729459762
CC_0E2D267991CB,0.06703616976737976
CC_0E2DF93A8DAD,0.22892034649848939
CC_0E3231B402D1,0.27778666019439696
CC_0E33A63A46D0,0.04309861809015274
CC_0E33BD266FF4,0.0383804626762867
CC_0E361432CA7A,0.10858490318059921
CC_0E3B75F8EC99,0.10294084995985031
CC_0E3BA976485A,0.10971575528383255
CC_0E413006CC6C,0.16248258650302888
CC_0E44D2F85EE7,0.0989956334233284
CC_0E4649A88E12,0.15536752343177795
CC_0E488689C917,0.2945993602275848
CC_0E4E5563FF24,0.39485777020454405
CC_0E4F74BFAEAD,0.10331073999404908
CC_0E50E73AF530,0.15599318146705626
CC_0E5324067983,0.32395229339599607
CC_0E54214DACE6,0.10279613137245178
CC_0E5A7809F249,0.1093795895576477
CC_0E5D0509A578,0.0338245578110218
CC_0E5E55DB918F,0.7407545566558837
CC_0E5E93CB968B,0.804059648513794
CC_0E602DC3249B,0.6715778946876526
CC_0E6186059A38,0.5702621102333069
CC_0E629D90499D,0.1984865754842758
CC_0E64764E4B6A,0.11218368709087372
CC_0E6BFE273031,0.3890484631061554
CC_0E6D43AC71DF,0.3948577642440796
CC_0E6F6F06E4AB,0.1154494047164917
CC_0E711E9BCD9B,0.5990812659263611
CC_0E741DF7DC96,0.05758434012532234
CC_0E776DD7B43B,0.4789043188095093
CC_0E79A2D45113,0.5234135627746582
CC_0E7A70B0BB2A,0.1510428801178932
CC_0E7B2D03DEA9,0.9264285683631897
CC_0E7DFD11FF66,0.7575854539871216
CC_0E83B80326D0,0.1716924399137497
CC_0E8965947C9F,0.17507271766662597
CC_0E899817D54C,0.19400265514850618
CC_0E8B33971801,0.05091301165521145
CC_0E8C18050A48,0.5055097460746765
CC_0E8CBA3DAC04,0.04668424278497696
CC_0E8D11C210BA,0.24368757307529448
CC_0E8E39EB38B7,0.0680606983602047
CC_0E8F14E1BDB5,0.15860466063022613
CC_0E9EE800E2A8,0.1470208451151848
CC_0EA165E99E1F,0.06035732626914978
CC_0EA7EEE84D3E,0.05361656844615936
CC_0EAA3098B0F8,0.11925871521234513
CC_0EAA86178D7A,0.23285349905490876
CC_0EAB4008DCFB,0.06877078115940094
CC_0EB411906A92,0.03554178923368454
CC_0EB6A49B430F,0.15809401869773865
CC_0EB9041C6D54,0.12012294381856918
CC_0EC074CAD82C,0.08538436889648438
CC_0EC473A69B64,0.061297227442264554
CC_0EC95475DD85,0.6257692217826843
CC_0EC9801511E5,0.7125692486763
CC_0ECA83CBEFC9,0.17934015691280364
CC_0ECAD1F99D7A,0.16465601325035095
CC_0ECD7928D657,0.15911619663238524
CC_0ECDAA03D3A7,0.514773428440094
CC_0ECEAD012C8B,0.11143783181905746
CC_0ECEC4E93B5F,0.10611183047294617
CC_0ED2363AA36F,0.07227996960282326
CC_0ED25B3D8855,0.1133955329656601
CC_0EDCCD0C0322,0.23346308171749114
CC_0EE1E5BC99AD,0.15873902291059494
CC_0EE2F5C94FB1,0.15421608686447144
CC_0EE44F53D366,0.6467759728431701
CC_0EE4540E15B4,0.13735612332820893
CC_0EE84C210702,0.09472204744815826
CC_0EE88344008F,0.1538366436958313
CC_0EEB9C2B32DF,0.17507272362709045
CC_0EEDB24A1BF3,0.11143364161252975
CC_0EEF2F19ADED,0.626106595993042
CC_0EF1F4D88A71,0.7503180742263794
CC_0EF34A5B8348,0.0925147920846939
CC_0EF7CAA18394,0.08433957993984223
CC_0F0BAF7599A4,0.288363641500473
CC_0F0C84C71588,0.18583254218101503
CC_0F13AE64FF84,0.0940297469496727
CC_0F1511CD98FF,0.05944435521960258
CC_0F1E37D22F16,0.8649925947189331
CC_0F1F12A77FFE,0.24933741688728334
CC_0F2DED626B8C,0.6627435088157654
CC_0F309D317B0C,0.14346929788589477
CC_0F32A34CCDB3,0.31190677285194396
CC_0F36EAFF4885,0.10832749307155609
CC_0F3741E27F5F,0.061297228932380675
CC_0F3BA7BE6767,0.29999822974205015
CC_0F3C54D473AF,0.19213805496692657
CC_0F3D7DB6B7E9,0.04141266532242298
CC_0F3F69455D55,0.16395237743854524
CC_0F40571D0B12,0.16299412846565248
CC_0F43FC8215BB,0.14785877168178557
CC_0F4A6D3C4D61,0.01564248315989971
CC_0F4E7F16CAD6,0.6060995578765869
CC_0F55FDFF7E25,0.3021470129489899
CC_0F5848A897BC,0.2952053606510162
CC_0F5ABD1FDA86,0.21396344602108003
CC_0F5BF5C1E047,0.24887090623378755
CC_0F5DCF690AD3,0.061297228932380675
CC_0F5EB6571008,0.11391867250204087
CC_0F61968E934A,0.6717522501945495
CC_0F61F1B3501F,0.02262224704027176
CC_0F6391E1FDBC,0.08939027786254883
CC_0F65AE1D8AED,0.603485929965973
CC_0F6AE7057DC7,0.21524891555309295
CC_0F6D991C9997,0.6627434968948365
CC_0F6DF2FF905D,0.14963232725858688
CC_0F6F798A2464,0.13226172626018523
CC_0F71E7FE04AB,0.05356167405843735
CC_0F732E44A375,0.6671680331230163
CC_0F7672C55A48,0.012612180039286613
CC_0F7A93B07205,0.06718269139528274
CC_0F7B5266B8B0,0.17073419094085693
CC_0F7B8097B447,0.048015961050987245
CC_0F7E98267DA6,0.4531131863594055
CC_0F7F89ACE630,0.16344083845615387
CC_0F8169AB6F73,0.03622070215642452
CC_0F81F037D375,0.2883636295795441
CC_0F8564DCF1DF,0.7502598285675048
CC_0F8787AA1B08,0.0582372322678566
CC_0F913F99F7AD,0.08919877111911774
CC_0F91FF62EC15,0.012309148907661438
CC_0F981EC9A94D,0.4576581835746765
CC_0F9B23A705FD,0.0744357168674469
CC_0F9E23AEEEF7,0.09302842915058136
CC_0F9EF2C99968,0.6929444432258606
CC_0F9FE5F37C0C,0.1565047174692154
CC_0FA0FD63CF24,0.07443571537733078
CC_0FA3894DE2B8,0.07463729381561279
CC_0FA66DACA887,0.1624825894832611
CC_0FAE37424BE3,0.1763798326253891
CC_0FB86F055DB1,0.1343424677848816
CC_0FB8B83E7AEE,0.3002718806266785
CC_0FBB2A7CF5F2,0.08635664880275726
CC_0FBF0E20A578,0.1404397189617157
CC_0FC0AD580D04,0.11081772297620773
CC_0FC1319A8AD6,0.1453298732638359
CC_0FC3242E54A0,0.11637943238019943
CC_0FCCFAC989F1,0.4191429793834686
CC_0FD045ACE3D8,0.11484606713056564
CC_0FD435B4EC5C,0.21021242141723634
CC_0FDB175845F9,0.08311062902212143
CC_0FDF62854360,0.10538165271282196
CC_0FE10BAC0B73,0.11727346628904342
CC_0FE2075F746E,0.08098032027482986
CC_0FE4BC723F10,0.1500367909669876
CC_0FE970B33965,0.1790587842464447
CC_0FEB47184B0A,0.2662540107965469
CC_0FED8CF6127C,0.11657144129276276
CC_0FEF87BCCA14,0.17169244289398194
CC_0FF0161E1CDD,0.012612180039286613
CC_0FF3877B8B70,0.1196020245552063
CC_0FF7D5756F91,0.1702226459980011
CC_0FFFA5C0C682,0.291772735118866
CC_100081A7F277,0.11453201472759247
CC_10029DE02707,0.1158730685710907
CC_1003BDBF7FEC,0.6905241847038269
CC_1007FAE95F62,0.06901030242443085
CC_1008996FD3C8,0.7475583553314209
CC_100917681A19,0.20261795073747635
CC_100A35ACC13B,0.07549632489681243
CC_100D2AE97CA2,0.07196785062551499
CC_100D4BAF0483,0.0914489522576332
CC_100E62517901,0.043506241589784625
CC_10104A419F34,0.8205223321914673
CC_1014944EA5FB,0.811304247379303
CC_1018EDCA924C,0.12394638806581497
CC_1019AF686642,0.04944489002227783
CC_101B3A7D956C,0.05823723077774048
CC_101BDB386D15,0.05361656695604324
CC_101DAF4769E3,0.048906779289245604
CC_1022CEBE1BFA,0.08559961169958115
CC_1026676BFD47,0.4679209113121033
CC_102853A835DA,0.20221154391765594
CC_102B3C099A7D,0.09707766622304917
CC_1035B1729274,0.14443085789680482
CC_10379359D1AB,0.17169244289398194
CC_1037D22487E6,0.08647038638591767
CC_1039424A882C,0.14398083984851837
CC_103AF42C5598,0.01918414980173111
CC_103C6EB2098C,0.14912168681621552
CC_1040CACAC440,0.39485777020454405
CC_10431E4E10A5,0.27713524699211123
CC_1044727CDCDA,0.049915038794279096
CC_1046016FB349,0.1559931755065918
CC_1047B3CCE5ED,0.14025879353284837
CC_1048C6108B3E,0.3190479576587677
CC_104ABF72CC03,0.06700009182095527
CC_104E76D32351,0.05050167515873909
CC_104E89A015D5,0.06013630628585816
CC_104F1A213D53,0.1586046576499939
CC_104F86FA1952,0.18617957830429077
CC_105185853173,0.1773941069841385
CC_1053CE118E6B,0.10536382049322128
CC_10555E5FEC27,0.339919912815094
CC_105C285675AF,0.06849848479032516
CC_1062483DC649,0.08073782920837402
CC_106318A8A846,0.10235239416360856
CC_10686536DDAC,0.1239463821053505
CC_106873970361,0.11017524302005768
CC_1069B693BEC6,0.1197305902838707
CC_106AA4AC4358,0.1988695353269577
CC_106E8E197ABE,0.06405787616968155
CC_1070A85FC767,0.16395238041877747
CC_10717F3732AA,0.15860555469989776
CC_10723A2C8F50,0.6658308029174804
CC_10746DFB827A,0.030985884740948676
CC_10778A4BB770,0.1609429657459259
CC_10783ADF6DF4,0.11017523854970931
CC_107CD2128BE2,0.11975099891424179
CC_107EF00F4F27,0.3025895535945892
CC_107F8912BBCA,0.23929673731327056
CC_10820345CAEE,0.22056172490119935
CC_10870D368DB3,0.1940026491880417
CC_10877C879290,0.2359438121318817
CC_108A5D7A07B8,0.258413028717041
CC_108B337BB93B,0.06442317217588425
CC_108DFAAC7E6E,0.3178944557905197
CC_10910E859E0E,0.4300138533115387
CC_1093C3FC63EF,0.16299412846565248
CC_1097C97F4511,0.1818892776966095
CC_109A0305BCBF,0.1538366436958313
CC_10AA87E69C94,0.6925209879875183
CC_10B2FE48BBD3,0.18828392326831817
CC_10B303DA7FDA,0.10155115574598313
CC_10B3363DCAD4,0.10795381516218186
CC_10B6CDF2D293,0.16299412846565248
CC_10BACC5A9EF9,0.16344083845615387
CC_10BEE7D5364D,0.8403907060623169
CC_10C0F72FD4B9,0.46754929423332214
CC_10C678897E54,0.629025012254715
CC_10C6FB037D93,0.0468550406396389
CC_10C962C1C4B4,0.14012925773859025
CC_10CE49B6BCFD,0.7290269017219544
CC_10CFC7F096ED,0.12314853519201278
CC_10D29637F4D4,0.07681012898683548
CC_10D34A725351,0.17600675225257872
CC_10DA2F51764C,0.0480159617960453
CC_10DA753385F5,0.1624825894832611
CC_10DA90441864,0.15695143043994902
CC_10DC316B3CC0,0.07244370579719543
CC_10E068DA07D5,0.18257191479206086
CC_10E24786EA63,0.031166963651776312
CC_10E623997DEB,0.06415891349315643
CC_10E9387C4533,0.0092788465321064
CC_10EB16FF62C3,0.012612180039286613
CC_10EDECEE251C,0.09292745292186737
CC_10EE17AB92B9,0.11925871521234513
CC_10EE85CAACE9,0.14475723654031752
CC_10EEC77FF650,0.1657020002603531
CC_10EFB88FD8DB,0.17637983858585357
CC_10F0DE08F65F,0.13581639230251313
CC_10F20A1AB72A,0.6171600699424744
CC_10F4D219A7A6,0.5099358975887298
CC_10F6A5DB567A,0.2671967506408691
CC_10F7151BB6C7,0.803464412689209
CC_10F7B091682E,0.06769423857331276
CC_10FB7142DE72,0.05569662302732468
CC_10FC06574FEF,0.3223037660121918
CC_10FFB4E22F9C,0.10958622246980668
CC_1100E20E1B1A,0.3501929581165314
CC_11085A799BE5,0.0092788465321064
CC_110C571E2D6D,0.13707315921783447
CC_110C7648F37D,0.1439595639705658
CC_110CC91C7C17,0.11038187742233277
CC_11108F09641B,0.6449457883834839
CC_1111648E5F00,0.1934141308069229
CC_1114D6C2AD96,0.717799186706543
CC_1116469D0EF3,0.2192740857601166
CC_111665F34451,0.06893697455525398
CC_111D9179BF4B,0.06427552476525307
CC_112982BED721,0.17425024807453154
CC_1129FE3DEB19,0.5708647489547729
CC_112B3EE86CE3,0.44212976694107053
CC_112C1B5D75C4,0.11159855723381043
CC_112F543303EC,0.10351640284061432
CC_11305681E8F7,0.11101416647434234
CC_1132B3469581,0.23496768474578858
CC_11342B2C8367,0.1716924339532852
CC_11384E1721D7,0.06970561146736146
CC_113A3A8A4742,0.06136317402124405
CC_113DAD07E5C9,0.1538366436958313
CC_113FC578F9FB,0.32153183221817017
CC_11426C485A60,0.14910159707069398
CC_1142867C5D53,0.27326821386814115
CC_114743636E5D,0.08588124662637711
CC_114CA6C3CFDB,0.5918699204921722
CC_1151078C2D32,0.09049421399831772
CC_1156D9CA1622,0.08501021414995194
CC_1158A81A43BB,0.025652549415826797
CC_115A90AE7B37,0.22373701632022858
CC_115B00DA4D5C,0.10510507971048355
CC_115D7E7CED9E,0.17637983858585357
CC_115E875F5C72,0.14699957221746446
CC_11617B024620,0.1739095091819763
CC_116195EC8F24,0.12148909121751786
CC_11650E5FE77B,0.07701009064912796
CC_11685D26513F,0.2196951240301132
CC_116BFC278A9B,0.2668164759874344
CC_116F967E12AF,0.16299412846565248
CC_116FECD7E22A,0.1412340521812439
CC_11713ADEABBA,0.16395237743854524
CC_11736D48F937,0.34073975682258606
CC_1173E020C852,0.09213015884160995
CC_117A8F9929DF,0.08170689344406128
CC_117C29938792,0.10294084697961807
CC_117D3D290B79,0.1775962233543396
CC_117F3F52B39A,0.015850815922021866
CC_1180397E0E18,0.06129723116755485
CC_118050B0E065,0.09787332266569138
CC_1182A06FA1BA,0.21021241545677186
CC_11875A6E255A,0.14055292308330536
CC_11893F0796ED,0.3763377726078033
CC_118BE5AC1B43,0.10293874889612198
CC_118E88555B8A,0.27796936929225924
CC_118F4FC75A19,0.07346774786710739
CC_119376BC9A9E,0.5842712461948395
CC_11956D689FC2,0.0631145991384983
CC_1196148C1D73,0.16798712611198424
CC_119EAE00EF2A,0.3119067847728729
CC_11A39FF989D7,0.24933741092681885
CC_11A3E88ED77C,0.14068245887756348
CC_11AC14665983,0.13635754138231276
CC_11AD537B1395,0.3991380751132965
CC_11B1563A0E4B,0.06898955553770066
CC_11B566C845BA,0.04487471729516983
CC_11B587E74D04,0.14715038239955902
CC_11B62136784C,0.6262544751167297
CC_11B67B9E0E1D,0.07899127751588822
CC_11B6DBA925AA,0.10251508355140686
CC_11B756BD22FB,0.1928410768508911
CC_11BCB5B80913,0.052636624127626416
CC_11BD95F85975,0.39272619783878326
CC_11BF763F3B0E,0.15047025084495544
CC_11C4A2835B57,0.39485777020454405
CC_11C777226D0A,0.17169243693351746
CC_11D633D1CDAB,0.112176214158535
CC_11D746332A26,0.05610228180885315
CC_11E18534C974,0.11742635816335678
CC_11E246399D5F,0.11693926006555558
CC_11E34823C9F8,0.6467759490013123
CC_11E76951B985,0.1799866884946823
CC_11E94D80A4EE,0.13781151324510574
CC_11EA9439D5B8,0.12159841656684875
CC_11EBB8736BFB,0.04801596030592918
CC_11ED6D692C8A,0.14119399935007096
CC_11EEECA3D87C,0.8218469738960266
CC_11F31F9E8B79,0.09202506989240647
CC_11F349E0D151,0.10724384784698486
CC_11F3B5F1D300,0.18243906199932097
CC_11F6606CED0C,0.07428919672966003
CC_11F874D15716,0.16344083845615387
CC_120369D4254E,0.5345326781272888
CC_12056E853D4A,0.14944807291030884
CC_1205729AFEA6,0.061297228932380675
CC_120F437F7603,0.7525775074958801
CC_121308C8B6E8,0.6665128946304322
CC_121AF61C6254,0.17609486877918243
CC_121C58E71A4F,0.49255104660987853
CC_122002B97F8C,0.13133949935436248
CC_12205D623AFE,0.0480159617960453
CC_1220D4E9D2A8,0.25076310336589813
CC_122D7F1E7A0B,0.13409494012594222
CC_122EE6F45AB1,0.0640578769147396
CC_1232690EDC2B,0.08975736051797867
CC_1232CD309A3E,0.3704096138477325
CC_12428B8ADEA9,0.1918360948562622
CC_1244F454247D,0.7110424399375915
CC_12466842C70F,0.03306567892432213
CC_1247E3165538,0.06143556460738182
CC_124D9DACBBEE,0.10331074148416519
CC_12511165D91F,0.028016397356987
CC_1252858E5DA1,0.5906734108924866
CC_1255D71CBDFF,0.11428616940975189
CC_1256916531CF,0.7214066743850708
CC_125A4D844394,0.7385900378227234
CC_12610AFE4FA7,0.7110424399375915
CC_1264E5CD53E7,0.07138310074806213
CC_12687DB85C14,0.18650230169296264
CC_1268973B9017,0.07900210171937942
CC_1270B9E11834,0.040776608511805534
CC_1270E1D67FC5,0.1283837929368019
CC_12715BC831A4,0.07593866437673569
CC_1271E0364B61,0.15860465466976165
CC_127279DF6A35,0.06129722818732262
CC_1274A35EEFBD,0.1253701388835907
CC_12781F7D9AEB,0.15809401571750642
CC_127A8C424DB8,0.14346930086612703
CC_127CE04CCE3D,0.1565047174692154
CC_127D0788207E,0.09406943023204803
CC_127D415D0FC8,0.16299412846565248
CC_127DFFD19DD7,0.17234691083431244
CC_128244D9A3C5,0.1565047174692154
CC_1283AE10D435,0.03098588399589062
CC_128774FECE36,0.1565047174692154
CC_1287CB57208C,0.17370173931121827
CC_1287D6DD3C07,0.49107364416122434
CC_128833947423,0.07793067395687103
CC_1289226479CE,0.061297227442264554
CC_128CF93C9C68,0.1893152505159378
CC_12943C53232F,0.17572719156742095
CC_12965C9ED919,0.16299412846565248
CC_1296EDF7E640,0.6445462703704834
CC_129D5C1B8D00,0.12135956138372421
CC_129E3A93629A,0.6302115082740783
CC_129F54504300,0.5500345587730407
CC_12A50A8F43AF,0.1586046576499939
CC_12A5AF2B6339,0.3568799912929535
CC_12A5D5DA2E0A,0.1725860983133316
CC_12A73B68BA7C,0.49334043860435484
CC_12A80518CC67,0.3439482718706131
CC_12B01E3481FA,0.2743086159229279
CC_12B0AEFB0C2C,0.1806941419839859
CC_12B1A3E121EA,0.04539727047085762
CC_12B20570313B,0.838905668258667
CC_12B2BC605A25,0.4910736382007599
CC_12BE1DCB9554,0.15911619663238524
CC_12C002DDF720,0.20999870002269744
CC_12C17EF761BB,0.6269171953201294
CC_12C2A91FD2D1,0.08644497245550156
CC_12C2C5FE15BE,0.1307406932115555
CC_12C61A3F8534,0.16086940467357635
CC_12C80DB6166F,0.10958622097969055
CC_12C942C94AC0,0.06592955812811852
CC_12CAB82FA647,0.06405787542462349
CC_12CE2F6B1871,0.08196229189634323
CC_12D91445C5CF,0.0676027238368988
CC_12DA7D6CD638,0.1639523833990097
CC_12DB887B1F54,0.15774171203374862
CC_12E0FFE7E6D5,0.16395238041877747
CC_12E17FAA02C4,0.1536397933959961
CC_12E8A3241009,0.06587106212973595
CC_12E8CF471D17,0.0428283479064703
CC_12EB7E2FBE9D,0.0614355631172657
CC_12EC6B16E8F2,0.01686505302786827
CC_12EDF0A21D8E,0.06572454124689102
CC_12F116D289A4,0.2921034932136536
CC_12F2CC049F32,0.147919861972332
CC_12F4AE0E9C50,0.6449458003044128
CC_12F529212274,0.24368757307529448
CC_12F6665B65F1,0.14557014107704164
CC_1306F26C1E92,0.12669281661510468
CC_130ACAA6CFAF,0.04566754028201103
CC_130B2BD31FC1,0.18149217665195466
CC_131266D3775F,0.4910736560821533
CC_1312A13B15FD,0.12431837618350983
CC_1314B3485367,0.3105395078659058
CC_131508558E61,0.10251508504152299
CC_131CFDDBAFCE,0.7125692129135132
CC_131FE9729ADE,0.405841201543808
CC_13203D8A8B9E,0.07211437076330185
CC_1323E7388B53,0.08006270676851272
CC_1329A0DFF23A,0.16395237743854524
CC_132D35DE5699,0.14327245056629181
CC_132E60475D9A,0.15911619663238524
CC_132F1B80D22D,0.10841565579175949
CC_13323D6309AF,0.2569594085216522
CC_1339B797EB61,0.47890435457229613
CC_1349052D783F,0.3126787066459656
CC_13490D73C7D6,0.41018564701080323
CC_134E2266BE61,0.08859462291002274
CC_1351CCA7B3C3,0.870427405834198
CC_13582EFD415C,0.06864500641822815
CC_135FA476E402,0.07919334471225739
CC_1360E6854F33,0.16248259246349334
CC_1362294CF6C2,0.15340318530797958
CC_1362B0C744AD,0.14174459129571915
CC_13639EE08ADC,0.17580550909042358
CC_1363CE9F012A,0.08095628023147583
CC_1365D5C6BBC2,0.10862229019403458
CC_13672D0FEDCB,0.14327245056629181
CC_1368F2EFC516,0.1990539014339447
CC_136EA5846EBA,0.0909505918622017
CC_1371E1F3C127,0.2694189608097076
CC_1373183E52FD,0.04104687795042992
CC_13754504B728,0.07463729381561279
CC_13768F948D43,0.17572719752788543
CC_1377262C6C5C,0.0790597066283226
CC_137B9E0E74CE,0.1499587118625641
CC_137EE4A71B80,0.10294084697961807
CC_1382A84A8162,0.7256489157676697
CC_13889971A045,0.9722326397895813
CC_1388E4F9D0F1,0.1204665556550026
CC_1388F4F71DA7,0.6627435088157654
CC_138E19A68D8B,0.023740053921937943
CC_1396C173D41F,0.5460334360599518
CC_139D70292D7B,0.6280389428138733
CC_139D9A4C7B60,0.5845099925994873
CC_139DB7344BD3,0.1707341879606247
CC_13A2B5541686,0.2059433490037918
CC_13A4FC3A1BC9,0.037905634939670564
CC_13A5730F1FAF,0.11176002472639084
CC_13A652B263D1,0.19757124185562133
CC_13A9ED13054C,0.38670220971107483
CC_13AD9FFBBDC0,0.07123658061027527
CC_13B035D9735D,0.015642482414841653
CC_13B78E6E812C,0.10251508802175521
CC_13BC2D4470A1,0.7026935338973999
CC_13BDD928BC6E,0.7786934971809387
CC_13C154345998,0.04077660776674748
CC_13C1F8475C75,0.18069414794445038
CC_13C26CDBE995,0.3689984381198883
CC_13C8941C4E63,0.15599318146705626
CC_13C8AFAA4A96,0.10937958657741546
CC_13CE9A805D47,0.055696622282266614
CC_13D0D0DC25B5,0.11780768930912018
CC_13D12AE5DB5E,0.1532812625169754
CC_13D2775BDB99,0.24962180554866792
CC_13D7C5892F43,0.10255247205495835
CC_13D8BB2898FB,0.15599317848682404
CC_13DCDFBFE04E,0.06420439258217811
CC_13DE4D663ACA,0.16344083547592164
CC_13E0F544FAF0,0.10901066511869431
CC_13E4E11494E5,0.12899802178144454
CC_13EB4754455B,0.4736766040325165
CC_13ED60374680,0.14587605148553848
CC_13EFA2436E63,0.402606463432312
CC_13F63D985F02,0.15211524665355683
CC_13F7224F4CEB,0.2219284474849701
CC_13F8DDA68CD5,0.26649305820465086
CC_13FEEEF4DAA6,0.1154494047164917
CC_1401806D83D1,0.24245995581150054
CC_14022C179F26,0.1682666838169098
CC_140B15320D67,0.14333460330963135
CC_141097D43B35,0.15599318146705626
CC_1412756641C8,0.3992022156715393
CC_141585DB9F70,0.7620827913284302
CC_1415DAB3C546,0.15599317848682404
CC_1416B83F6B99,0.6091025590896606
CC_1417216500BC,0.1843464732170105
CC_141A459F9317,0.06456969305872917
CC_1420051AE277,0.1833882212638855
CC_1420350408A3,0.11745290011167527
CC_1422E8298DE7,0.051662597060203555
CC_14242BB4F55A,0.05569662302732468
CC_142C1401740E,0.7926742911338807
CC_142F4D1DA8D3,0.029434821382164956
CC_14347FAD2689,0.054507384449243544
CC_1435A595A0D3,0.1025150865316391
CC_143DC870051D,0.30561822056770327
CC_144534D93E78,0.09302373230457306
CC_1445D677285E,0.23599230051040648
CC_144912C7C6F4,0.06250435188412666
CC_144BF264798F,0.06703616976737976
CC_144E0287B718,0.07883883938193322
CC_1454C69E791C,0.6970412731170654
CC_14565288B492,0.10155115574598313
CC_1459762CD70A,0.06427552402019501
CC_1462F5234349,0.34887601137161256
CC_1463EDA0CFFA,0.4938782393932343
CC_14677C665BD0,0.6449458003044128
CC_146A389558CD,0.20529766380786896
CC_146BFA2F4585,0.09482540190219879
CC_147074821F17,0.6257692337036133
CC_1471280F70B3,0.08207423239946365
CC_14751CEA4835,0.13630436658859252
CC_1476BC39D82A,0.6449458122253418
CC_147A332651EB,0.0904942125082016
CC_147B57C690A9,0.6740859031677247
CC_147CBF290A91,0.06405787542462349
CC_147D3C36E9D0,0.6171943426132203
CC_147D9B212108,0.24949367940425873
CC_147E377E6BA3,0.11763718128204345
CC_14829AC11350,0.1716924399137497
CC_14850509C4F7,0.17004052996635438
CC_1487D79B3F82,0.14055292308330536
CC_1487F0190ED6,0.9464285731315613
CC_148D548BFEF7,0.46792089343070986
CC_148E40D39EE6,0.195747572183609
CC_1499FDF273A7,0.6841720700263977
CC_149A11DD6D72,0.18689692616462708
CC_14A06E4E3D8C,0.055696622282266614
CC_14A0A51DC0EC,0.7413497924804687
CC_14A8CB0B5A31,0.019184149615466595
CC_14AC19F9E8B2,0.1036367729306221
CC_14ACD1E04CC1,0.11898221373558045
CC_14B002192A41,0.11666872650384903
CC_14B4E27629CF,0.10603776723146438
CC_14B5941FECCE,0.5266521811485291
CC_14B6298EE82C,0.6619498610496521
CC_14BAE258FEDA,0.1475447714328766
CC_14BBA8E1F11A,0.17934016287326812
CC_14C3CD655EA0,0.06442317292094231
CC_14CE4334D7FC,0.06405787467956543
CC_14D08D92E371,0.7614875555038452
CC_14D0C705400A,0.10247007459402084
CC_14D3D57AD202,0.20748649835586547
CC_14D3FCD54488,0.04487471878528595
CC_14D7F72FF09D,0.052636624127626416
CC_14D8672C7CC0,0.3610957384109497
CC_14D8C5D0A6D8,0.21866291761398315
CC_14D96BD951F5,0.1371609702706337
CC_14DA8C11FB78,0.18190118968486785
CC_14DB5E1D5D98,0.16299412846565248
CC_14DE7F88ECAF,0.07990036904811859
CC_14E431C022FD,0.13464593440294265
CC_14E7E49CC35A,0.07768990844488144
CC_14E85757A426,0.17169243693351746
CC_14EF468C06C3,0.08650316894054413
CC_14EFE9D0C622,0.11445972621440888
CC_14F22277282F,0.1911896973848343
CC_14F29C1B9779,0.4268916606903076
CC_14F512210907,0.1778625577688217
CC_14F7ACE7E71D,0.3105395019054413
CC_14FB2847E872,0.08196229189634323
CC_15007A1B3A1A,0.7154763579368592
CC_15016E7FD79F,0.0468550406396389
CC_1502C603324E,0.23978933990001677
CC_150424BF434D,0.7620827794075012
CC_1506C4D0C747,0.7790727257728577
CC_150C0908EB8E,0.16344084441661835
CC_150FAFDD26C4,0.14854609072208405
CC_151026A162CE,0.1400357723236084
CC_151548F8F763,0.4265864729881287
CC_15176B7815C1,0.2883636295795441
CC_151775FDF291,0.24654546082019807
CC_151A78EEF961,0.16299412548542022
CC_151AC62644C3,0.04685503989458084
CC_151C16AF3C96,0.11122700572013855
CC_151CA4926266,0.2045784115791321
CC_151D07B5EDE8,0.49107365012168885
CC_151F6E1E39C3,0.29521459341049194
CC_1520082E455C,0.10431206077337266
CC_152146058F38,0.41914296746253965
CC_1522AE9A3E33,0.11231118440628052
CC_1522C1B38538,0.11080554127693176
CC_1526162B55A3,0.15599318146705626
CC_15278769C09F,0.45311321020126344
CC_152974F7ED65,0.6282791495323181
CC_1529AC92CD6C,0.1538366436958313
CC_152EC65D1DBB,0.0348889846354723
CC_152EFA9A4CAC,0.1457552954554558
CC_1531143487F1,0.13247960507869722
CC_153834C5943B,0.16131342947483063
CC_153C5D731C7B,0.09286573827266693
CC_153F7361C1E0,0.1559931755065918
CC_1542920474DB,0.14984973669052123
CC_15438BF49BA7,0.1363043636083603
CC_1543BE8D6EF5,0.19400265514850618
CC_154898BDEB60,0.20241864919662475
CC_1548ED76DBB2,0.14378398656845093
CC_1548EF860FF0,0.6835343837738037
CC_1550EE71A55F,0.7525775074958801
CC_15537B4D12AA,0.09044763445854187
CC_15561A29CCCB,0.1707341879606247
CC_1556666B27B5,0.17660641074180602
CC_155925E2776D,0.12394638359546661
CC_155A8DDCE91C,0.08098032027482986
CC_155C3C6B2949,0.17572718858718872
CC_1562BB97E9B6,0.11117489784955978
CC_1563E7920FC8,0.0904942125082016
CC_15679FD6E2D2,0.13921187072992325
CC_156B962B815F,0.20281971693038942
CC_156BFC146C98,0.222749662399292
CC_156CF041C682,0.49215949177742
CC_156D0EBC4750,0.12485170662403107
CC_156DD30B9AB8,0.1320559412240982
CC_156FF50F12F4,0.7177991747856141
CC_15714FEB088F,0.15391472429037095
CC_1574DB115364,0.16395238041877747
CC_157A5AB6B67A,0.17309763729572297
CC_157ABC115170,0.009278846159577369
CC_157C8355EF5A,0.05006770342588425
CC_1580C832AD5A,0.07684775441884995
CC_158A7CC33DD5,0.15809401869773865
CC_1590AF97B4C7,0.21021241843700408
CC_15955B163C7E,0.49107365012168885
CC_1595C8001237,0.14715038239955902
CC_15978ABF0064,0.18890538215637206
CC_159B256C9632,0.11448547393083572
CC_159C2100C079,0.07123658210039138
CC_159F3BB12556,0.13928413540124893
CC_159FEC6E9B52,0.07256948128342629
CC_15A2F13E1F6D,0.06405787393450738
CC_15A383641088,0.34960598945617677
CC_15A990EAFE5D,0.37694084644317627
CC_15AE6CF9C351,0.03954138606786728
CC_15B18D3B3B4D,0.2977263510227203
CC_15B57ED3BEE3,0.29210349917411804
CC_15B74980B515,0.7585111260414124
CC_15B88C943A8C,0.03762158267199993
CC_15B9064AFD6A,0.38638619184494016
CC_15BBDCBB06F7,0.03125615399330854
CC_15C4930BFA0E,0.14734722673892975
CC_15C5F9BFCDBC,0.29790982902050017
CC_15C6EF06434B,0.6125398397445678
CC_15CED8BC2EC6,0.05539727061986923
CC_15D28590F6DC,0.06954187303781509
CC_15D56088FE34,0.17177022695541383
CC_15DC830D1BAF,0.6411839962005615
CC_15DD51F56CE5,0.6986804008483887
CC_15DD9B2288C8,0.09049421101808548
CC_15DFB9D1F27B,0.3595096230506897
CC_15E02F6AEF72,0.17138866782188417
CC_15E27BAC9F28,0.05166259855031967
CC_15E7DF8A0519,0.12431837618350983
CC_15E8B0F0AE60,0.06129722967743874
CC_15E8B982652E,0.07624023407697678
CC_15ED44B4C328,0.1565047174692154
CC_15F0CE165958,0.2539776086807251
CC_15F3E1E0A6D9,0.15055545270442963
CC_15F418CB6955,0.03020845539867878
CC_15FE430AF0D1,0.03554178848862648
CC_15FF11F7AA40,0.10610639601945877
CC_15FFF6757B46,0.10145412534475326
CC_160B069E5047,0.05576256662607193
CC_160E4C878E81,0.5183421969413757
CC_16118DE3526B,0.5183421969413757
CC_1612DAD460E5,0.040776607021689414
CC_1613E877E51E,0.06405787467956543
CC_1615244464D6,0.11962886154651642
CC_1615A0A4206C,0.6804713010787964
CC_1616918FFBF7,0.17118090391159058
CC_161B61D9A8D1,0.0886440172791481
CC_161BF844E46A,0.1634408414363861
CC_161CDECFA357,0.2945993602275848
CC_161E3D2ECC63,0.2059851586818695
CC_161EA775B8AC,0.16592104732990265
CC_1629A8033CF9,0.14346930086612703
CC_162B17FB0E07,0.1569514274597168
CC_16305E0E4E62,0.056676565855741504
CC_1637777CE5C6,0.14734723269939423
CC_1637AA0DAA12,0.06129722967743874
CC_1637FAA1FD97,0.05356167256832123
CC_16426E1A4078,0.11587676107883453
CC_164399F0E6C0,0.16299412846565248
CC_16488A381066,0.30739095211029055
CC_164A13328A5C,0.21132246851921083
CC_164C2FDF8391,0.059162282198667523
CC_1650498982DC,0.01615384705364704
CC_1652ED284352,0.15262678563594817
CC_16571F4052B1,0.06250435411930085
CC_1658D801415A,0.041046877205371854
CC_16600AD4CB52,0.605125093460083
CC_16621DFA9568,0.06718268841505051
CC_166697EC438F,0.052636624127626416
CC_1668051F67DC,0.6968801736831665
CC_1668409D7EB1,0.6491895318031311
CC_166B3E7C1B61,0.08554670214653015
CC_166BAAB25341,0.09161397814750671
CC_16712B3316AD,0.42882800102233887
CC_16715B87F99C,0.4299150586128235
CC_16716795A691,0.13775508403778075
CC_1672E5B9D1D9,0.080960975587368
CC_1674599D2CDC,0.1757271945476532
CC_1675F640D31C,0.5345326781272888
CC_1677D6743C94,0.29177272915840147
CC_167A9988C803,0.1637009710073471
CC_167D0F70AF34,0.13516509234905244
CC_167EDACA88E2,0.11975100189447403
CC_1681A81C49DF,0.027892569825053216
CC_168669FF70CA,0.14279839694499968
CC_16879F9E7577,0.5626816868782043
CC_168C0B1EDD54,0.756090772151947
CC_168E8E929122,0.03257230147719383
CC_16903B2A7327,0.07684775590896606
CC_16945F6B0DD8,0.10991260558366775
CC_169C393BF5F1,0.2945993602275848
CC_169E77C2D6F8,0.13335217535495758
CC_16A13240E770,0.189867827296257
CC_16A4E6932E51,0.017927363514900208
CC_16A71E8A209B,0.07020281627774239
CC_16A97074835A,0.3595096170902252
CC_16A9BFCB0FD1,0.1266164243221283
CC_16AE73AC0CED,0.10167442262172699
CC_16AE75C645CB,0.17572719752788543
CC_16B3D5B5304B,0.6992777585983276
CC_16B4487FD23D,0.2913574755191803
CC_16B6A1324929,0.1314367890357971
CC_16B6A4A64D64,0.08090168833732606
CC_16BA251991EE,0.09406943023204803
CC_16C846BE0FB2,0.17234691679477693
CC_16C92F157693,0.36920220851898194
CC_16CA98BAA411,0.2358948051929474
CC_16D50D57A9A2,0.12054954469203949
CC_16DBC067D9A3,0.0640578731894493
CC_16DD0156D0DB,0.39129704236984253
CC_16DEA29018BE,0.21432904601097108
CC_16E8830C06B4,0.0744357168674469
CC_16E8AA38B55A,0.039199139922857285
CC_16F17920E91A,0.2653606772422791
CC_16F2A616CA13,0.1629941314458847
CC_16F2E2FDFD77,0.14734723269939423
CC_16F34609DD14,0.11930032223463058
CC_16F373E7DD08,0.24078768789768218
CC_16F75EAC0DFC,0.12474204301834106
CC_16FC9E95423C,0.06427552327513694
CC_16FEAFCD937A,0.10351640284061432
CC_16FFB848B32B,0.31012499034404756
CC_1700C32A7A71,0.15211524665355683
CC_1701B3768C4F,0.09596901834011078
CC_1702960426E4,0.36300897002220156
CC_17084C1F9450,0.17169243693351746
CC_170AAE7B0964,0.06099787726998329
CC_170B12EDEA5D,0.0742891937494278
CC_170B3E6A63CC,0.11908928602933884
CC_170CA7D6D22D,0.16344083845615387
CC_170E62C934B8,0.5690296947956085
CC_1714A53E4B27,0.22995949983596803
CC_171943C79BA5,0.11410834938287735
CC_171D8C127A68,0.07226062268018722
CC_171F24AB882E,0.041046877205371854
CC_1720643734EE,0.29999822974205015
CC_17225B628BF3,0.6671680331230163
CC_172268748503,0.03098588455468416
CC_172BD8D3996C,0.10824516713619232
CC_172C79E2FE2E,0.11088589876890183
CC_1732E70F51F5,0.12052721679210662
CC_17398721FD38,0.19241415858268737
CC_173CC91B0920,0.10044013112783431
CC_173F3E334571,0.3873583137989044
CC_173FBD78A496,0.15599317848682404
CC_17442FDB4BF7,0.14284878671169282
CC_174607B3E574,0.11038187891244888
CC_17472F25E6BE,0.196480455994606
CC_174EA3C65446,0.14848650693893434
CC_174FDDA25C07,0.5855074167251587
CC_1751F7D37BD5,0.11101416349411011
CC_1752A6FFD1C7,0.09049420952796935
CC_175460F3F958,0.19400265514850618
CC_1758E4F1B83C,0.18064116239547728
CC_1759E0F52C2C,0.1264097884297371
CC_175C442C6150,0.6246680974960327
CC_175F7A7F5C05,0.16344083845615387
CC_175F87337E0B,0.6226625323295594
CC_17611CF75A28,0.052284848690032956
CC_17615FB22D2A,0.1225501537322998
CC_1766F68CFEB9,0.10161681771278382
CC_176751E56776,0.30326602458953855
CC_1767B3BC9B6A,0.17703430950641633
CC_176C28F3FC1D,0.06886378228664398
CC_176DB922413F,0.13343737423419952
CC_1774D9FBCA20,0.04104687795042992
CC_177BBFF9D568,0.04504549615085125
CC_177FB293E183,0.1559931755065918
CC_177FDCD0B0EB,0.5345326662063599
CC_1784BB8B5843,0.15911619365215302
CC_178BF0F4F29C,0.14422765672206878
CC_178E0B4A32EF,0.18464047312736512
CC_178E97E4D5B4,0.06831291988492012
CC_1793D25D8F71,0.5517889499664307
CC_1796BEA43437,0.20147865414619445
CC_1798D1ECC7E9,0.15746296644210817
CC_1798E955180D,0.06849848628044128
CC_179AA6EC2562,0.08196229338645936
CC_179F891C72A6,0.5909256219863892
CC_17A19462CD3E,0.06379357650876046
CC_17A46A7E9934,0.24817149639129638
CC_17A843953F03,0.1345895379781723
CC_17ACFA78B05E,0.16299412548542022
CC_17AF4E63AE74,0.1540217950940132
CC_17B3327F2916,0.11100460290908813
CC_17B4A73BE8B4,0.012309148907661438
CC_17B89D26AF52,0.12838379591703414
CC_17BAA7D40E29,0.5183422029018402
CC_17BBBC11D013,0.1363043636083603
CC_17BEEAE61730,0.06032320335507393
CC_17BF75201B0D,0.19724892675876618
CC_17C7BCC5D5CD,0.06800309494137764
CC_17C8FEAFF008,0.09676467776298522
CC_17CFE9DAFD88,0.17169244289398194
CC_17D38C9F9B68,0.07865329831838608
CC_17D668E10629,0.05450738519430161
CC_17DA3B3F1CDE,0.0657245434820652
CC_17E01AA535AA,0.05845727026462555
CC_17E219996E37,0.34792805910110475
CC_17E5F0C86591,0.36335126757621766
CC_17E600262194,0.5925921738147736
CC_17E640DBDCD1,0.06032320261001587
CC_17E70DE5F836,0.1254996746778488
CC_17EA4CC14991,0.01303030364215374
CC_17EB4BD92215,0.11178461909294128
CC_17ECFD71BD5E,0.05823723077774048
CC_17F5637F898F,0.14483366459608077
CC_17F93BAEF85F,0.18399095237255098
CC_17FDB57898C0,0.04539727009832859
CC_18011AF40048,0.01615384630858898
CC_1801B6575637,0.16344083845615387
CC_18039BFAD7A0,0.14702084958553313
CC_180CA9E5A190,0.7986724495887756
CC_180DFC2D308A,0.09049421101808548
CC_180E7DFBCD07,0.838905644416809
CC_1812D35B9ECF,0.07448716908693313
CC_1813AFB87DD6,0.1770343154668808
CC_181586F907D3,0.20306432545185088
CC_181678E15F5E,0.11122700721025466
CC_18171AE068A9,0.15262678563594817
CC_1818710412D6,0.10724385231733322
CC_1819C03F5E8F,0.11198683530092239
CC_1819E7B2CDCF,0.06879045888781547
CC_181A8F7944E4,0.4531131863594055
CC_181F8E1AC131,0.14327245056629181
CC_182169DF8906,0.15809402167797088
CC_1821C81ECDB8,0.2905855417251587
CC_182995DFDD2A,0.1033107429742813
CC_182CFC8D3BF4,0.11038187593221664
CC_1835A8F76E6C,0.17666122317314148
CC_1839CBB99C84,0.08012031018733978
CC_183C6E7032A6,0.11080554127693176
CC_183D79E943D0,0.07007090747356415
CC_18419F2103AD,0.07768990993499755
CC_1844630EFED5,0.147919861972332
CC_184943D35901,0.45528610944747927
CC_1849FC26DA7D,0.17073419094085693
CC_184DEF204BC7,0.25598652958869933
CC_185284EDB3A2,0.16666025221347808
CC_185513F1CD1D,0.06308384984731674
CC_1855A8EBFAA4,0.2763080716133118
CC_18577D824B22,0.08187858760356903
CC_185B8665ACB6,0.1431429162621498
CC_185D3BF329A9,0.11729682236909866
CC_18603F631913,0.4421297609806061
CC_186043FAE562,0.08006270676851272
CC_18643033753F,0.15262678563594817
CC_1864553AEC84,0.18922810554504393
CC_1864B7C28F43,0.6066895961761475
CC_1865A113CA23,0.03047872558236122
CC_186AE12E3511,0.2350677490234375
CC_186B2F4802CE,0.1986684024333954
CC_1872AA689A6B,0.8206703543663025
CC_187689226839,0.08096097707748413
CC_187E4BF5011A,0.3873583137989044
CC_187F2C5850B5,0.08006270825862885
CC_188173AAC13F,0.5460334539413452
CC_18838D77BBF0,0.12301759421825409
CC_1889834DC58E,0.1754215896129608
CC_188A4A45D422,0.07626400738954545
CC_188C09EF5644,0.21156017184257508
CC_1896E7EDF7B4,0.05472259446978569
CC_1898F4055E7E,0.06405787542462349
CC_189924959EF2,0.14346930086612703
CC_189BD765FCF0,0.16176186501979828
CC_189F55C46D4F,0.23762124478816987
CC_18A01001B2CF,0.15047025084495544
CC_18A674FFA1A5,0.782061755657196
CC_18A8134AA438,0.05726320445537567
CC_18B37DBC8B21,0.05707630813121796
CC_18B7341C8C38,0.20149490237236023
CC_18B9A2844B0B,0.8219156980514526
CC_18BB2CA33A88,0.11197509467601777
CC_18C2A0FF06AD,0.14571927189826966
CC_18C562BF7AD8,0.043429743498563766
CC_18C75530CAB7,0.10971575379371643
CC_18C7E27F15FB,0.043506241589784625
CC_18C9329187F9,0.061297227442264554
CC_18CDA652DCEF,0.20110377073287963
CC_18CF39CD51AC,0.16261303722858428
CC_18CFE9E3FE4F,0.16395237743854524
CC_18D7BF6DAD87,0.0874462902545929
CC_18D94C67BB11,0.11977787166833878
CC_18DF58701249,0.20496054589748383
CC_18DF6410F3AB,0.32866976857185365
CC_18DF69A4E7BE,0.327319347858429
CC_18DF6B69A23F,0.13907752335071563
CC_18E19182734B,0.11143363863229752
CC_18E6ADDC179B,0.10145412534475326
CC_18E9B8D4C5E7,0.417844557762146
CC_18EB14ECD2F2,0.6539184808731079
CC_18EF14803233,0.2708995223045349
CC_18EF36E2DD0C,0.43012641072273256
CC_18F15E43D49B,0.6110349297523499
CC_18F226839EB6,0.6091025590896606
CC_18F25AE727FC,0.16248258650302888
CC_18F2B020DA16,0.08006270676851272
CC_18F7496F38AD,0.5065955877304077
CC_18FA9E29C921,0.6710923910140991
CC_18FABCD53DDA,0.12796013355255126
CC_18FABCED87CA,0.0799003705382347
CC_190031EE9CCD,0.16395237743854524
CC_1901AA2EF4F4,0.45311319231987
CC_190566FDAF17,0.4542990744113922
CC_190860AE04F3,0.1536397933959961
CC_19095A8EAE17,0.20667623579502106
CC_1909C3BA4229,0.035812058672308925
CC_190C25E2B3F0,0.6738402724266053
CC_190C74F4D22F,0.27533518671989443
CC_190EC23791F6,0.11292626410722732
CC_191400E8008A,0.04664748609066009
CC_191A151BD37C,0.12653637677431107
CC_191C506C298E,0.051662597060203555
CC_191D1A6B3186,0.1702226519584656
CC_19210DCEF0F2,0.05667656809091568
CC_19222E2C0DB4,0.47890433073043825
CC_1922D82CDFF6,0.21859738528728484
CC_192676D72F5C,0.6619498610496521
CC_19278A207D06,0.15746296644210817
CC_192F132AB91B,0.24783309400081635
CC_1930E300C998,0.419044154882431
CC_1931B56981D1,0.17169244289398194
CC_1934936E7CEA,0.05050167515873909
CC_193BEEE99DA1,0.6265628695487976
CC_19424EEF1091,0.12780809700489043
CC_1945DF9D2FD4,0.5746723771095276
CC_19473D276C90,0.6896138548851013
CC_19479222395F,0.37041814923286437
CC_194959924052,0.03439739756286144
CC_194CBA473775,0.7784774899482727
CC_19509891A8FE,0.21893282234668732
CC_1952C6D8A589,0.2124883770942688
CC_1957B79D84BB,0.7007951498031616
CC_195C743A58E5,0.32994701266288756
CC_195DC0EFA4A2,0.07007090896368026
CC_195DDC1EEFA7,0.3024941086769104
CC_19621EA1596E,0.12579380124807357
CC_19628798B10D,0.1629941314458847
CC_196446663E5A,0.4191429615020752
CC_1964F541E7E6,0.41746469140052794
CC_1965B62D7973,0.08717656433582306
CC_196D47CFCF9D,0.3404173791408539
CC_196E25BA62DF,0.16614871025085448
CC_196EEEEE1126,0.16395237743854524
CC_19702F70CB08,0.5881210327148437
CC_19729DCB10AC,0.6183963537216186
CC_197650EE73B4,0.23507167994976044
CC_19776B52A88A,0.16299412846565248
CC_197872381F3A,0.7407545208930969
CC_197D693D8B90,0.8389056563377381
CC_197E99BFDBC6,0.16738589406013488
CC_1980BFABDAA8,0.15746296644210817
CC_1980CB6EA740,0.24162954688072205
CC_198508A34CD2,0.03211006671190262
CC_19890CB2946C,0.3215410351753235
CC_198AF0286910,0.1500367909669876
CC_1992FCA287D7,0.05166259855031967
CC_199525A68429,0.7452518939971924
CC_199652AA7F57,0.7026935458183289
CC_19990844E995,0.12521739006042482
CC_199BC1766965,0.5083299219608307
CC_199EC9028A30,0.11000988334417343
CC_19A572959439,0.16460685133934022
CC_19A69CA72B71,0.2109458178281784
CC_19A92547B654,0.671092402935028
CC_19A95B80DF47,0.5507908463478088
CC_19AA09B0D092,0.7508550882339478
CC_19AB2A0D3CDB,0.12579380422830583
CC_19ABECA50DA5,0.09299800544977188
CC_19AE09DAA0A5,0.06250435337424279
CC_19B0492C9E4D,0.07343016564846039
CC_19B5F5CC68AD,0.11624505817890167
CC_19B694093372,0.42679286003112793
CC_19B7800215DB,0.026881329715251923
CC_19B7EFD2079F,0.10913810282945632
CC_19B9F002B564,0.6649955034255981
CC_19BC31855A4D,0.17169244289398194
CC_19BEF65895DF,0.2826908051967621
CC_19C03AB9E718,0.19868924021720885
CC_19C3BA93974D,0.1915736198425293
CC_19C4150DC45A,0.6121387600898742
CC_19C4C0BA164B,0.09607634842395782
CC_19C5E7B45490,0.2052985668182373
CC_19C94A14E675,0.06405787616968155
CC_19C9D19187C5,0.2415724515914917
CC_19CB83CF5CFE,0.5345326721668243
CC_19CCE9B2E0DD,0.018958629667758943
CC_19D177487556,0.7790727376937866
CC_19D227D19A46,0.00927884578704834
CC_19D518F4E91E,0.09654173851013184
CC_19D6E65F6E34,0.0734301671385765
CC_19D6F436786C,0.19456998109817505
CC_19D8B10CE2DC,0.11277075260877609
CC_19D998A7AE01,0.1357722207903862
CC_19DAD7CC7D92,0.7199737071990967
CC_19E1F32DCD4A,0.061297228932380675
CC_19E40985D140,0.015642482228577136
CC_19E4A95AB559,0.05244220569729805
CC_19E57654200A,0.48009020686149595
CC_19E88B987F3D,0.20976149141788483
CC_19E8A7121582,0.6435669302940369
CC_19E9BCE7AF2F,0.18487245738506317
CC_19ED71F17BDB,0.21934615075588226
CC_19EE9D69DE4D,0.8915961861610413
CC_19F62C6FDEFF,0.14944807291030884
CC_19F84E5485AC,0.23482638001441955
CC_19FAEC726A1E,0.07227996662259102
CC_19FBCD2236A6,0.1257938027381897
CC_19FFFA2F389B,0.2826908051967621
CC_1A00C5172564,0.07854424268007279
CC_1A082A5E9F40,0.12598612606525422
CC_1A0A733E9AC1,0.41778042912483215
CC_1A0D69EDDD9A,0.2639799267053604
CC_1A0E77F720D1,0.057076307386159895
CC_1A0F71FDC5B5,0.08196229338645936
CC_1A0FDF12F73D,0.16460685133934022
CC_1A14F6FD6839,0.06405787765979767
CC_1A155FB2E32A,0.13888067603111268
CC_1A15B85CCE76,0.22674064338207245
CC_1A19554D7A5C,0.06155110187828541
CC_1A1ED6FA6023,0.15599317848682404
CC_1A21540487E4,0.12031048089265824
CC_1A229E1201B1,0.21021242141723634
CC_1A2442A96D38,0.8036803841590882
CC_1A27626F71B8,0.08950304687023163
CC_1A28CFB1ECC2,0.040776608511805534
CC_1A2A569AD8A9,0.1636486053466797
CC_1A30A3D9882B,0.2887475311756134
CC_1A321370649A,0.6627435207366943
CC_1A327A5DCBE3,0.06405787467956543
CC_1A339BD4EAFE,0.10795381516218186
CC_1A3537C42FB2,0.31904796957969667
CC_1A37C49DCD08,0.15211524665355683
CC_1A37D8304BA3,0.7614875555038452
CC_1A37DF2A8555,0.17055117785930635
CC_1A3814F151A6,0.16299412846565248
CC_1A395F80789D,0.078728599101305
CC_1A39C62C1F81,0.10656096488237381
CC_1A3BB6A0EC59,0.22101402580738067
CC_1A3CB861C858,0.06968839317560196
CC_1A3DD09423E9,0.1212622120976448
CC_1A3E5853EB45,0.06703616976737976
CC_1A4532065915,0.7026935458183289
CC_1A4655E2CEE9,0.19960242211818696
CC_1A4C3F45967F,0.03581205904483795
CC_1A4C8C8CE3C2,0.2739557772874832
CC_1A4CB8B3A07E,0.15262678265571594
CC_1A4D35CA5B05,0.38419610261917114
CC_1A4F33E80088,0.1400639981031418
CC_1A5F2FE96588,0.10669060945510864
CC_1A60016724E8,0.14271925389766693
CC_1A6585F8D1B7,0.08809417933225631
CC_1A6C270755EF,0.18307654261589051
CC_1A6DF849A4D4,0.04371379613876343
CC_1A6E18CDE2B2,0.1182485580444336
CC_1A6E766DB8DB,0.08293135911226272
CC_1A74730D373A,0.302494090795517
CC_1A76BCCFE926,0.7413497924804687
CC_1A7F79B4D71B,0.14944807291030884
CC_1A80F8F983EA,0.1244217336177826
CC_1A818ACAE7A1,0.12549967765808107
CC_1A81BBFCDABF,0.11143363863229752
CC_1A83FCF17BBB,0.03580906130373478
CC_1A8655A98772,0.2866219401359558
CC_1A87F541E6C1,0.13894753009080887
CC_1A8A3B12E637,0.1657020002603531
CC_1A8E7F2B9B30,0.06442317143082618
CC_1A9741A39120,0.1283837929368019
CC_1A975CCE258C,0.39485777020454405
CC_1AA01D0FC096,0.06456969082355499
CC_1AA3607A3595,0.6671680331230163
CC_1AA478B47975,0.11580328941345215
CC_1AAB5E683C38,0.36562018394470214
CC_1AAFD4A3C343,0.07624023407697678
CC_1AB2A03E7293,0.08644497245550156
CC_1AB2BE482BA6,0.32712085247039796
CC_1AB541744EC8,0.09351610839366913
CC_1AB5C10B182A,0.634214335680008
CC_1AB7222325D3,0.5490364551544189
CC_1AB9733B7D15,0.45311320424079893
CC_1ABAC70A45D7,0.11185730248689651
CC_1ABADE99C4D9,0.17751048803329467
CC_1ABB1B657CEF,0.17759355902671814
CC_1AC042FBB2CE,0.8219157099723816
CC_1AC1BACC7048,0.05726320669054985
CC_1AC28CC264DB,0.15860556066036224
CC_1AC7CDEFAA29,0.6165034592151641
CC_1ACB5CBA5DD7,0.1592125862836838
CC_1ACF4A50A518,0.10334812998771667
CC_1AD1251BCEEA,0.1363043636083603
CC_1AD1FCB402D5,0.2757431447505951
CC_1AD3009DF349,0.21631734371185302
CC_1AD560D0207E,0.16248258650302888
CC_1AD7258DB0BA,0.1565047174692154
CC_1AD90D6BD8CE,0.5525935471057892
CC_1AEA3B5C9C22,0.10949555784463882
CC_1AEB8B8BA3A1,0.07213484942913055
CC_1AEBCC6D05ED,0.10656575784087181
CC_1AEE1FBDE3BE,0.11541624665260315
CC_1AEEF4407871,0.15498004704713822
CC_1AEFB16FC4F3,0.16519046127796172
CC_1AF286009C42,0.7413498044013977
CC_1AF2E34ECA49,0.06405787542462349
CC_1AF3050772E3,0.08859462440013885
CC_1AF5AFB8B96D,0.19687660932540893
CC_1AF6C6526D8B,0.17607606053352357
CC_1AF9DBF012A7,0.15809401571750642
CC_1B04FD2B0280,0.10251508355140686
CC_1B0974469CBE,0.09251478910446168
CC_1B127DB9A215,0.6257692217826843
CC_1B13477CEE1A,0.7339977979660034
CC_1B13CDD1396A,0.09049421101808548
CC_1B17F295EAD2,0.14055292457342147
CC_1B1BD4A6C87D,0.14175015389919282
CC_1B1F445D0EDF,0.19648045897483826
CC_1B22D7B69AA7,0.18083770275115968
CC_1B268DB2154D,0.28199940323829653
CC_1B2F05DBDA17,0.13663222789764404
CC_1B2FE79E1A8B,0.49107364416122434
CC_1B30BDAB93A8,0.1955168813467026
CC_1B30E4FE38F9,0.14355717599391937
CC_1B323878CA09,0.4803817093372345
CC_1B3636E27BC9,0.11930032074451447
CC_1B378328B60A,0.1548729732632637
CC_1B384762E333,0.16299412548542022
CC_1B38B2E06884,0.03554178923368454
CC_1B3DD9F84C03,0.1065300613641739
CC_1B413C6DD25A,0.21150005161762236
CC_1B42056A8516,0.8084944128990174
CC_1B425FC7CA76,0.1666313201189041
CC_1B4535794A2E,0.14336032569408416
CC_1B463542895D,0.12173827737569809
CC_1B47A8ECDC57,0.12444791048765183
CC_1B48B416A9CB,0.12352271974086762
CC_1B4A4FE210A1,0.07137227803468704
CC_1B4A7DBF169E,0.07701009064912796
CC_1B4BE3C64DCF,0.12619190961122512
CC_1B4DA480F7E1,0.2618086189031601
CC_1B4F584028D7,0.06405787542462349
CC_1B568727E99C,0.0480159617960453
CC_1B5794AF5C2F,0.1343424692749977
CC_1B6862AC0435,0.11143363863229752
CC_1B695110CF89,0.11173786967992783
CC_1B6A856AC22C,0.13361857533454896
CC_1B6AADFAAE15,0.1534031882882118
CC_1B6CE934C040,0.20072081685066223
CC_1B6D0D356C2A,0.14744043797254563
CC_1B6EBAA837D7,0.10404120683670044
CC_1B722BCA9A0F,0.7407545447349548
CC_1B769D8D3C93,0.13581173866987228
CC_1B7A6D84C360,0.07895174399018287
CC_1B7AD26997BF,0.05823723077774048
CC_1B7ADDC8C3DE,0.975
CC_1B7F1C614873,0.3841358244419098
CC_1B835A381DD4,0.34823921918869016
CC_1B846908040A,0.060136304795742036
CC_1B85631B1B85,0.2945993602275848
CC_1B86DB009EC5,0.1706950008869171
CC_1B8B73228B49,0.14772346913814544
CC_1B90A730E2E7,0.6311582446098327
CC_1B92A804231B,0.39920220971107484
CC_1B96D8A25FEF,0.17073419392108918
CC_1B9AD019D70E,0.1577768549323082
CC_1B9E47550A76,0.10351640284061432
CC_1B9F3FD1DCC3,0.5879579901695251
CC_1BA222D37C26,0.09556271284818649
CC_1BA2A29E4099,0.06990716829895974
CC_1BA612C5D39D,0.3823577702045441
CC_1BA637DC935A,0.06405787542462349
CC_1BA66F88C2BA,0.29177272915840147
CC_1BA858969003,0.05263662338256836
CC_1BAD0EDDDABA,0.3407802641391754
CC_1BAD5E25B4A6,0.16395237743854524
CC_1BAE0B0129B7,0.059812143445014954
CC_1BB0FD0704CC,0.1565047174692154
CC_1BB30873D598,0.10980324745178223
CC_1BB3AB7778FD,0.05845726951956749
CC_1BB64A789734,0.39920220971107484
CC_1BB88A31A302,0.17542159259319307
CC_1BB8E65BDB1D,0.27344422340393065
CC_1BC199896CE6,0.10746413171291351
CC_1BC1BFC055D7,0.027853667736053467
CC_1BC7927C384D,0.6231035828590393
CC_1BCFD6400922,0.16189139187335969
CC_1BCFDAABBD5A,0.17666122019290925
CC_1BD0D966EABF,0.06405787467956543
CC_1BD1CBB5F6B6,0.4797185957431793
CC_1BD230EEDEE1,0.05637721419334411
CC_1BD29429A8BA,0.39485777020454405
CC_1BD6A6415128,0.6627435207366943
CC_1BD8C067AC00,0.059162279963493346
CC_1BE17818B073,0.17234691679477693
CC_1BE9AD4129A7,0.14999403059482574
CC_1BF52E3D356E,0.11143364310264588
CC_1BFA9894914A,0.10637583136558533
CC_1BFCECB55762,0.1450719267129898
CC_1BFD67B0F3EB,0.14012925922870637
CC_1C016356ADF8,0.10155115574598313
CC_1C0169FCC6D8,0.11743569821119308
CC_1C04BACB4AA0,0.14791986346244812
CC_1C0E6587E3D0,0.26788082122802737
CC_1C12FAA2B9DE,0.17726088762283326
CC_1C142DF36125,0.11824855953454971
CC_1C14CB6FC1EB,0.05569662302732468
CC_1C150063B6A2,0.14361826777458192
CC_1C1627043062,0.1889461874961853
CC_1C19AEAD7B89,0.22660643756389617
CC_1C232A60EC54,0.7627095460891724
CC_1C29F3B91939,0.038953302800655364
CC_1C2FD2977E7D,0.08865222781896591
CC_1C2FE73AA7C7,0.09402974396944046
CC_1C33E54AB478,0.23672518730163575
CC_1C38241C0879,0.1725894868373871
CC_1C38D5C69825,0.6231035947799682
CC_1C3D0DEB54AE,0.0816260576248169
CC_1C3D3D5E53D5,0.14772346764802932
CC_1C45A75657AC,0.42499335408210753
CC_1C4645874705,0.1964065134525299
CC_1C467B0A856A,0.15211524665355683
CC_1C47CB284724,0.31904796361923216
CC_1C48FAAE9DBA,0.5280285894870758
CC_1C498EEA29A3,0.27533518671989443
CC_1C49DBD4DE22,0.10653005987405777
CC_1C4D52A9781B,0.05726320371031761
CC_1C4E81F63954,0.18309353291988373
CC_1C5201138AB8,0.05361656844615936
CC_1C55455A28E9,0.07098139077425003
CC_1C5D53BA1D5D,0.4100987553596497
CC_1C5DCE83EF8B,0.21777192652225494
CC_1C5E4AB957B1,0.11156954616308212
CC_1C5EF260F105,0.06901030391454696
CC_1C648EB2BDFE,0.04664748460054398
CC_1C693DC59C67,0.3670578896999359
CC_1C699D6061FF,0.2273748904466629
CC_1C6CB44F621F,0.14456039369106294
CC_1C711833A2CE,0.195468932390213
CC_1C71475ADF47,0.04469351395964623
CC_1C71F8A0D7DA,0.4421297609806061
CC_1C726E01A768,0.11937999874353408
CC_1C74128FB540,0.1254996731877327
CC_1C750887B0FA,0.13203857988119125
CC_1C7598ADAC2B,0.06420439779758454
CC_1C77F22D252A,0.16299412846565248
CC_1C785B7D692C,0.4910736560821533
CC_1C7968C9CBF6,0.22658562660217285
CC_1C7A7F35636A,0.15956380367279052
CC_1C7B7D263071,0.4421297788619995
CC_1C7CFB9C25CC,0.08491731882095337
CC_1C7F040309D5,0.14271925240755082
CC_1C803EF71320,0.35765191316604616
CC_1C8788FEAB14,0.11447683870792388
CC_1C923ABC4A40,0.256253057718277
CC_1C927DBF5664,0.3673534095287323
CC_1C968B940C27,0.3482392251491547
CC_1C97C4D04EE7,0.48009021282196046
CC_1CA75BDAB19B,0.07900210022926331
CC_1CB0F472D3E3,0.15340318381786347
CC_1CB1ABE71447,0.14944807291030884
CC_1CB640F04905,0.8036804080009461
CC_1CB9CC14D541,0.07990036755800248
CC_1CBDA6932297,0.06315562129020691
CC_1CC02E6B2BC0,0.0940297469496727
CC_1CC05ED757CF,0.17161210775375366
CC_1CC1688EF86F,0.07448716908693313
CC_1CC24CCD8EA6,0.061297230422496796
CC_1CC31FC9F17E,0.18882179260253906
CC_1CC3724C6A73,0.14327245056629181
CC_1CC6FE2943F5,0.03020845502614975
CC_1CC955DF4261,0.6349493622779846
CC_1CCC6521B703,0.06420439407229424
CC_1CCDB066409A,0.32148101925849915
CC_1CCE5774C4C3,0.10335371196269989
CC_1CD04E1A9A19,0.09687200486660004
CC_1CD1955096B6,0.045667539536952975
CC_1CD484908C24,0.08858543485403061
CC_1CD58E605B6A,0.07191639840602874
CC_1CD782D4E88C,0.5652406811714172
CC_1CDD67E741A8,0.11339553445577621
CC_1CDE2D8DA412,0.0744357168674469
CC_1CE15C1420C9,0.42882800102233887
CC_1CE21D890D14,0.18307653963565826
CC_1CE3018B8C4A,0.07900210022926331
CC_1CE3C07F7287,0.10331074148416519
CC_1CE710C3EDB3,0.21396345198154448
CC_1CE7F1BC2490,0.061297230422496796
CC_1CE94D699AC4,0.12871017903089524
CC_1CE968B29D10,0.18139900863170624
CC_1CED28E9E20C,0.08433957695960999
CC_1CEF5BB9E012,0.0755934663116932
CC_1CF39E31CC06,0.49107364416122434
CC_1CF3D6C5549C,0.6265628576278687
CC_1CFAA25E3CC3,0.7222701430320739
CC_1CFAB816C524,0.0833801694214344
CC_1CFBF4621147,0.2032065808773041
CC_1CFD3C8EAE56,0.1810116410255432
CC_1D036D48AC84,0.15211524665355683
CC_1D0403EB76DE,0.15599317848682404
CC_1D0CCCD3B459,0.06754798591136932
CC_1D1004C36A9B,0.7475583672523498
CC_1D105FFF04C6,0.05667656660079956
CC_1D1206457A72,0.04250488802790642
CC_1D14F52EB1D8,0.06373597085475921
CC_1D18C4F1B7E2,0.14810863137245178
CC_1D1A2CB32C58,0.2128446251153946
CC_1D1B1409BFA5,0.055696622282266614
CC_1D1D14F1F3BC,0.2111777037382126
CC_1D1E836A1BAD,0.06893697604537011
CC_1D1EAABD0A63,0.05944435521960258
CC_1D21349FBB77,0.04077660776674748
CC_1D23C697E3C6,0.05166259855031967
CC_1D352DB4EA39,0.45311320424079893
CC_1D373F122292,0.017945513874292374
CC_1D37F7CFF4EC,0.12171161472797394
CC_1D387E4ACF08,0.10252662450075149
CC_1D3F692CD3BC,0.15132579058408738
CC_1D407FE368F7,0.590925645828247
CC_1D43D00A839A,0.0514757014811039
CC_1D44240E3D65,0.07120853886008263
CC_1D46114660FD,0.13929486274719238
CC_1D4616E35636,0.6265628695487976
CC_1D4B5C026CDE,0.9021273016929626
CC_1D4E2B4265A1,0.031256154924631116
CC_1D4EFF51B62E,0.041046878695487975
CC_1D4FE8935550,0.10279710292816162
CC_1D511179C7B8,0.08946336060762405
CC_1D5300A74CDF,0.1624825894832611
CC_1D54348DD64A,0.21444889008998871
CC_1D55F1A20186,0.7110424399375915
CC_1D5A2B7C949A,0.041046877205371854
CC_1D5C4175E1EC,0.06563029438257217
CC_1D634E45B711,0.5680322289466858
CC_1D66C464D3C5,0.738495135307312
CC_1D6C0CB5A912,0.02776349037885666
CC_1D706DB9372A,0.14622702896595002
CC_1D70D9F366ED,0.06405787393450738
CC_1D748F14D8DC,0.13508504629135132
CC_1D750B7BDBC0,0.7155397653579711
CC_1D7A0254D9BC,0.09433718174695968
CC_1D7BB18CCB0E,0.7266291379928589
CC_1D7C63A1B30B,0.532179468870163
CC_1D7D2DA61007,0.8088261485099792
CC_1D7D635F85DA,0.1536397933959961
CC_1D7EBDCD6664,0.39237390756607055
CC_1D7F3F0425E5,0.18370122015476226
CC_1D8739DCE2DF,0.05614365451037884
CC_1D8B8D927F9D,0.07449331879615784
CC_1D8CDF8395D9,0.4542990744113922
CC_1D8F0E48DE0F,0.10251508504152299
CC_1D93427FA492,0.09354152381420136
CC_1D953F67D7E7,0.10795381516218186
CC_1D95D3BFED21,0.08644497394561768
CC_1D9A5DFA8A67,0.18955985605716705
CC_1D9ADEF0082B,0.2187536507844925
CC_1D9AE24E86D2,0.10862229317426682
CC_1D9DBCE66B8E,0.6655376315116882
CC_1D9DD0D68440,0.030985884368419647
CC_1D9FD8410D50,0.11573144495487213
CC_1DA16283D8B8,0.09212546199560165
CC_1DA42218836B,0.07357668727636338
CC_1DA524CA3694,0.20607976615428925
CC_1DA68D6D714C,0.21664239466190338
CC_1DAA787C3141,0.15809402167797088
CC_1DABA317BDC8,0.17094562947750092
CC_1DAC4A52F0DF,0.11043232381343841
CC_1DB039FB4B48,0.0744248941540718
CC_1DB10E053F44,0.17031953930854798
CC_1DB13AECCA12,0.10351640433073044
CC_1DB1848BD5DB,0.09556271135807037
CC_1DB22C2AA2EA,0.08859462440013885
CC_1DB3B9138C36,0.7340348482131958
CC_1DB3F481708F,0.027746127918362617
CC_1DB5708714DC,0.03554178811609745
CC_1DB9E13DC43D,0.2401844948530197
CC_1DC02C3F3709,0.49107364416122434
CC_1DC1F2138AC7,0.10958622246980668
CC_1DC25DB67146,0.08196229338645936
CC_1DC6B579623B,0.08193003982305527
CC_1DC9FC153C88,0.24190088510513305
CC_1DCA2E01452C,0.1629941314458847
CC_1DCD4E3872B1,0.45311321020126344
CC_1DD4D10355DA,0.15146466493606567
CC_1DD99731DC9A,0.08501021414995194
CC_1DD9AB375289,0.15169157981872558
CC_1DDA9C8B0BEB,0.06526500061154365
CC_1DDB1B3F56E5,0.15211524665355683
CC_1DDC5C8B90A1,0.060023851692676544
CC_1DE868463EE2,0.14923218488693238
CC_1DE96AACCA07,0.05126814693212509
CC_1DEC251037C4,0.08312169760465622
CC_1DED2B19B84A,0.2543685108423233
CC_1DF38CFD45EC,0.16299412548542022
CC_1DF43A4F53FA,0.14455346912145614
CC_1DF49A358390,0.16299412846565248
CC_1DF629D5FB45,0.15956380665302278
CC_1DFC79E4B025,0.04487471766769886
CC_1E09EC255525,0.143045637011528
CC_1E0A10C84B02,0.17989570498466492
CC_1E0BB8D9AEDC,0.061297230422496796
CC_1E0D4B42B5BE,0.055696622282266614
CC_1E0DF34EEB9A,0.35950961112976076
CC_1E0FD8D67C2C,0.20286318957805632
CC_1E1319C33263,0.39485777020454405
CC_1E147AD49AC2,0.6599641799926758
CC_1E1563775447,0.37450180649757386
CC_1E15E789530D,0.06694496348500252
CC_1E193B1E4F73,0.1261927604675293
CC_1E1A7F3990E1,0.09693294763565063
CC_1E25053EA6C0,0.18836885392665864
CC_1E2807FE382F,0.5617818236351013
CC_1E28B8BF4E7D,0.18243905305862426
CC_1E3139CFD4E6,0.07244370728731156
CC_1E3344F5961E,0.1569514274597168
CC_1E37B7DF9AA1,0.47508209347724917
CC_1E38A8428345,0.10921131372451783
CC_1E3D47C998B0,0.6619498610496521
CC_1E3E913D3F6B,0.12425346076488494
CC_1E407FC46083,0.20709925293922424
CC_1E434148148A,0.08006270676851272
CC_1E437F2441EB,0.21344610452651977
CC_1E47AC0BF7A8,0.4058412194252014
CC_1E4CE5C0304F,0.3320731043815613
CC_1E4E51663CEA,0.055668307840824126
CC_1E4FD79B23FD,0.15599317848682404
CC_1E557BAD34EB,0.8206703662872314
CC_1E5AF197EDD2,0.1629941314458847
CC_1E5C9A7E1C5F,0.11038187742233277
CC_1E5F1A391B5E,0.2092658132314682
CC_1E6123D8681F,0.2085942804813385
CC_1E61A3F050D8,0.3326764047145844
CC_1E6295101525,0.07684775292873383
CC_1E65FA977578,0.12920641899108887
CC_1E67D2F178ED,0.2269878387451172
CC_1E689D3FB63A,0.32230375409126283
CC_1E6B983E8BBB,0.06436274275183677
CC_1E6D91C8A738,0.7924526453018188
CC_1E6EFDF16442,0.7969287872314453
CC_1E72406B5D4A,0.5315973639488221
CC_1E73573DD99E,0.6530185461044311
CC_1E7DA7CA5D1D,0.20925103425979613
CC_1E7F2BE48184,0.20485480427742003
CC_1E806FAFA344,0.14314291328191758
CC_1E808AD36DB7,0.5716693520545959
CC_1E80B20DC38F,0.03185868375003338
CC_1E813510217F,0.08448610007762909
CC_1E82E6604B6A,0.09687200486660004
CC_1E85811D458A,0.519154965877533
CC_1E8685B6E519,0.17854724526405336
CC_1E8A54431BE9,0.2209921658039093
CC_1E8AD307DB07,0.25435425639152526
CC_1E8D1639DDA6,0.12031048238277435
CC_1E926941D88C,0.18208150565624237
CC_1E9275410F48,0.07306487113237381
CC_1E93645AF89B,0.07213796302676201
CC_1E93B9573B12,0.14012925773859025
CC_1E95FC262FAE,0.09593162834644317
CC_1E9C3AD36E86,0.09049421101808548
CC_1E9F9C201555,0.025652550905942918
CC_1EA93A002EF1,0.199987930059433
CC_1EAB6A01C7CF,0.14174459278583526
CC_1EAD91974876,0.14995870888233184
CC_1EAFF0DA3CBF,0.6452831983566284
CC_1EB6D069D939,0.09731907695531845
CC_1EBAA8FCC27C,0.10494458228349686
CC_1EBC79B8BEA6,0.11136588007211685
CC_1EC32911B378,0.16299412846565248
CC_1EC418951EBA,0.3058834195137024
CC_1ECCA97D8C88,0.012882450222969055
CC_1ED067600D1D,0.07854424118995666
CC_1ED0B593EBC3,0.0720361590385437
CC_1ED3534362AC,0.1256410524249077
CC_1EDAFDD3ADFF,0.1104651391506195
CC_1EDFD1A3E2F4,0.10196861028671264
CC_1EE243950A56,0.10958621948957444
CC_1EE58509238F,0.16344083845615387
CC_1EE80EBCE992,0.2764550864696503
CC_1EECF367D8A2,0.08187858760356903
CC_1EF278ECBC1E,0.2297770768404007
CC_1EF50597EDDF,0.288363641500473
CC_1EF65D591A9F,0.2501183182001114
CC_1EF7190D0507,0.138947531580925
CC_1EF9A1E02505,0.1982150584459305
CC_1EFD12935CAB,0.10282154381275177
CC_1EFF2FE7356F,0.5009760141372681
CC_1F02F0D99D56,0.10009956359863281
CC_1F05008C630B,0.021086756512522696
CC_1F0627CDC5F6,0.6060995697975159
CC_1F0E9076D5A1,0.10931697487831116
CC_1F10F2A71CBA,0.4421297609806061
CC_1F125DEF3CA6,0.218753644824028
CC_1F13A20A085E,0.10578748434782029
CC_1F1409EB933A,0.41939220428466795
CC_1F149F24400D,0.09028855115175247
CC_1F1EA99CDBAD,0.4058412194252014
CC_1F1EEE7C60CC,0.2323846012353897
CC_1F20615C8B10,0.08954936563968659
CC_1F2282F5E1F4,0.2201179653406143
CC_1F29D0D50AC5,0.061297228932380675
CC_1F2CBC0CAB9C,0.044693513214588164
CC_1F2E1F86776A,0.0712912142276764
CC_1F2FCBDF6C9D,0.05107595771551132
CC_1F31B43978DB,0.20675361454486846
CC_1F320C1EA775,0.061297227442264554
CC_1F32803A8234,0.22810778319835662
CC_1F34BC9CECE7,0.10294084697961807
CC_1F3AC04E1E2B,0.05335411876440048
CC_1F3BD7D676E0,0.06129722818732262
CC_1F3DABD38A88,0.10958622097969055
CC_1F3DAD24490F,0.11318889707326889
CC_1F3FE5B0C9F4,0.1716924399137497
CC_1F4FE890B9C5,0.06703616976737976
CC_1F5104DDB35A,0.15911619365215302
CC_1F5591A8FA36,0.12012294530868531
CC_1F59C5440ED5,0.10351640582084656
CC_1F5AC0E2FD12,0.1569301515817642
CC_1F5AD1253061,0.12690836936235428
CC_1F5BB3599FBA,0.10255247354507446
CC_1F5CAF3540B2,0.1636486053466797
CC_1F5CE5DD38B6,0.2519871026277542
CC_1F5DD044DE88,0.05823723077774048
CC_1F5FFA5C92EC,0.08682498931884766
CC_1F6D542ED5E8,0.07768990844488144
CC_1F767493A6A2,0.10610639303922653
CC_1F77F9C9362D,0.1757272005081177
CC_1F7B619D5B4F,0.0753339871764183
CC_1F7E78540FFB,0.12838379442691802
CC_1F8217E9944D,0.11577578485012055
CC_1F8476D620F0,0.050067701190710065
CC_1F85F7109574,0.12031048089265824
CC_1F8A1B7DCDFE,0.17073419094085693
CC_1F8D339D00F9,0.051475702226161955
CC_1F8D43E83127,0.012612180039286613
CC_1F8DE772840D,0.06013630628585816
CC_1F8FEC34A35E,0.07434064745903016
CC_1F917CF161A5,0.8059297680854798
CC_1F92C1B2AF36,0.08311062753200531
CC_1F9490050C3D,0.508428943157196
CC_1F962DF932F6,0.061297228932380675
CC_1F9846333ED9,0.14715038537979125
CC_1F987A174E09,0.06442317068576812
CC_1F99161DD3B3,0.05944435521960258
CC_1F9C08A298EC,0.14952525198459626
CC_1F9F9D8F0DD9,0.1543481856584549
CC_1F9FAD0B9203,0.09496769905090333
CC_1FA2F2F2B3A0,0.4933404326438904
CC_1FA3E8AC2541,0.38225895166397095
CC_1FA8DA3407FC,0.0754963219165802
CC_1FA955880003,0.13477547019720076
CC_1FAB80D863C5,0.13311725109815598
CC_1FABEA2A58D2,0.7339977979660034
CC_1FAFA931DB26,0.13150495290756226
CC_1FAFE3FE0C60,0.1341717705130577
CC_1FB1F1B80F73,0.04890677854418755
CC_1FB3725D2DD8,0.7864744305610657
CC_1FB3920ED9D5,0.11666872352361679
CC_1FB797C72F4C,0.310800039768219
CC_1FB7DC324B94,0.08918044418096542
CC_1FB8192057C2,0.12611271142959596
CC_1FB89F59EDD7,0.1974144846200943
CC_1FB9321E859C,0.08096097260713578
CC_1FBD050A2F39,0.09049421101808548
CC_1FBDF2579162,0.03004915751516819
CC_1FC7125949E2,0.09952294081449509
CC_1FCB0FC5F00A,0.10841565579175949
CC_1FD0368A2FFB,0.2296095609664917
CC_1FD5AC7FC5A5,0.03020845502614975
CC_1FD616389FA1,0.03230203129351139
CC_1FD781CACEC3,0.16567307114601135
CC_1FD7E0D834DD,0.06442317217588425
CC_1FDAC10C295A,0.061297228932380675
CC_1FDB151460FB,0.40584120750427244
CC_1FDE6C0676DC,0.07415661066770554
CC_1FDF20B0FAD4,0.15599317848682404
CC_1FE1E8319E6B,0.13472117036581038
CC_1FE4E5750A66,0.10913810133934021
CC_1FE8C2CADEAC,0.24295468628406525
CC_1FE92B0D645A,0.08103177100419998
CC_1FE968215AEA,0.6812649726867676
CC_1FE99D0E97F5,0.14829127341508866
CC_1FEA6E1495F8,0.10161681473255157
CC_1FEB4570D7F1,0.37454230785369874
CC_1FEF5F2CDEC3,0.09251128137111664
CC_1FF076F0467E,0.20575704276561738
CC_1FF292C75CEC,1.0
CC_1FF31863DCE1,0.4865491032600403
CC_1FF4FFD4CDBC,0.12484539747238159
CC_1FFBE04350DF,0.15211524665355683
CC_1FFD95DFC8E9,0.10538545250892639
CC_1FFE0E84D36A,0.1538366436958313
CC_1FFE714FBD2C,0.2945993602275848
CC_200032C54822,0.16150792837142944
CC_20019BC8FE80,0.14055292159318925
CC_2008DF550109,0.102472485601902
CC_20099356CE1F,0.113368920981884
CC_200D84BC64D8,0.03334973081946373
CC_200EF2088D3D,0.14702084958553313
CC_200F3BBE385C,0.13239126205444335
CC_2014DB713299,0.09251127988100052
CC_2017EB7EA158,0.041046877205371854
CC_201DF9E6B716,0.061297228932380675
CC_202271FA045F,0.5507567942142486
CC_2023AF0ABF64,0.24988787472248078
CC_2026A3E3C1BE,0.14145193696022035
CC_2028BCB30486,0.012612179666757584
CC_2028BDCE02E2,0.10394006669521332
CC_2028DD9EC4B2,0.11339553445577621
CC_202C46691B4C,0.15746296644210817
CC_202ECAB5E84B,0.23922813534736634
CC_20303CC1E1F8,0.15911619663238524
CC_2031148E8CA1,0.15825325697660447
CC_20378CA3C370,0.16395238041877747
CC_203A83262DDD,0.12706202566623687
CC_20409D70102E,0.05453570112586022
CC_2041C9E487C3,0.11885945200920105
CC_204A49EEC5D9,0.05614365451037884
CC_204B66ECD9A7,0.15472762584686278
CC_204B8B819330,0.14323079138994216
CC_204BE6BFD249,0.09693294763565063
CC_2057AD62988E,0.18580648601055144
CC_205B58F43C8C,0.08498298078775406
CC_205C1A2DE4D8,0.2107671618461609
CC_205DA36FD8D6,0.06986386328935623
CC_205E92D88AAE,0.09432605355978012
CC_205FB9359E63,0.4116435110569
CC_205FE05E1292,0.7957998037338256
CC_2062A498D749,0.45731161832809447
CC_20630566D53E,0.7575854539871216
CC_2063E0E306C5,0.7457625150680542
CC_2064B7328F7B,0.14346930086612703
CC_206652B1A41C,0.18134861886501313
CC_20669136053A,0.12561720758676528
CC_2068E5F2D8B2,0.12545014023780823
CC_206EBE676C8C,0.7702388048171998
CC_206F97C70905,0.17234691381454467
CC_20721922173C,0.112729412317276
CC_20764086BF21,0.10521717518568038
CC_20780D975D9A,0.3897253811359406
CC_2079F44E7E55,0.08954936563968659
CC_207B338F0553,0.179248583316803
CC_207E090B1906,0.07136235460639
CC_20807031E815,0.055696623772382735
CC_20838473746C,0.13957826793193817
CC_20891E5B3E3D,0.12042451798915862
CC_208955DF9998,0.15809401869773865
CC_2089DCD66FAF,0.05154438391327858
CC_208C54728372,0.10401851832866668
CC_208CC01F03EA,0.0742719978094101
CC_208E10957E07,0.04800066128373146
CC_208ECBDFA861,0.1634408414363861
CC_2094211C837E,0.1435242235660553
CC_209A6A3504F1,0.1515855997800827
CC_209DB4316B07,0.0874462902545929
CC_209DFC9AD1D0,0.11010092496871948
CC_209FBC9C01E3,0.14327244758605956
CC_20A3937D5C27,0.3363544762134552
CC_20A7C39942DD,0.1175076425075531
CC_20A7CEB6C06D,0.10065288543701172
CC_20A81A33F0CE,0.13693246245384216
CC_20A82C27D7CD,0.3666781008243561
CC_20A937AA66AD,0.11544940173625946
CC_20A9DD565105,0.41597147583961486
CC_20AF6B29EB50,0.035812058672308925
CC_20B68F536BCD,0.16395238041877747
CC_20B9BBCB44F8,0.34938052892684934
CC_20BB38933A1E,0.2708995223045349
CC_20BC64C53D32,0.04077660776674748
CC_20BD1AB1A5C0,0.07155110239982605
CC_20C5B222E13F,0.14732595682144164
CC_20C6424F9F29,0.0915099635720253
CC_20C81144A8B9,0.13519959151744843
CC_20CC3AC49BAE,0.18069414794445038
CC_20CDF4280350,0.1739260584115982
CC_20D0863B2D98,0.07768990844488144
CC_20D31679748B,0.11402363628149033
CC_20D52A0D8C45,0.15421608388423919
CC_20D55E5D2E23,0.49107365012168885
CC_20DCA7201985,0.07244370579719543
CC_20E9A35E2A3C,0.11444729566574097
CC_20EBDF15BEDC,0.7564796090126038
CC_20EC737AA677,0.28836331963539125
CC_20ED65E842C2,0.7324056625366211
CC_20EEAA6337A9,0.11555325388908386
CC_20EEE4DC1CA3,0.03581205755472183
CC_20F1EF98C18A,0.29999822974205015
CC_20F278DD6E93,0.21231522858142854
CC_20F5392A5A43,0.2308846801519394
CC_20F53E719796,0.1125958040356636
CC_20F5A5512CB3,0.05166259631514549
CC_20F8FCCE1271,0.06032320261001587
CC_20FB74800048,0.08055246770381927
CC_20FC0CA55216,0.11796405911445618
CC_20FD5BD6BF94,0.06526499912142754
CC_20FDF7D6ADCD,0.048015959560871124
CC_20FF7A58F2BA,0.10811029821634292
CC_2103EB67FBE1,0.5043287992477417
CC_2107826FF69A,0.11017524152994156
CC_210D680D34D8,0.10536382198333741
CC_210E413FB570,0.2137235939502716
CC_210E61930CEA,0.1259233370423317
CC_210ED3E18ECD,0.08067146092653274
CC_2110C6A03D5B,0.3673534095287323
CC_21180ECF44C8,0.0981999769806862
CC_2118101018F2,0.09607634991407395
CC_2118A787AD98,0.6627435088157654
CC_211D25A5026D,0.14734723269939423
CC_2122AFAAF6BF,0.06266454383730888
CC_21251EACBABC,0.29845649003982544
CC_21264740E8AA,0.13131332248449326
CC_212850705C79,0.19818294942378997
CC_21288F20AB5C,0.07016515284776688
CC_212AC06C4124,0.08554670363664627
CC_212EF0198A98,0.06129722967743874
CC_212F0F692558,0.12632229626178743
CC_212F29739D3A,0.240613254904747
CC_2131E03A042B,0.027746126055717468
CC_21324F188B33,0.1035164013504982
CC_2137EC819214,0.5909256339073181
CC_213AE4C7862C,0.19004813730716705
CC_213EFAA494B8,0.39170275926589965
CC_214312AE40D7,0.15340318530797958
CC_2143E4A4204E,0.24245995581150054
CC_2144853CCB49,0.16666025221347808
CC_21454CC601DF,0.061297228932380675
CC_2148AA887D2A,0.14327245354652404
CC_2149B7281185,0.0725694790482521
CC_214B722F696C,0.06864500641822815
CC_214DB932FE6A,0.2200552850961685
CC_214FA8638337,0.22987274825572968
CC_214FE751427E,0.06405787467956543
CC_21500B512B05,0.04104687944054604
CC_2152AACD0C46,0.10690205246210098
CC_2155AF9779AF,0.07442975416779518
CC_2156A617F0CB,0.07019668072462082
CC_2156B4F4B46F,0.10251508802175521
CC_2157678F4B81,0.7463577508926391
CC_2159E74C0CBA,0.15599317848682404
CC_215BD55D5B15,0.13476613461971282
CC_2163123B26E7,0.04656624048948288
CC_2163CC007344,0.3119067907333374
CC_2164687A4160,0.09266056269407272
CC_216B1FCCF4DC,0.5460334360599518
CC_216B785BAD1D,0.06318985149264336
CC_217039EC9749,0.1331553190946579
CC_2170D755211F,0.25544344186782836
CC_21711D263CE9,0.7230033040046692
CC_21726471C375,0.08644497245550156
CC_217282C45B59,0.35015246272087097
CC_21728C314286,0.4789043366909027
CC_21733FBFBDBE,0.08501021414995194
CC_21780BC92080,0.46792089343070986
CC_2179A9EDE528,0.7042856693267823
CC_217AB78E7236,0.0754963219165802
CC_217B65E406C7,0.19136917889118193
CC_217CC63BAA6C,0.11254676133394241
CC_21838C358A6C,0.04077660776674748
CC_21851636675A,0.061297228932380675
CC_21855559D132,0.17145727276802064
CC_218DC9395EF2,0.16882765293121338
CC_219269B49CB3,0.11541066318750381
CC_21926F47C351,0.11762038320302963
CC_2195CE065C66,0.4542990684509277
CC_21965020AD4A,0.012612179294228554
CC_219AC744A11E,0.5657031238079071
CC_219C9D7DF815,0.080960975587368
CC_219CE7495255,0.06694496497511863
CC_219DED6350D0,0.1590522676706314
CC_21A3351FE1AE,0.15262678563594817
CC_21A546DEC374,0.14346929788589477
CC_21A5D239CDE9,0.09556271135807037
CC_21A6D9D4FDB1,0.02451748289167881
CC_21A89649CCF5,0.3934952080249786
CC_21A896B80CFE,0.04685503840446472
CC_21AA779A5D8A,0.07790835946798325
CC_21ADE6707187,0.10640132576227188
CC_21B13505C938,0.06456969156861306
CC_21B3ED21813C,0.058237229287624356
CC_21B653FB16D2,0.15211524665355683
CC_21B6CCC1C3B6,0.37323578596115115
CC_21B724D175D1,0.20205651223659515
CC_21B7A75D167B,0.12365224957466125
CC_21BD0D18BE4A,0.061297227442264554
CC_21BDD0B68B24,0.16460684835910797
CC_21BEB9EDB6D1,0.15746296644210817
CC_21BF36354D49,0.08311062753200531
CC_21C22724E6EA,0.1538366436958313
CC_21C48EB3B38A,0.1617951363325119
CC_21C7131815A0,0.22733891010284424
CC_21C767821C93,0.1031474843621254
CC_21CA7422A9CB,0.055515643954277036
CC_21CC7E487903,0.11038187742233277
CC_21CD80E44241,0.7564796090126038
CC_21CDA245627F,0.228154519200325
CC_21D04C22164F,0.7803180932998657
CC_21D53BB53093,0.056742510944604876
CC_21D6A8F9A98F,0.3586894452571869
CC_21D7D9A19BD3,0.7339977741241455
CC_21D86BEBCE33,0.16520303189754487
CC_21DBF7EDC14A,0.5688517332077027
CC_21DE68BCC91E,0.08108937442302704
CC_21DF6366867F,0.10265327095985413
CC_21E28159461B,0.16666025221347808
CC_21E3553C4619,0.2156340390443802
CC_21E494391B02,0.09049420952796935
CC_21E55A40BF1A,0.19818294644355774
CC_21E789155746,0.16299412548542022
CC_21EF1547F241,0.3705084264278412
CC_21F07EC3C95E,0.09707766771316528
CC_21F12179FBA8,0.11729682385921478
CC_21F169EB32E5,0.255876412987709
CC_21F22478728B,0.06420439630746841
CC_21F3767B8879,0.14961313158273698
CC_21F8B69E946B,0.11587306410074234
CC_21FBB31C726F,0.06405787616968155
CC_2200FB275AA5,0.11509378999471664
CC_220166604357,0.3126822054386139
CC_2201F7C0053D,0.012612179666757584
CC_22039E5A4331,0.10351640433073044
CC_22039F190CE4,0.11136895418167114
CC_22057AE6D549,0.6472155451774597
CC_2206B904EA42,0.17507272064685822
CC_22094EC1E195,0.06405787542462349
CC_220F08B6CFA1,0.10071049183607102
CC_220FC8974CD8,0.15599317848682404
CC_221451FB20F8,0.16395237445831298
CC_221945FD349F,0.197148796916008
CC_221E25971CA2,0.06420439630746841
CC_221EE654B08B,0.31904796361923216
CC_221F192C6A67,0.7307414889335633
CC_222080658F83,0.4800902247428894
CC_22258C34437A,0.5481779038906097
CC_2226A81576E8,0.13186078071594237
CC_222F384DDFA9,0.39485777020454405
CC_223032E8D58C,0.44212977290153505
CC_22312D15D5FC,0.23410345911979674
CC_2231DAF1F64C,0.08279472440481186
CC_2235DD5D1E61,0.7407545566558837
CC_22377A2BB9A7,0.03735131211578846
CC_2238E273688D,0.2744138419628143
CC_2239334B3843,0.09351610839366913
CC_223D0C1DD4A2,0.7090936541557312
CC_2243A27FA050,0.07019668146967888
CC_22447ABE57CF,0.1252283751964569
CC_22455A468DF4,0.15695143043994902
CC_22485F43383E,0.4679209113121033
CC_224DB822807F,0.1362354040145874
CC_22522740EEBE,0.23352765440940856
CC_22545ECFF107,0.05166259780526161
CC_2255D632C667,0.041046877205371854
CC_2255DF88423A,0.16395237743854524
CC_22569309D6AE,0.14220008254051208
CC_22587A871D09,0.1624825894832611
CC_2258F6153975,0.39920220375061033
CC_225B5306EB5E,0.25598652064800265
CC_225DA1D32137,0.5183421909809113
CC_225F77DD5E84,0.6472155570983886
CC_2267E7AA622D,0.1833490401506424
CC_226ED7DD9790,0.6026923060417175
CC_226F71C1F379,0.11000988632440567
CC_226FB5B25B38,0.0092788465321064
CC_22702303A756,0.5135924994945527
CC_227BD0C18004,0.08422882333397866
CC_227D6128B629,0.061297228932380675
CC_227F834492D1,0.1624825894832611
CC_228183FC1BE7,0.3923738956451416
CC_2285EC46E015,0.6812649488449096
CC_2286AEDF1B6D,0.09051962345838546
CC_2287380F42CF,0.7407545328140259
CC_2288AAFC3096,0.6456179022789001
CC_2289B4075197,0.2156915098428726
CC_228C4B27ED4D,0.056143653392791745
CC_228EB8610083,0.22098368108272554
CC_228F0791CEB1,0.15695142447948457
CC_2292F14C75DA,0.12653637677431107
CC_2294C95C99D6,0.17984026670455933
CC_22952E53DFFD,0.39665964245796204
CC_229579AEC296,0.6841720938682556
CC_2295BB880A8D,0.08006270676851272
CC_2295DF480BCF,0.11080554127693176
CC_22972964516A,0.7034266829490662
CC_229F13978933,0.10958622246980668
CC_22A07737CC3C,0.31267871260643004
CC_22A2F3AFD164,0.16585750877857208
CC_22A73DC9B70E,0.16892115771770477
CC_22A74FB59C2E,0.10937958657741546
CC_22A793350310,0.04104687795042992
CC_22B0F05E1E38,0.2286243736743927
CC_22B3F65AB5B3,0.7519822716712952
CC_22B634E8A380,0.2694189608097076
CC_22B7FC24B4B3,0.0940297469496727
CC_22B8054F4E55,0.19678946435451508
CC_22BA0909A3A9,0.21933026909828185
CC_22BB1AB7E9B6,0.44212976694107053
CC_22BCC469AD43,0.15818099081516265
CC_22C4C82A80DC,0.2048548072576523
CC_22C6EC3F5164,0.1835427075624466
CC_22CBE3DFE89B,0.18828429281711578
CC_22CD3112BA4B,0.15340318381786347
CC_22CD9806D465,0.17703430950641633
CC_22CF572AB801,0.9386416912078858
CC_22D6FD0FE65C,0.11573523432016372
CC_22D78A2DCB9C,0.18402756452560426
CC_22D7F0BD7A9D,0.12521810084581375
CC_22D9BCF6DBDC,0.04104687795042992
CC_22DE8FB43F1B,0.09330947250127793
CC_22E096979926,0.7463577508926391
CC_22E103DE4653,0.09468986093997955
CC_22E7D0AF1793,0.09287901520729065
CC_22EB9A8DFCD4,0.48920682072639465
CC_22ECD701B7BD,0.1341301143169403
CC_22EE3C02A84C,0.14304563999176026
CC_22F5F39C5BFF,0.17234691679477693
CC_22FDA4AFBD8B,0.1509789526462555
CC_22FF3B52F71A,0.49107364416122434
CC_2303286EFEC7,0.046855039149522784
CC_23074E8BA7A5,0.10135349854826928
CC_230796D6D8FF,0.06862426027655602
CC_23099BF68B95,0.09136524200439453
CC_230ACF3C66BB,0.02978395316749811
CC_230C07F49399,0.7729377150535583
CC_230DADC95F8B,0.13550870716571808
CC_230ED3DE71F4,0.13735612332820893
CC_2315CD70BB0B,0.08494461178779603
CC_23160ACBF7CE,0.06679597198963165
CC_23167AB0E834,0.17666122019290925
CC_231AEF78AE77,0.15869253277778625
CC_231EC541BEA4,0.5650440812110901
CC_231F10419507,0.6619498491287231
CC_23207719B212,0.7110424280166626
CC_23208472FFD7,0.07778415381908417
CC_232190AFC280,0.07761188820004464
CC_2322063E811D,0.00553941149264574
CC_23231DE442E6,0.10958622097969055
CC_2323F05618E0,0.21094664335250854
CC_2324A3B4BB33,0.11000988483428956
CC_232A14B55646,0.06311460062861443
CC_232C4B8DA5DD,0.17169243693351746
CC_232D4DBC1C87,0.06999757960438728
CC_232F0B7FE6BC,0.06442316845059395
CC_232F51D4B98E,0.4951625168323517
CC_23363EDEA13E,0.6558953583240509
CC_2336CE0444C2,0.4547382056713104
CC_233D8C13A2AB,0.15510958135128022
CC_234033EF9D06,0.11165066808462143
CC_2341630EEE16,0.10200144648551941
CC_234235C5E9E3,0.4652972400188446
CC_23481C5B5AD9,0.21469633877277375
CC_234ACA103944,0.17073419392108918
CC_234C5F91450F,0.06032320186495781
CC_234E23D3BD3E,0.6302115082740783
CC_23503B15534B,0.14012925773859025
CC_23517518D1CF,0.0922446072101593
CC_2351C0E6FA16,0.6627434968948365
CC_235420E0C400,0.5194280505180359
CC_235428183C15,0.2730295956134796
CC_23574AEE39A0,0.04077660776674748
CC_23582812B8CD,0.5047188997268677
CC_235A44F3B4C4,0.07016515433788299
CC_235CAC896DE3,0.05823723152279854
CC_2369F66A804F,0.6308175206184388
CC_236AAA96F10D,0.14327245056629181
CC_236AD1A02F3B,0.10958621799945831
CC_236EC227D94E,0.10351640284061432
CC_23704B843A19,0.12674596160650253
CC_237477620B0D,0.10001448094844818
CC_237E328DFB43,0.1394590750336647
CC_2380E13FCF1B,0.15446850508451462
CC_2380E6106CA6,0.2018984079360962
CC_238473A12FA2,0.19272709190845488
CC_238A9D1733BA,0.6029296457767487
CC_238F2A38BE44,0.16460685431957245
CC_23910D522F41,0.1169245645403862
CC_2391F63E2402,0.5183421969413757
CC_23932676B2F2,0.1629941314458847
CC_2394FBD51F98,0.17876223623752593
CC_23954A58109D,0.08218522965908051
CC_23987E3B4FD7,0.15811744034290315
CC_239B9E68E6A2,0.15211524665355683
CC_239BAE0245A8,0.15911619663238524
CC_239C3E46AFC8,0.0658219426870346
CC_239D1812C3B7,0.04539726935327053
CC_239D7F14584A,0.5517889559268951
CC_239E825A6233,0.14219230711460112
CC_239EDABF022C,0.27242406606674197
CC_23A078EF09AF,0.10314748585224151
CC_23A586A240D2,0.02822585143148899
CC_23A860CD1553,0.6091025590896606
CC_23AB9533EC0D,0.7256488919258117
CC_23AC919CB701,0.016153846681118012
CC_23B000E43E6C,0.1757271945476532
CC_23B8458E9FED,0.06405787616968155
CC_23BA23AE880C,0.17169243693351746
CC_23BA242DC501,0.3673534095287323
CC_23BC9C2CB726,0.2181308686733246
CC_23BCA2CD1321,0.1935276597738266
CC_23C061C22670,0.7705994486808777
CC_23C2440218EA,0.10293874889612198
CC_23C2C9F36CBC,0.06886378228664398
CC_23D02AB672CD,0.8882068872451783
CC_23D1A57C962B,0.26334214210510254
CC_23D45AD79089,0.12778443098068237
CC_23D7C30419E4,0.13663222938776015
CC_23DBC4D13066,0.2099987030029297
CC_23DD50CCC11C,0.06901030093431473
CC_23DF58240E37,0.22712272703647612
CC_23E0D80A29EB,0.5055097281932831
CC_23E643B91BA1,0.07701008915901184
CC_23E6DBC652B7,0.2500703036785126
CC_23EC04E60D96,0.06102854683995247
CC_23ED2BE043DE,0.7721601009368897
CC_23EF24F1E915,0.4116435170173645
CC_23F2B4230C8F,0.5345326781272888
CC_23FC360E92BF,0.14055292457342147
CC_2405AA521A50,0.06405787542462349
CC_2405DFDF928A,0.08103177398443222
CC_240FE4CB78F5,0.10251508504152299
CC_2411C3EE7074,0.13508504033088684
CC_241A0A329556,0.1787622392177582
CC_241B3A36F24F,0.06456969231367111
CC_241C29CBF1F6,0.04442324377596378
CC_241C865337DA,0.06563029736280442
CC_241D4B202BBC,0.8723835825920105
CC_241DC555DC1C,0.16634562015533447
CC_24201317B549,0.039715158939361575
CC_2420AA2E5188,0.20110377073287963
CC_2426A336B0C7,0.7458471536636353
CC_2429AFE45C90,0.2509654015302658
CC_242BC6B8BFA2,0.11804686933755874
CC_242E8E5DA418,0.24201100170612336
CC_242F424A6641,0.11972398459911346
CC_243171B8CA10,0.0864081010222435
CC_2434199B743F,0.22775154411792756
CC_24372350AF14,0.2452809602022171
CC_2440B0CCA9D7,0.7110424280166626
CC_2440F3EBF3F7,0.7497228503227233
CC_24415EEC9960,0.1746580719947815
CC_2443152C408B,0.7620827555656433
CC_244326C3BB3D,0.1624825894832611
CC_2445B3B8CD90,0.4436357021331787
CC_2447D2F0D8B8,0.15599317848682404
CC_244C07CD329A,0.6627435088157654
CC_244F5414BFE0,0.610300624370575
CC_245281812288,0.12113685458898545
CC_2456D3FF106F,0.11236814260482789
CC_2459275C3995,0.10178429186344147
CC_246194E6E4B2,0.16395238041877747
CC_24620D54F5E1,0.05916228070855141
CC_2462DF555142,0.1989158421754837
CC_246355004C22,0.15527244955301284
CC_2465A6807AE7,0.3399678409099579
CC_2465BF287730,0.09952294081449509
CC_246BC3A1686D,0.15650472044944763
CC_246E9DF98743,0.057076308876276016
CC_246EA5EBDDF3,0.22585273683071136
CC_247027865CBD,0.1154494047164917
CC_2470BC812A77,0.11624505668878556
CC_2472294A3C3F,0.09286573827266693
CC_247305C5A63A,0.6472630500793457
CC_2474D7707DA4,0.06442317143082618
CC_24751A1FF879,0.07019668221473693
CC_24761C8A8D96,0.5873145937919617
CC_2477D8E2BF53,0.08954936563968659
CC_247ADC8711EB,0.14734723269939423
CC_247C26D6601E,0.5824145674705505
CC_247F09EA67BA,0.24098990261554717
CC_248144FC7729,0.7055169224739075
CC_24824C8E55A2,0.11217621564865113
CC_2487824C8AA8,0.18688621520996093
CC_2489C59CAD7C,0.14734723567962646
CC_248B621EB245,0.07434065043926238
CC_248FE1579AA8,0.28724374175071715
CC_24911396CD2A,0.18083770275115968
CC_2492C1D817CF,0.06040152385830879
CC_249304369E8B,0.1085849016904831
CC_249544D86645,0.2945993661880493
CC_249D28416011,0.342659729719162
CC_249D81D98B78,0.1538366436958313
CC_24A4885A0DD4,0.14912169128656388
CC_24A78357A380,0.10200144797563553
CC_24A783E0C176,0.15169158577919006
CC_24A8936F52DA,0.16299412846565248
CC_24AD50D3B4E6,0.5936845541000366
CC_24ADAF9647A0,0.140552918612957
CC_24B5CE1A12BF,0.07549631893634796
CC_24BACE01E7E7,0.12394638508558273
CC_24BF6CB0149C,0.2252979874610901
CC_24BFD6A61077,0.1682666838169098
CC_24C00AEA6A6D,0.08929370939731598
CC_24C12E85D940,0.15351025611162186
CC_24C1A54376BC,0.16299412846565248
CC_24C2CDDA696C,0.7685115933418274
CC_24C2E7F727DC,0.7519822597503663
CC_24C451F2A2C9,0.1624825894832611
CC_24C8006BE3BD,0.27609350085258483
CC_24C93C84D93A,0.29521459341049194
CC_24CBC6245141,0.15599317848682404
CC_24CF07DCCACF,0.7094502925872803
CC_24D06C8F5742,0.09049421101808548
CC_24D1F1104DA7,0.21194474995136262
CC_24D350DCEEBD,0.8219156742095948
CC_24DAC334C20D,0.22995949983596803
CC_24DB3CDE834F,0.17169243693351746
CC_24DCDA3BFE0C,0.4559175670146942
CC_24DDAB6E18AA,0.07639459073543549
CC_24DE4C9FF9B9,0.1624825894832611
CC_24DE5916BD73,0.291772735118866
CC_24E5E14AF447,0.1636486053466797
CC_24E861B79F40,0.12715192437171935
CC_24EA013F48E3,0.19140625
CC_24EABCE127AC,0.15599317848682404
CC_24EC0F87FEE4,0.3867332935333252
CC_24ED0B7CC71B,0.2559865236282349
CC_24EF95E62485,0.30200000405311583
CC_24F43C3E8C61,0.16248258650302888
CC_24F642E4C202,0.08313580006361007
CC_24F9A43D71B6,0.03125615455210209
CC_24F9BBFA240C,0.0754676915705204
CC_24FCD40E13F3,0.14055292010307313
CC_24FF7B823319,0.4421297550201416
CC_250022644488,0.10559276044368744
CC_25002D753495,0.15599317848682404
CC_250184F64FF9,0.8036803841590882
CC_250EA45294EC,0.1586046576499939
CC_25131F36BA74,0.37050843238830566
CC_251340B2CD2F,0.4421297550201416
CC_2517AEDC9E03,0.10351640582084656
CC_251B6CFDFB19,0.06405787542462349
CC_251C1ADBA18C,0.0455233208835125
CC_25217FA1C70A,0.05667656809091568
CC_252E4F68F117,0.5055097341537476
CC_2532F88B3A5C,0.07944387942552567
CC_25351934E42D,0.4234874129295349
CC_253557711DFF,0.13735612779855727
CC_2537600D3339,0.18931525945663452
CC_253A8F1182EA,0.8036803960800171
CC_253EEEAFB6A9,0.2319055527448654
CC_25415D632E0A,0.1624825894832611
CC_2544207E12F2,0.17666122317314148
CC_2544FD655E88,0.17169243693351746
CC_2546DBD47016,0.14055292755365373
CC_2548F9AEF869,0.1005453884601593
CC_25493C24906A,0.061443749070167544
CC_254AA43FC3D6,0.12136654704809188
CC_254BD69BE0FA,0.050067701190710065
CC_254C91B8C6A9,0.0939057469367981
CC_254E41844345,0.10958622246980668
CC_2550388D1C80,0.11000988334417343
CC_255727D9D0E7,0.06870283633470535
CC_255C44D8BE69,0.048015961050987245
CC_255CB66955D9,0.1035164013504982
CC_255D0DFEE64F,0.2128446251153946
CC_255D6209AE4C,0.7452255129814148
CC_2561F3010933,0.1363043636083603
CC_25640F1D8A83,0.17234691977500916
CC_25645EC6975C,0.1506916582584381
CC_256649392B12,0.5191549718379974
CC_2566D2ED2760,0.12305432409048081
CC_256AD0897EF4,0.1624825894832611
CC_256FB3672C22,0.11054539084434509
CC_256FC2A4ABB0,0.11094221472740173
CC_2572DB3B8A63,0.06405787765979767
CC_25775DE989EE,0.3332470417022705
CC_257D6072424B,0.1981829434633255
CC_25813BE16856,0.19456997513771057
CC_2588449FA2B8,0.6835343956947326
CC_258E445D9BC6,0.07427199482917786
CC_258E6ADB5A20,0.0862472414970398
CC_258F82EEFACA,0.5674222052097321
CC_258F9C9EAC87,0.11396827697753906
CC_259190FDAF4A,0.10351640284061432
CC_259500EAD8B3,0.14925122261047363
CC_2596B658D7C5,0.11587306559085846
CC_25991C4AE162,0.07191639989614487
CC_259A0E353B3C,0.07244370728731156
CC_259BA9D9A9DE,0.10762097388505935
CC_259C94EB066D,0.17572719752788543
CC_259E661E64FD,0.14963322579860688
CC_259EADFA7036,0.5688517212867736
CC_25A0008825C6,0.3290312886238098
CC_25A6A3411DF9,0.2577430486679077
CC_25A6B90A9357,0.16616943776607512
CC_25A6D11AA41D,0.03020845539867878
CC_25A7E4DA2AF6,0.16395237743854524
CC_25AA5DF3D3C2,0.16395237743854524
CC_25AAB97E2EA5,0.12962605953216552
CC_25AE49F72341,0.10937958508729935
CC_25AE9BDA1E19,0.09909824430942535
CC_25AFE73DB693,0.0630838468670845
CC_25B3707689CF,0.08067146241664887
CC_25B37DD22D59,0.14055292159318925
CC_25B529052215,0.45311319231987
CC_25B7F7C2068F,0.18650230169296264
CC_25BCC488515B,0.29832397401332855
CC_25C6C4D97C56,0.5187649071216583
CC_25C762466658,0.16007407307624816
CC_25CC42473963,0.08831262886524201
CC_25CF12A87690,0.1085849016904831
CC_25CF2D0239E6,0.11544940173625946
CC_25D113F668F5,0.11256483048200608
CC_25D15362D590,0.2804685890674591
CC_25D57FEB0F2F,0.041046878695487975
CC_25D76EA2B29F,0.15211524665355683
CC_25D7B9E9885C,0.7624965190887452
CC_25D88EB4C8AA,0.13817874789237977
CC_25DBA63AAA5B,0.702693521976471
CC_25E10FA8B099,0.10251508206129074
CC_25E44FAF25DA,0.16395237445831298
CC_25E4B4FDFB8A,0.4679209113121033
CC_25E7FA839FC2,0.16299412548542022
CC_25E8CB067D3E,0.34938052892684934
CC_25EAF510F6DA,0.0788555845618248
CC_25EE7627F924,0.14327245056629181
CC_25F1DAA3C465,0.35769240856170653
CC_25F1EDBB7C3C,0.14011333435773848
CC_25F26315CE74,0.10204047858715057
CC_25F614DBB4DE,0.6940477609634399
CC_25F98117E888,0.06405787467956543
CC_25FDDCE03904,0.07191639840602874
CC_25FE8C033AF1,0.10322286933660507
CC_25FEBF33FEE1,0.06405787765979767
CC_260508E2415D,0.07448716610670089
CC_260971CEA971,0.25544344186782836
CC_2609EFF83144,0.06442317068576812
CC_260A1B46268D,0.3998971462249756
CC_260A435CC403,0.08339235782623292
CC_261843E3F479,0.06032320186495781
CC_262664CCBACA,0.17660641372203828
CC_262873493A56,0.11353948712348938
CC_2629634D6205,0.1666313201189041
CC_262ABEA51FB9,0.06420439556241035
CC_262C3BE518A0,0.15421608686447144
CC_262C5B52AD87,0.09693294763565063
CC_262D5F943DC2,0.06679596975445748
CC_262F44AB1AB8,0.07638675570487977
CC_26317AFBE360,0.04685503989458084
CC_2635B06BCB97,0.25544344186782836
CC_263E14295078,0.8765161275863648
CC_2641E3F9ED73,0.13958899229764937
CC_26431F402A47,0.06017037257552147
CC_2645B22BBB4A,0.1035164013504982
CC_26470A0DD756,0.12271293550729752
CC_2649FAFC1ECE,0.35359628200531007
CC_264A75820DC5,0.24798907339572906
CC_264BD43CE614,0.10255247205495835
CC_264FC78CC1BF,0.09040131270885468
CC_265176F2987F,0.08345509469509124
CC_265B1AFD1871,0.3671461880207062
CC_265BBD6475A4,0.14571548551321029
CC_265BC4CA24C0,0.4679208993911743
CC_265FBF0AA7EA,0.09196782261133193
CC_26606ED11A86,0.032302030548453334
CC_2663083DF59B,0.05870988965034485
CC_266632D6DCC5,0.2519528239965439
CC_2667AF05476E,0.027926215901970863
CC_266C375BFC69,0.13115414083003998
CC_267C2D0CE3EF,0.05707630813121796
CC_267CF0F35438,0.14382886588573457
CC_267F882E4FF2,0.08400430828332901
CC_268164C44FCE,0.3853809475898743
CC_26851F7A8ED9,0.029752302169799804
CC_26879E8DBBB1,0.6110349297523499
CC_2688A091951C,0.20648992657661439
CC_268A135E06EC,0.1586046576499939
CC_268B7494846C,0.15559883117675782
CC_268D4F935B62,0.15114058554172516
CC_2692F5994891,0.11122700423002244
CC_269A40E2F3F5,0.1757271945476532
CC_269B1CA95C11,0.6282791376113892
CC_269C78037059,0.6896138668060303
CC_269F0058DBF3,0.07029092684388161
CC_269FD7098A14,0.5796598851680755
CC_26A0AC608FF7,0.10275673568248749
CC_26A4B4AEA702,0.09503336101770402
CC_26A53AB6C0F5,0.17234691381454467
CC_26A68D7B85AC,0.16344083845615387
CC_26A7B4AB0E61,0.6079296708106995
CC_26A9653F1759,0.07662930488586425
CC_26A9D9B69FB2,0.09131528288125992
CC_26AEB67016FA,0.06129722967743874
CC_26B89123A046,0.12825544625520707
CC_26B8E37D5FAC,0.04077660776674748
CC_26BB5D895CE0,0.2826908051967621
CC_26BC5E32FC20,0.7234844207763672
CC_26BE48011CBC,0.1174529030919075
CC_26C2F56C4E4F,0.10984161347150803
CC_26C6083D9D67,0.1636485993862152
CC_26C688EAC8EE,0.014705755934119224
CC_26CAD1D36578,0.09707766771316528
CC_26CCB959397C,0.47890435457229613
CC_26D4E0E92AD4,0.3497492432594299
CC_26D622C9583B,0.08592782616615295
CC_26D7CC90C7EE,0.3943922072649002
CC_26DA6ADAB53F,0.10578748434782029
CC_26DD97E5AACE,0.160825315117836
CC_26DDEA0F16E4,0.41018564701080323
CC_26DFAF7D55B8,0.8165415287017822
CC_26DFF52B691B,0.041046876832842825
CC_26E20C5B6A59,0.1932944118976593
CC_26E2E0658796,0.14715038239955902
CC_26E48B59C43D,0.1406824603676796
CC_26EEB5FA7528,0.11648897528648376
CC_26F3A74B395D,0.8261051297187805
CC_26F99A250980,0.10351640284061432
CC_26FA474EFCDF,0.47890433073043825
CC_26FA66267312,0.1629941314458847
CC_2706959C1E6D,0.11798089742660522
CC_270E4B8CEFB2,0.16344084441661835
CC_270FDCD01F2B,0.08098031878471375
CC_2712E1C5BCC0,0.10300276726484299
CC_27144D024E0C,0.22682015001773834
CC_2715AE012E87,0.07244370579719543
CC_27168AD20682,0.1285016730427742
CC_271E52EFD5C0,0.05166259855031967
CC_271EED977A70,0.10499490201473236
CC_27249783B3E2,0.09302842617034912
CC_2725497CB4AA,0.3279237449169159
CC_2725D3835F43,0.7990517139434814
CC_2736F03D457F,0.07900210022926331
CC_27373EAEF18F,0.1129718691110611
CC_2737E652D90E,0.08311062902212143
CC_27398FBE2809,0.025652551278471946
CC_273A8EB252C4,0.21322127878665925
CC_273AFEE3BCC0,0.14346930086612703
CC_2740AF040C73,0.256253057718277
CC_27416EFC26CD,0.061297231912612916
CC_2741D320B710,0.6231035828590393
CC_2745C5B004FA,0.04476146288216114
CC_27488BD2F2A3,0.15610053092241288
CC_2748ACEDC7D6,0.15911619663238524
CC_274BCF287A05,0.33186074495315554
CC_2751C9271F85,0.1265363797545433
CC_2751D21A3664,0.6331586480140686
CC_2759AC503722,0.6978906631469727
CC_275D3EDBA097,0.1634408324956894
CC_275D7134AA6B,0.606099534034729
CC_276397972BAF,0.07854424268007279
CC_276549BEEEEE,0.23185662627220155
CC_27655D2C1F35,0.14087930619716643
CC_276877DF04BC,0.16299412846565248
CC_2768A7F8F64E,0.13957826495170594
CC_276D54F1088E,0.08797579556703568
CC_276E2C36EE65,0.10434990674257279
CC_276E422F8C69,0.012612179666757584
CC_277DCA03127A,0.6649954915046692
CC_277FDB7E9FB9,0.10958621948957444
CC_27816BBA5FB6,0.041046877205371854
CC_2783EBF53FBE,0.5315973579883575
CC_27843FCEE075,0.12838379442691802
CC_2784452D6444,0.26165837049484253
CC_2785077093B2,0.149720199406147
CC_2786CDF745E8,0.09255382120609283
CC_27880025857D,0.16395238041877747
CC_278C315D46A2,0.6452831983566284
CC_278D57EA6344,0.08864303529262543
CC_278FB9A2D73D,0.7452518939971924
CC_279023D4C55E,0.24190088510513305
CC_279526A36388,0.03020845539867878
CC_279593FCBC44,0.11218165010213851
CC_27965D4BF8D9,0.7570748448371887
CC_2797CA3CF8E8,0.1408793017268181
CC_27A08A464BE5,0.7339977860450745
CC_27A0D2D86806,0.09049421101808548
CC_27A0DE21A512,0.14702084809541702
CC_27A24A4B1185,0.16344083845615387
CC_27A27A6E9710,0.35687997937202454
CC_27A55EA9AA83,0.11647781133651733
CC_27A649094AAE,0.037905634939670564
CC_27A65A7D35DF,0.11977787166833878
CC_27A665E21AAE,0.19199419617652894
CC_27A78CFDAFA9,0.37825711965560915
CC_27AA29C2B801,0.21563404202461242
CC_27AA4CE95E47,0.012612179666757584
CC_27AAC8B90899,0.07885558307170867
CC_27ABA049E280,0.09647113233804702
CC_27ADB39C623C,0.26135966181755066
CC_27AE7E10B0F2,0.1565047174692154
CC_27B00AFD127A,0.09106359258294106
CC_27B2F2221599,0.10937958359718322
CC_27B47340F365,0.6435669183731079
CC_27B51BFEED0B,0.15809402167797088
CC_27B5857AD88C,0.28251948654651643
CC_27B5ECF51511,0.1491015926003456
CC_27BC632C6373,0.3748528599739075
CC_27BDBBE807A0,0.8206703662872314
CC_27BE231F2777,0.7525775074958801
CC_27BF3CC22A01,0.06937875226140022
CC_27C338A424B6,0.10373650640249252
CC_27C8F82AD07E,0.1474539190530777
CC_27CA9C00B086,0.47890435457229613
CC_27D183B7D889,0.07428919523954391
CC_27D46D52D216,0.4421297609806061
CC_27D894C0B778,0.15434818267822265
CC_27D97971F0BE,0.0874462902545929
CC_27DAF169C570,0.1707341879606247
CC_27DC3B03953C,0.16395237743854524
CC_27DCFD4C9FD2,0.17169243693351746
CC_27DE17F2A9AA,0.18044614493846894
CC_27E518EF96B1,0.6467759490013123
CC_27EA0EBFDDCD,0.17234691679477693
CC_27EBC627DA22,0.09684383571147918
CC_27ECD477FFC1,0.4462925136089325
CC_27ED88AE957E,0.15047025084495544
CC_27F04D85BECD,0.08946336209774017
CC_27F27BF25387,0.4679208993911743
CC_27F3BE1E24E0,0.5608524918556214
CC_27F46228EB9E,0.5507908463478088
CC_27F631626BD2,0.08303487002849579
CC_27FA03BC5112,0.10300276428461075
CC_27FAAEB5B7DD,0.7458207488059998
CC_27FAAFFC9D88,0.1581174463033676
CC_27FB3ED776B6,0.6457394361495972
CC_27FBEF28EE45,0.14456038624048234
CC_2800392A8378,0.19104645550251007
CC_280284A68FFB,0.16733265519142151
CC_2805DE68EB5E,0.11093507558107377
CC_280943D9885C,0.23937930762767792
CC_2809C1DA11E2,0.08946335911750794
CC_280AB68CEAD6,0.44179906845092776
CC_280B2A6E1AD7,0.07778415381908417
CC_281721BFB157,0.12537014186382295
CC_2818C730302A,0.6422801852226258
CC_281DD777BC18,0.2080458641052246
CC_281F787B39C5,0.47890434265136717
CC_2821E90ACC01,0.1135215163230896
CC_2823416BF0BC,0.1624825894832611
CC_282A59DE1AF1,0.4789043486118317
CC_282B9175D6B1,0.3121179103851318
CC_282E2DF79107,0.17169244289398194
CC_2833D46839B4,0.2245650976896286
CC_2834A54D0B02,0.02873772196471691
CC_2838B4E6B966,0.0799003705382347
CC_283A94432CF0,0.3535962879657745
CC_283BA45ADF3C,0.24593428373336793
CC_283C392D27E0,0.13226172924041749
CC_283C3C3EBBFE,0.09693294912576675
CC_2844F3CF42C5,0.40498803853988646
CC_2847BEE7F4B9,0.06784075945615768
CC_284C150896BA,0.05245564505457878
CC_284F3BAAB976,0.112176214158535
CC_285193B111B0,0.036220704391598704
CC_28521203F353,0.21788278222084045
CC_2853E28AE934,0.17234691679477693
CC_2855C18DBEBB,0.2392687141895294
CC_28575DC94F82,0.10351640284061432
CC_285859E54F67,0.24162953794002534
CC_2859F04C8E65,0.15421608686447144
CC_285F209295EE,0.08142265975475312
CC_2860779D97A8,0.23929673731327056
CC_28624F3D6EF7,0.055696622282266614
CC_28631537AC52,0.12678001970052719
CC_2863D77DCFE1,0.10937958508729935
CC_2863F7A52315,0.10351640582084656
CC_2866BBB90661,0.09837446212768555
CC_286895E77FB9,0.08507192134857178
CC_286D6B8C9083,0.15695143342018128
CC_287244BC488E,0.747000789642334
CC_2873101D7192,0.03047872707247734
CC_2874F0DC4D7D,0.17004052996635438
CC_287551153953,0.09412703663110733
CC_287733447491,0.17869113385677338
CC_2878FF79B9C8,0.15599317848682404
CC_287A9769DF92,0.05405787490308285
CC_287C3D10DEF2,0.16929998844861985
CC_287C8319EB5F,0.16299412548542022
CC_287E902BE928,0.052636624127626416
CC_2880552F82AF,0.17169244289398194
CC_28834A41C6DE,0.0959570437669754
CC_2885F9D1587E,0.11544940322637558
CC_2886B690B68A,0.7064803600311279
CC_2887E7740417,0.975
CC_28881EAB7C09,0.10251508206129074
CC_288CA8A9812D,0.2945993602275848
CC_2890F108707C,0.01773605979979038
CC_28959EFABFDC,0.1793142795562744
CC_2895B51171E1,0.07443571388721466
CC_2898B6717D99,0.21369193196296693
CC_289D3386F0F8,0.08196229338645936
CC_28A1E16E0787,0.3467833936214447
CC_28A262ED7293,0.1500367894768715
CC_28A3A92F7552,0.1547948896884918
CC_28A4EFFBDB21,0.15599317848682404
CC_28AA976D4E37,0.07617144584655762
CC_28AC1CD6DDD5,0.7452255249023437
CC_28AE987CC735,0.046855039149522784
CC_28B2F8CE6206,0.5650441169738769
CC_28B9E40CBB3B,0.09503336250782013
CC_28BD2FDADAE2,0.15599317848682404
CC_28C89400F65F,0.16666025221347808
CC_28C911BFEEE4,0.15599318146705626
CC_28C9D0F9A822,0.20558769404888153
CC_28CAA5AA3D1F,0.6034859418869019
CC_28CE51596854,0.05784853771328926
CC_28CE7500A36F,0.1431429147720337
CC_28D1131A8126,0.10351640433073044
CC_28D3468513FF,0.08688256740570069
CC_28D59C007565,0.2561270296573639
CC_28D670E009B8,0.06129722967743874
CC_28D7C0A16C5D,0.14068245738744736
CC_28D8465EF9B8,0.256253057718277
CC_28D96898DD7C,0.5346003770828247
CC_28DDDB55194D,0.1629941374063492
CC_28DF4C790FA5,0.22172505557537078
CC_28DFE4C388A5,0.10886594951152802
CC_28E2C0DB9053,0.7790727615356445
CC_28E309937534,0.2370621830224991
CC_28E79CA12E21,0.11000988334417343
CC_28E9002758D3,0.26093806624412536
CC_28EA1D1569FA,0.051662595570087434
CC_28EC96234D7C,0.027746127173304557
CC_28F0AB4FF66E,0.344171541929245
CC_28F2D31E6C85,0.14327244758605956
CC_2902EF54D1BD,0.05166259855031967
CC_29034C7D28E5,0.2200811743736267
CC_2903DFBBCA9C,0.2923121988773346
CC_2904F14B3B45,0.13997822552919387
CC_290EFC6D4EEE,0.11470983028411866
CC_2911F1519AC8,0.16299412846565248
CC_29177831DB6E,0.09909824579954148
CC_291E77A71FB3,0.2341269165277481
CC_2921BF2E5BD7,0.21328800916671753
CC_29242C5DC98E,0.12808966934680938
CC_292439121B3E,0.5663684368133545
CC_2924456550CA,0.5863120198249817
CC_2925424FAED2,0.15169158279895784
CC_2926D0CC6B59,0.06913607642054558
CC_2928502B9D84,0.4789043486118317
CC_292A8332B3B4,0.12046655714511871
CC_292C2469F236,0.2704704761505127
CC_2933973E9543,0.1035164013504982
CC_293631E5B94B,0.09960176646709443
CC_293ACE94E3CC,0.1716924399137497
CC_293C63EF41C4,0.1725861042737961
CC_293DCC4D34F1,0.291772723197937
CC_294376A4D551,0.4191429793834686
CC_2944104CF3AB,0.18334903419017792
CC_2946800D4BA2,0.16895028054714203
CC_294887238A8B,0.10937958508729935
CC_294C7F3DC408,0.16395238041877747
CC_2950C846438D,0.09302842617034912
CC_2951E44AB150,0.1538366436958313
CC_29520EBE1CFF,0.2037746489048004
CC_2953B46D273D,0.18988257944583892
CC_2954176D8F57,0.08400889635086059
CC_295510BA794C,0.841749370098114
CC_29565C29B6C1,0.28836363554000854
CC_29569DE20A6F,0.016153846681118012
CC_2959D82CED73,0.101832515001297
CC_29604A66FFA4,0.06694248989224434
CC_2961AEA57F1A,0.19724892377853392
CC_296219087AA1,0.8521920919418335
CC_296624804C6B,0.1591161996126175
CC_2967515E6028,0.7684951543807983
CC_296991EF2832,0.1965940460562706
CC_296A886A90CC,0.17437138557434081
CC_296BDAEC0767,0.20121070742607117
CC_296F434DEB38,0.6620883584022522
CC_2970E945B28C,0.07701009064912796
CC_2971205B902D,0.11637459248304367
CC_29726C8E17DB,0.1743713825941086
CC_2972E3CEF4E2,0.0383804626762867
CC_2973CCADB58E,0.13536210358142853
CC_29749A751086,0.07580296397209167
CC_297B666C549A,0.22674784064292908
CC_297EA395A7F1,0.05823723077774048
CC_29820193702A,0.6057342290878296
CC_2982D29BA454,0.07256948053836823
CC_29834F49345D,0.0688637837767601
CC_2983D55F8422,0.15695143043994902
CC_298A42330387,0.46792091727256774
CC_298AD8036450,0.0480159617960453
CC_298B1C2272A9,0.7924526691436767
CC_298C0A512CF1,0.0912597194314003
CC_298DFDB169C5,0.06405787467956543
CC_29975F8F91D8,0.2141789972782135
CC_29979CE2F84A,0.061297228932380675
CC_299C16AAF113,0.1269083723425865
CC_299E1E208417,0.844340443611145
CC_299F2A753428,0.15436143726110457
CC_29A02132A6FD,0.3705084264278412
CC_29A1193B65F9,0.06136317327618599
CC_29A2C2C00A6C,0.12878275364637376
CC_29A43861ADDF,0.4608206808567047
CC_29AA5329D4A0,0.1916642040014267
CC_29AAB71BB1C6,0.1565047174692154
CC_29AB90CE5B30,0.14034488797187805
CC_29AC45B524E1,0.3576519012451172
CC_29B091A8EFA0,0.07244370579719543
CC_29B11C7842DA,0.1431429162621498
CC_29B40C57A130,0.643566906452179
CC_29C6CC9D8CF5,0.23516338169574738
CC_29C79BC89D90,0.016153846681118012
CC_29C9D2EB99C6,0.10161681324243546
CC_29C9FD8B602D,0.20620973110198976
CC_29CA68112288,0.7339978098869324
CC_29CB20E13233,0.7339977860450745
CC_29CD169D916F,0.08859462440013885
CC_29CF1BCD71E1,0.0444799855351448
CC_29D0BB5EF4D2,0.14715038239955902
CC_29D373479472,0.08713024705648423
CC_29D5802F496B,0.5538431346416474
CC_29D6BDB00C7A,0.1520630121231079
CC_29D9CB57F6B0,0.19053522050380706
CC_29DE21A6FC9F,0.2616847038269043
CC_29E5F288E93E,0.12431837469339371
CC_29E711C865BD,0.09465525299310684
CC_29E8F05E2B59,0.1657020002603531
CC_29EB899B37F3,0.39485777020454405
CC_29ED0A5E3E13,0.14443085640668868
CC_29F03ECC443A,0.16299412548542022
CC_29F1148B0EED,0.05823723003268242
CC_29F38227B892,0.06573784202337266
CC_29F4C5219C3C,0.5515954494476318
CC_29F5B0A53C5A,0.24798907339572906
CC_29F75BEA3946,0.09505877643823624
CC_29F8DB4BE5C0,0.09909824430942535
CC_29FB4FC1D79A,0.1895598590373993
CC_29FB59DF9C07,0.12808966785669326
CC_29FBB9696C88,0.6475696086883544
CC_29FDC6A55710,0.17234691381454467
CC_29FE8EE71963,0.13784972578287125
CC_2A02A0A606AE,0.05450738370418549
CC_2A039240D4E3,0.14797910153865815
CC_2A03B58FDDA0,0.09714386016130447
CC_2A0D799BFBFD,0.14055292159318925
CC_2A0F72511E22,0.7620828032493592
CC_2A0FD8A3496D,0.12352271825075149
CC_2A1177FEA430,0.35019294619560243
CC_2A1CC5FA111A,0.47890434265136717
CC_2A1E8AFB91CF,0.6606573343276978
CC_2A254722539F,0.14556647539138795
CC_2A267FA0640A,0.1629941314458847
CC_2A28EF6D5D84,0.08902701735496521
CC_2A2A97E7D56E,0.06129722818732262
CC_2A2C094C4268,0.3705084204673767
CC_2A2CBD2C567A,0.09871241003274918
CC_2A2CD0D96AB1,0.04342974424362182
CC_2A303A56D1CC,0.10719883888959884
CC_2A313BB31B2F,0.041046878695487975
CC_2A38A0BE8583,0.10245262831449509
CC_2A3BF83AB527,0.42348742485046387
CC_2A3C2BE242CC,0.16036684811115265
CC_2A3C37B5B39C,0.15262678861618043
CC_2A3FBF96DD69,0.13506959974765778
CC_2A42CB52F4F9,0.09302842915058136
CC_2A45D831A164,0.08273998498916627
CC_2A4E97A33CE5,0.029073387384414673
CC_2A50AFE9BA32,0.09302842468023301
CC_2A5167A7CCCA,0.4800902247428894
CC_2A51DCAE4696,0.05472259372472763
CC_2A538403F615,0.26992012560367584
CC_2A560F71D097,0.09509096443653106
CC_2A57F88AE818,0.7452518939971924
CC_2A5CE61FA136,0.7747097730636596
CC_2A654BF906E0,0.1125025987625122
CC_2A6A707EF4A2,0.0499150350689888
CC_2A72E9041E81,0.02262224778532982
CC_2A731C595152,0.1559931755065918
CC_2A73922A4400,0.07244370430707932
CC_2A74C68A1CF4,0.13476615250110627
CC_2A7763A6787D,0.1459006443619728
CC_2A7777F076EE,0.1363043636083603
CC_2A7C9930E014,0.06740146726369858
CC_2A7DD7369456,0.10161681920289993
CC_2A83CA0F0646,0.19306862056255342
CC_2A876959D356,0.05099787674844265
CC_2A8950AD15D7,0.45429906249046326
CC_2A89A35F7A44,0.06754798591136932
CC_2A95DFCE15F7,0.1030281811952591
CC_2A9643ED1382,0.19678946435451508
CC_2A975CE1D524,0.08560430854558945
CC_2A9A912052FF,0.0858236700296402
CC_2A9BE99EA5E3,0.1760067492723465
CC_2AA6A8DDE95A,0.1636486053466797
CC_2AAF05225FB8,0.16395237445831298
CC_2AAF2C2FD22A,0.14055292308330536
CC_2AB2241F2CAD,0.061084595322608945
CC_2AB6B69A0ECE,0.035812058672308925
CC_2ABACDBD3827,0.1189589336514473
CC_2ABB40267501,0.09044763296842576
CC_2ABF9AA2D592,0.10080511271953582
CC_2AC3799FCFEB,0.16765883564949036
CC_2AC719441ACA,0.101103176176548
CC_2AC7DAE5ED2F,0.024517482705414297
CC_2ACA7F2D1019,0.07321776896715164
CC_2ACE1B486881,0.0498835913836956
CC_2AD0FBA3469F,0.33303468227386473
CC_2AD34B286844,0.10369317084550858
CC_2AD60A48D754,0.12522883117198944
CC_2AD76D74964D,0.061297228932380675
CC_2AD89E30E1E1,0.5206139326095581
CC_2ADC0B906BEF,0.08588124960660934
CC_2ADCC4958A5A,0.2190248489379883
CC_2AE64394EF90,0.0514757014811039
CC_2AE869E4AF2F,0.06999758258461952
CC_2AE9C48382C3,0.39920220971107484
CC_2AE9DCEDC1F1,0.0948961079120636
CC_2AEC30611714,0.08096097707748413
CC_2AECEFA29418,0.13109201490879058
CC_2AEDCC681885,0.8036803960800171
CC_2AEE3C14AB9B,0.1355087101459503
CC_2AEF1AE45867,0.12967173159122466
CC_2AF36CDFA976,0.1964804619550705
CC_2AF70D647453,0.04801596328616142
CC_2AF895772C90,0.0667959712445736
CC_2AFCA9A98CDA,0.15391472429037095
CC_2AFD4544E906,0.10206425189971924
CC_2AFD8599EFD1,0.19818294048309326
CC_2B006C78812B,0.1543039619922638
CC_2B008880B8CC,0.14702084362506868
CC_2B062D7EFC1B,0.05050167441368103
CC_2B07457F780B,0.16520302891731262
CC_2B09FC675AFD,0.10937958210706711
CC_2B0CD83EE733,0.2324702799320221
CC_2B0D910A416B,0.21601214706897737
CC_2B0EB1791D06,0.03954138606786728
CC_2B0FEDAF5086,0.12466694116592407
CC_2B12A7CAF74D,0.5688517212867736
CC_2B1564E55E41,0.09973023533821106
CC_2B169D3FA0AB,0.05472259670495987
CC_2B17D7D12E93,0.012612180039286613
CC_2B1B104B4537,0.16798713505268098
CC_2B1C432924A8,0.04685503840446472
CC_2B1CDE2F1DB2,0.17703431248664855
CC_2B1D0DD22B7D,0.2164127290248871
CC_2B1E0A25113D,0.06864500790834427
CC_2B2B1590F745,0.09607634991407395
CC_2B2B9F8C29FC,0.1547948956489563
CC_2B31DC826A70,0.048906779289245604
CC_2B329A7C0AC3,0.1793401688337326
CC_2B34AE1A2C3C,0.0583837516605854
CC_2B34D037FDAC,0.16826668083667756
CC_2B3863C31087,0.3365645110607147
CC_2B3BF2A06513,0.14365445375442504
CC_2B41C98380A0,0.4910736560821533
CC_2B4729A53736,0.08635164350271225
CC_2B491BC8CE50,0.2861414194107056
CC_2B4A4B15FBFE,0.37135350704193115
CC_2B4AC212FED3,0.12733203172683716
CC_2B51623F0566,0.3239254653453827
CC_2B55FD658701,0.6421284198760986
CC_2B57BB750099,0.03334973081946373
CC_2B59FC475AAE,0.04104687795042992
CC_2B5AC32E9319,0.15746296644210817
CC_2B5B01FBE986,0.16299412846565248
CC_2B5BB2E4C8D7,0.3695417582988739
CC_2B5F21C5D7C4,0.1384653702378273
CC_2B675F4C3A7A,0.5888432741165162
CC_2B6995D9C76C,0.13302578926086425
CC_2B6C301DFA50,0.10234681367874146
CC_2B6C6E185E28,0.12795384973287582
CC_2B7362B36C7E,0.05707630813121796
CC_2B737DD404E5,0.03554178811609745
CC_2B745B858036,0.31040720343589784
CC_2B746474BE2E,0.05637721419334411
CC_2B779915861F,0.05099787674844265
CC_2B7E7517A714,0.2310846507549286
CC_2B808CA5D672,0.01918414868414402
CC_2B813DACF5BA,0.061297227442264554
CC_2B82A4B9598F,0.1431429162621498
CC_2B855F0679C4,0.08391155153512955
CC_2B8AB678FB2F,0.01773605905473232
CC_2B9323F514DE,0.7110424280166626
CC_2B95530025EA,0.08803211450576783
CC_2B982EF342D7,0.09155168905854225
CC_2B9D37CCC4A6,0.1076866328716278
CC_2B9E78B781FF,0.14587604701519014
CC_2B9FD0393AE7,0.08949289321899415
CC_2BA1F3132F60,0.7457625031471252
CC_2BA28074A216,0.12486187368631363
CC_2BA37A841F0D,0.09402974545955659
CC_2BA4E43FF0A9,0.09556270986795426
CC_2BAC77456C47,0.5269427299499512
CC_2BAC838269F8,0.08311062753200531
CC_2BAE9FEF5B33,0.34827972054481504
CC_2BAEC4A0FB49,0.08890417292714119
CC_2BB79F6D76CC,0.15809401869773865
CC_2BB949053BE3,0.14012926071882248
CC_2BB95B546AF6,0.10937958508729935
CC_2BBFB2C48799,0.06442204266786575
CC_2BC1B37107E9,0.17133862376213074
CC_2BC310967765,0.08960696905851365
CC_2BC6EC8D4F9E,0.1701718121767044
CC_2BC8C9C298A2,0.03581205904483795
CC_2BCD6FF59BE2,0.2697796285152435
CC_2BCF9E8C997E,0.13035790920257567
CC_2BD75023B1A6,0.13506959825754167
CC_2BDC0842BA07,0.10937958508729935
CC_2BDCDBD851D6,0.726468849182129
CC_2BE021580D7C,0.2310281962156296
CC_2BE33278E984,0.06824329495429993
CC_2BE5F40E628D,0.12352271974086762
CC_2BEA8C342901,0.04104687795042992
CC_2BEDDE6600E5,0.14953504800796508
CC_2BEE24B3ACDC,0.17993960082530974
CC_2BF47ADAAF9A,0.061297228932380675
CC_2BF47CB84E8B,0.14327245056629181
CC_2BF511C3C8EF,0.5055097341537476
CC_2BFA01F25CEC,0.1125025987625122
CC_2BFAD18C1064,0.838905644416809
CC_2BFBBC8761BC,0.03763536550104618
CC_2BFC09551190,0.10439644753932953
CC_2C0004622D2C,0.4789043486118317
CC_2C01C91DB4E6,0.08197741359472274
CC_2C01D2143635,0.7339977860450745
CC_2C03757A27C5,0.10638841241598129
CC_2C0678C593CA,0.14674490541219712
CC_2C0D37AD3EEE,0.8389056205749512
CC_2C11E7778DD6,0.7508550763130188
CC_2C16E8264E5A,0.18517806828022004
CC_2C190797A685,0.17868568897247314
CC_2C1EE4B879D6,0.4663683414459229
CC_2C20168D9109,0.10824516713619232
CC_2C242724B1A0,0.1815751910209656
CC_2C258C82AC92,0.09112607166171074
CC_2C278D596D65,0.14314291775226592
CC_2C2942E423D5,0.24003905355930327
CC_2C2D3613EF03,0.14481321573257447
CC_2C2E54C2D7E2,0.026875121518969536
CC_2C2EE8D82A22,0.10351640284061432
CC_2C30D4DD1254,0.17703430950641633
CC_2C328DE998E0,0.06860859096050262
CC_2C3314A9D4CE,0.07312352508306504
CC_2C3683BF63A5,0.015642482787370682
CC_2C38E6E12236,0.16666024923324585
CC_2C3BFEC0645F,0.31267871856689455
CC_2C3C8308D986,0.43591264486312864
CC_2C3DA51EB238,0.08098031878471375
CC_2C45C58CE822,0.16182406544685363
CC_2C49C3A27A57,0.18434647619724273
CC_2C4D184AB761,0.03334973081946373
CC_2C4ED13A4801,0.06862426176667213
CC_2C51344B19A3,0.1363043636083603
CC_2C527F461F50,0.27713524699211123
CC_2C5D797C03EA,0.18512994050979614
CC_2C5FB4EEF945,0.17703430950641633
CC_2C612363DC5F,0.07256948128342629
CC_2C657F02A545,0.2278556138277054
CC_2C67021F9D88,0.3551680505275726
CC_2C693F3A3023,0.0410468764603138
CC_2C6A83979DC4,0.14854609072208405
CC_2C6E37C011A1,0.9264285683631897
CC_2C7403D8B7E1,0.15599317848682404
CC_2C746C074609,0.0480159617960453
CC_2C7825D7B256,0.3485914707183838
CC_2C79E82452E9,0.12028210163116455
CC_2C7C20162846,0.17152712643146514
CC_2C7ECAA06932,0.05123649537563324
CC_2C7EFDC81D44,0.570784068107605
CC_2C80938DFA7B,0.07626400887966156
CC_2C84F4B234A4,0.14284878671169282
CC_2C86D0B6EA06,0.14055292457342147
CC_2C87C4F6BAA7,0.12474204003810882
CC_2C87E31CA8C3,0.11772048473358154
CC_2C8A9A111BC4,0.06136317327618599
CC_2C8DFB421006,0.030478726699948312
CC_2C90F790C84D,0.06754798591136932
CC_2C921CEC3EA9,0.10167442113161088
CC_2C93FA55D33A,0.051268144696950915
CC_2C954FCC0FC1,0.09414168149232864
CC_2C9717AF64CD,0.10862229168415069
CC_2CA1CDBD64F6,0.11102115362882614
CC_2CA4C59676BE,0.1295189842581749
CC_2CAF1C83A38B,0.08187859207391739
CC_2CB73602991A,0.19029274582862854
CC_2CB975354F27,0.12297732383012772
CC_2CBA80629B52,0.16666024923324585
CC_2CC03BFD4452,0.06958685740828514
CC_2CC108594B96,0.048906779289245604
CC_2CC173384605,0.5584141969680786
CC_2CC225D6E637,0.46792090535163877
CC_2CC79A01F56A,0.06759488210082054
CC_2CC9859F761E,0.04487471841275692
CC_2CC99D3623BC,0.2697796285152435
CC_2CCAF30EB2E0,0.5464235067367553
CC_2CCBE8D58D76,0.09049421101808548
CC_2CD064F79DE7,0.09234163165092468
CC_2CD127564FB3,0.2708995223045349
CC_2CD309BF0597,0.15169158279895784
CC_2CD38B95592C,0.5460334658622742
CC_2CD3B74CA144,0.15809401869773865
CC_2CD499505A0A,0.17876223623752593
CC_2CD4E0713EB4,0.12780738323926927
CC_2CD92C78B5C0,0.6190515041351319
CC_2CDD4C16C8CE,0.36576056480407715
CC_2CDD9EB83A8C,0.08975736051797867
CC_2CDEE415E376,0.1361381232738495
CC_2CE6BA5339F4,0.7570748448371887
CC_2CE6C1908ECD,0.17234691977500916
CC_2CE8371BAD6A,0.13500274121761321
CC_2CEBA10E5F5A,0.11709111332893371
CC_2CF098FCC43C,0.16520303189754487
CC_2CF16590D2B3,0.11136248409748077
CC_2CF239B06EF8,0.35765190720558165
CC_2CF2D65C5644,0.7144582629203796
CC_2CF75D4AF06E,0.15122503638267518
CC_2CF92625649F,0.2214620292186737
CC_2CFA418D4DD9,0.23459343314170839
CC_2D00DD444AD5,0.06556426286697388
CC_2D08C5363AAF,0.17073419094085693
CC_2D0B32B5B569,0.20002360343933107
CC_2D0BE664E7D3,0.14327245354652404
CC_2D0D8B6F5D11,0.16395237743854524
CC_2D12B08BE908,0.6649954915046692
CC_2D13224B403C,0.08744629174470901
CC_2D1815393DBF,0.07900210171937942
CC_2D1B85E04FB8,0.6282791376113892
CC_2D1BCA2CA783,0.29716594219207765
CC_2D20FA0A7B3A,0.07434680014848709
CC_2D21ECF5FF2A,0.08747170716524125
CC_2D25FD8EB5A8,0.8036804080009461
CC_2D3017E5AEBD,0.08946336060762405
CC_2D306C4C9E00,0.08454369902610778
CC_2D3396DF4087,0.022319217398762702
CC_2D38C6E7B1C3,0.24654319286346435
CC_2D38E94C3590,0.11670610457658767
CC_2D3BCF7FBBC0,0.17721379399299622
CC_2D444F8B975E,0.07644604295492172
CC_2D4546FD4087,0.09255382418632507
CC_2D46153D829A,0.05707630813121796
CC_2D4BD54A487E,0.07891318500041962
CC_2D4D6B898329,0.6376066327095031
CC_2D5295025C74,0.2945993602275848
CC_2D58565A81EE,0.14106446057558059
CC_2D5BFAC25208,0.06797627434134483
CC_2D5C35DDCE45,0.10377179384231568
CC_2D5D7012994C,0.16299412846565248
CC_2D5FA21AE5AB,0.22960956692695617
CC_2D5FAF78541A,0.12004289776086807
CC_2D632944D6DF,0.08006270676851272
CC_2D642E3BF053,0.17073419094085693
CC_2D6540B99C53,0.16299412846565248
CC_2D66878D5798,0.1634408324956894
CC_2D67F294405C,0.6498215794563293
CC_2D691B073531,0.16084324717521667
CC_2D6AEEF9F3E9,0.15860556066036224
CC_2D6B98DB8DE6,0.15599317848682404
CC_2D6B9A5F8987,0.16299412846565248
CC_2D6DF1670672,0.16826668977737427
CC_2D6F273914FD,0.046855039149522784
CC_2D721F717432,0.15243024230003357
CC_2D7242991DFC,0.024412793666124345
CC_2D73932FD82C,0.15809401571750642
CC_2D778357ED85,0.07739591002464294
CC_2D78791260A4,0.1716924399137497
CC_2D78D2DA287A,0.15363979637622832
CC_2D79A857E244,0.16395237743854524
CC_2D7BAA42E57D,0.1035164013504982
CC_2D7C9538050D,0.12579379975795746
CC_2D82D146A401,0.1629941314458847
CC_2D831386A5C5,0.16807177364826204
CC_2D84D93901B6,0.41028096079826354
CC_2D854C4C03D7,0.14702084809541702
CC_2D88250B2326,0.15809402167797088
CC_2D8A9FD65361,0.16299412846565248
CC_2D8E33263E8E,0.15809401869773865
CC_2D91333BB7BF,0.207946315407753
CC_2D93D7400BF8,0.070304224640131
CC_2D946EF3791D,0.06886378079652786
CC_2D94930029D7,0.032572300732135774
CC_2D955026F1F4,0.10552874505519867
CC_2D9746485999,0.16395237147808076
CC_2D998CFCABDE,0.09794870167970657
CC_2D99C6598072,0.2945993661880493
CC_2D9F1235E061,0.0454622857272625
CC_2D9F28BE8674,0.16682111620903015
CC_2DA6193DE53C,0.16395237743854524
CC_2DA6BA71F10D,0.19456998109817505
CC_2DA88800EB36,0.06405787467956543
CC_2DAE7AA7097B,0.16299412846565248
CC_2DAECF779A51,0.28400185108184817
CC_2DB0391E428E,0.17572719156742095
CC_2DB05C999570,0.16460685133934022
CC_2DB2993E34EF,0.061297228932380675
CC_2DB2C026EEEF,0.10951703190803527
CC_2DB90BDBAABD,0.13519913256168364
CC_2DBAC547CBC3,0.13663222938776015
CC_2DBF419A09C0,0.08142266124486923
CC_2DC3C76969E7,0.6098484456539154
CC_2DC6BDC4890C,0.06442317068576812
CC_2DC9FE08E704,0.055696622282266614
CC_2DCDF3560118,0.2035731703042984
CC_2DCFB2A4246D,0.49107365012168885
CC_2DD1F2CC3007,0.13439858704805374
CC_2DD1FCB21212,0.7407545447349548
CC_2DD33FA725DB,0.16395237743854524
CC_2DD4DB088467,0.11587307006120681
CC_2DD5EEC161CC,0.4421297609806061
CC_2DD63D92892E,0.23464395999908447
CC_2DE1DDDC4CBB,0.1713886648416519
CC_2DE503EC1CC4,0.42962976098060607
CC_2DE61872456D,0.18991413116455078
CC_2DE872EE7506,0.5652406930923461
CC_2DEBC2A150C5,0.04104687795042992
CC_2DF1342EE3E9,0.06679596900939941
CC_2DF2C9888F88,0.06129722818732262
CC_2DF47E34AE28,0.1565047174692154
CC_2DF9AF8A8B95,0.275771963596344
CC_2E000E335FD8,0.12474204152822495
CC_2E04253A48F0,0.21302942037582398
CC_2E04B760DF9B,0.1033107429742813
CC_2E13711D67BC,0.07900210320949555
CC_2E1D3CF2DB08,0.09007871598005295
CC_2E1D5964770D,0.23609477877616883
CC_2E1F6982F0CC,0.07019668221473693
CC_2E208C8F8870,0.6642609119415284
CC_2E20DC8464C8,0.11637459546327591
CC_2E22BEBE78F8,0.2163669317960739
CC_2E256D5D842A,0.15860465168952942
CC_2E2657109B1F,0.05263662487268448
CC_2E290095B659,0.06013630628585816
CC_2E31CC93F4A8,0.1343424677848816
CC_2E33C61B82A3,0.07317497581243515
CC_2E39578A665F,0.041046877205371854
CC_2E3A0FA9E38C,0.5881210446357727
CC_2E3AA4971393,0.15340318977832795
CC_2E3C191DB6AF,0.24626948237419127
CC_2E3DDB548FFD,0.626106607913971
CC_2E3EC93FF914,0.2435051530599594
CC_2E431B24495D,0.04371379613876343
CC_2E44F6F08938,0.2130913257598877
CC_2E4539A9B744,0.10937958657741546
CC_2E5262054502,0.1707341879606247
CC_2E54A8C4A3B6,0.09707766622304917
CC_2E57CC3E159D,0.1340422362089157
CC_2E593C08CB03,0.15421608984470367
CC_2E59A8E296AD,0.39485777020454405
CC_2E5B360FB5F8,0.11842946708202362
CC_2E5E4933EDA4,0.04469351395964623
CC_2E6547232192,0.014142480120062828
CC_2E68006F8F9B,0.16395238041877747
CC_2E69A6CFEB80,0.30401204228401185
CC_2E6B214CEFD7,0.030478722974658014
CC_2E6E6B420C77,0.16460685133934022
CC_2E730952591A,0.052636624127626416
CC_2E7449607209,0.037905636429786685
CC_2E74535AD4D2,0.1757765829563141
CC_2E79EA5C6D58,0.1586046576499939
CC_2E7A347ABE12,0.061297228932380675
CC_2E7E38443246,0.10544337034225464
CC_2E7E6B6FFA13,0.3022796630859375
CC_2E84171801AF,0.2883636295795441
CC_2E8A3D1E1897,0.05667656660079956
CC_2E8E2E271A67,0.6484396100044251
CC_2E8F5B64ED91,0.0574832409620285
CC_2E90EA86D135,0.1277270272374153
CC_2E9918F1C76B,0.15599318742752075
CC_2E9933664A13,0.10394314229488373
CC_2E99361595B1,0.08012031018733978
CC_2E99D48B372A,0.14106446057558059
CC_2E9CF4AAAF99,0.1629941314458847
CC_2EA87F09556B,0.13550870716571808
CC_2EB290D7FF89,0.09764830321073532
CC_2EB906496266,0.019288915395736694
CC_2EBE85F769CD,0.16666024923324585
CC_2EBE98029D3E,0.040776608511805534
CC_2EC8FAE6E3A2,0.28904380202293395
CC_2EC94019CFFB,0.24423906803131104
CC_2ECA0DD5038B,0.07427445277571679
CC_2ECE3EAC2E6C,0.10351640284061432
CC_2ECF6AB075B5,0.7345930337905884
CC_2ED03C9CB409,0.050067702680826186
CC_2ED22778FC7E,0.7614875555038452
CC_2ED6A45A1D69,0.19081660211086274
CC_2ED6F5F99ED3,0.03307945989072323
CC_2ED845AFF0D2,0.10351640284061432
CC_2ED9D02F8E87,0.08703079521656036
CC_2EDAA5ECF6A4,0.11898221373558045
CC_2EDC42887989,0.25430275201797486
CC_2EDD75E45FAF,0.17341313362121583
CC_2EDE398239A0,0.0638824924826622
CC_2EE08F42D91F,0.6882543563842773
CC_2EE1972ED27F,0.08865222781896591
CC_2EE583D3EF44,0.2697796285152435
CC_2EE5C3B85AA5,0.08756377398967743
CC_2EE87E5B7E2F,0.16344083845615387
CC_2EEB916E20CA,0.10601882934570313
CC_2EF30C1CEB91,0.28366670608520506
CC_2EF7182E2BF9,0.08960696756839752
CC_2EF95A9978C3,0.12218166738748551
CC_2EFAB98EDE2B,0.12871018052101135
CC_2EFB42294929,0.11818820685148239
CC_2EFD90CE7B0E,0.16733265519142151
CC_2EFDCB6FC7ED,0.09503336250782013
CC_2EFF75420010,0.08339235633611679
CC_2F02BEEB9775,0.22045243680477142
CC_2F043E78A406,0.08717656582593918
CC_2F089640D83E,0.16248259246349334
CC_2F08AD35C4FB,0.10610639601945877
CC_2F099FBB60F8,0.1624825894832611
CC_2F113A04B642,0.13371437042951584
CC_2F1176C371C9,0.15911619663238524
CC_2F144FCB5E23,0.1444384664297104
CC_2F18DD78E5BA,0.1986892431974411
CC_2F25812A06EA,0.13476613461971282
CC_2F2B15F192C3,0.26265853047370913
CC_2F2D0C450F85,0.061297228932380675
CC_2F2E6C2D77A7,0.12031047940254211
CC_2F2FAE950154,0.11027662456035614
CC_2F31C111DB2E,0.12474204003810882
CC_2F3A2BB45E66,0.09889243841171265
CC_2F3C75196B8D,0.08073783069849014
CC_2F40BC5DB112,0.13404223769903184
CC_2F44A9B2379C,0.6452831983566284
CC_2F4B10D3427B,0.4559175491333008
CC_2F504B6DFD32,0.7501349210739136
CC_2F53C9AD59E2,0.7668705344200134
CC_2F555E4BA882,0.08570908308029175
CC_2F5B18CDF78A,0.12980126738548278
CC_2F5C97404761,0.2708995282649994
CC_2F5EAA49FD38,0.2980928122997284
CC_2F602EF38556,0.7719643473625183
CC_2F612BAC4F08,0.048015961050987245
CC_2F69A306B58E,0.08096097409725189
CC_2F6C3939ED89,0.012612179294228554
CC_2F6DECFB8D76,0.1770343154668808
CC_2F79ABE6BC6B,0.4531131982803345
CC_2F7BC3D82FD1,0.15211524963378906
CC_2F7D8E78302D,0.08006270527839661
CC_2F89396E862E,0.13044861257076262
CC_2F8C373C6081,0.10580005645751953
CC_2F8DF69B5B6F,0.08098032027482986
CC_2F9037DDD23F,0.16395238041877747
CC_2F97DCA53BF3,0.2045656770467758
CC_2F9968E03D54,0.5776571810245514
CC_2F99B69B3F49,0.34725493788719175
CC_2FA4167ABC19,0.33034279346466067
CC_2FA486737C14,0.04566754028201103
CC_2FA7FA864E38,0.12666591107845307
CC_2FA80E799A66,0.09503336101770402
CC_2FA86C317391,0.07790835946798325
CC_2FAA444CE574,0.2607104450464249
CC_2FAAEAD1E33B,0.17169243693351746
CC_2FAB1F780BC7,0.06405787393450738
CC_2FABB6EE39C9,0.1910601705312729
CC_2FAF4A7467D9,0.05047532543540001
CC_2FB290AE55E0,0.5459533929824829
CC_2FB312DAFC44,0.6835169434547425
CC_2FB32A3743B1,0.04487471878528595
CC_2FB69C916E38,0.11783452481031417
CC_2FB88553E208,0.14327245056629181
CC_2FB98FF179AC,0.08391155153512955
CC_2FB9F42747D2,0.1436935007572174
CC_2FBB635A2D87,0.16395237743854524
CC_2FBD6BF2D95D,0.5368671536445617
CC_2FBFA0666C04,0.15860555768013002
CC_2FC59A5CF27D,0.064576917886734
CC_2FC842A9C2AB,0.13335217237472535
CC_2FC8449DDFD0,0.056377213448286057
CC_2FC984759B8D,0.10837747901678085
CC_2FCAC10C92F2,0.0092788465321064
CC_2FCE1A5D8D59,0.3394280672073364
CC_2FD0DF441175,0.22658562660217285
CC_2FD3A335F753,0.6397879838943481
CC_2FD88A851C60,0.39485777020454405
CC_2FD8F3461DF0,0.0849829837679863
CC_2FDC0028F67F,0.1586925357580185
CC_2FE151CFE170,0.1201472282409668
CC_2FE1B3B96CFC,0.514773428440094
CC_2FE3F5290050,0.12545013725757598
CC_2FE86034B4B0,0.13361857384443282
CC_2FF14670F36F,0.06427552253007889
CC_2FF5C17609E3,0.1699793741106987
CC_2FF93B142970,0.031212162040174008
CC_2FF9933D2EC9,0.06977426409721374
CC_3002D186CF64,0.47890434265136717
CC_30089430A812,0.5396797299385071
CC_300C90D79FDE,0.838905668258667
CC_300D3D4EAE5B,0.18309353590011596
CC_3011A49D8F46,0.1534031882882118
CC_301558E72CC8,0.16395237743854524
CC_3015E8E8502C,0.16344083547592164
CC_30187B6CBBFB,0.08196678012609482
CC_301AF08C6D6D,0.7407545685768128
CC_301B934F5063,0.6091025471687317
CC_301E9FBF5EE7,0.05450738668441772
CC_3021DAAD0406,0.06405787616968155
CC_30225D5A1283,0.0940297469496727
CC_30250C44C9E9,0.04637721441686153
CC_3026D0E47D6B,0.49107365012168885
CC_30276B4736B1,0.06679596975445748
CC_302C74EC1CCB,0.07633530199527741
CC_302EDCDB3AB5,0.30713617205619814
CC_3036511C57F9,0.18512993752956391
CC_303683C15916,0.07639458924531936
CC_3038119DF154,0.2826908051967621
CC_303960822BB4,0.7786934852600098
CC_3039996D5E01,0.3462406575679779
CC_303D03F16949,0.1495252564549446
CC_303DCE7967DB,0.6856894850730896
CC_30427F5A6323,0.16395237743854524
CC_3048ECC6A1D8,0.1033107429742813
CC_3049B6510798,0.04685503989458084
CC_304A38A7F24D,0.10302818417549134
CC_304B1B877282,0.19063959419727325
CC_304D2E6B41DB,0.03944488875567913
CC_304FE609229B,0.5492281258106232
CC_3050B810A807,0.21232497990131377
CC_305316671265,0.20194681584835053
CC_3053A571FF7E,0.0687707781791687
CC_305E70BA7C13,0.13636493682861328
CC_305F6A86F1B2,0.24565141201019286
CC_305F6EE0CF51,0.11033626794815063
CC_30601EE5A5D8,0.12965996116399764
CC_3062DF827DC0,0.19460152685642243
CC_30664214960C,0.39485777020454405
CC_30686A756335,0.1336905226111412
CC_3068DE4E9268,0.11134104281663895
CC_306929E45492,0.2887264728546143
CC_3069852D1966,0.5315973579883575
CC_3072DCBA094E,0.16387811303138733
CC_30767547CE99,0.07594948559999466
CC_3078FBC5B6A8,0.14146256893873216
CC_307B0C37BFA1,0.27533518671989443
CC_30851ED6085D,0.340739768743515
CC_3085785DB82B,0.1410282716155052
CC_3085E2603C30,0.14827656447887422
CC_3085F968D52D,0.08865222781896591
CC_308797A88E47,0.1668211191892624
CC_308DF23FAD21,0.08501021414995194
CC_308E030D193D,0.12474204152822495
CC_3091A2176290,0.15599318146705626
CC_3093DE4E4D56,0.14333489835262297
CC_3094529729A8,0.05569662153720856
CC_30962431A610,0.10283449143171311
CC_3098644FA268,0.05356167256832123
CC_30A211030FDF,0.07923531979322433
CC_30A444AD767F,0.26462029814720156
CC_30B0B774B8AA,0.08407969027757645
CC_30B2E0270E37,0.1972489207983017
CC_30B770F35DAC,0.15695142447948457
CC_30B7ECDE07D0,0.0745960608124733
CC_30B97F22AAE7,0.6841720700263977
CC_30BD9FD0C87D,0.0455233208835125
CC_30C15194B7AE,0.03868303149938583
CC_30C6EA27CDAC,0.16395238041877747
CC_30C9E92A25F0,0.0959690198302269
CC_30CB8ABEE42C,0.15599317848682404
CC_30CD1B9D0C7E,0.1084156572818756
CC_30CDA9CB4D05,0.05823723152279854
CC_30D5BE9E8652,0.5269427478313446
CC_30D67095E918,0.3705084204673767
CC_30DA11D35043,0.06588435992598533
CC_30E0338EC333,0.10161681771278382
CC_30E6D12BE19B,0.2474678099155426
CC_30E6E919AEC5,0.11637943089008332
CC_30EA871F367B,0.11038187742233277
CC_30EB9878FB4C,0.30476353168487547
CC_30ECCAEE0F0D,0.046855039149522784
CC_30ECE8892C31,0.07206291854381561
CC_30EDDEBA2BD2,0.03334973081946373
CC_30EFC45102AB,0.08859462589025498
CC_30F12BBB0452,0.626106595993042
CC_30FB470CC524,0.18157519400119781
CC_30FBDB04821A,0.26722198724746704
CC_30FF1A8EA15A,0.11951172798871994
CC_30FFE264A690,0.12012294381856918
CC_31031864F9C4,0.1624825894832611
CC_3109BD787651,0.21927409172058104
CC_3109D06DD185,0.1384052038192749
CC_310ADD4EFBDA,0.3501929581165314
CC_310D869C6696,0.07768990695476533
CC_310F76745BC3,0.8862828969955444
CC_31105C8BD1C8,0.0754963219165802
CC_3111BCA7BCEE,0.16149772107601165
CC_31148413CF8F,0.080960975587368
CC_311DA4368876,0.1164778083562851
CC_3123CF015F76,0.10167441964149475
CC_3124941A45C4,0.8675547361373901
CC_31252D578834,0.6452831864356995
CC_31283EF4480C,0.5650292038917542
CC_312DD976F63E,0.46792089343070986
CC_31329ED18379,0.2541558086872101
CC_31370C746AC4,0.116571444272995
CC_31421F6B91F1,0.1431429147720337
CC_31422EF66BDD,0.16643122136592864
CC_31427A1343A5,0.7407545685768128
CC_31431C911EE5,0.4268916606903076
CC_3144BECD6CBC,0.702693510055542
CC_3146B3A91B9B,0.11925871521234513
CC_314EE2A14721,0.07611749023199081
CC_31518250CB98,0.05994902849197388
CC_31530486F0F3,0.5626816928386689
CC_31596CFB1EC2,0.4893772959709167
CC_315A944CF632,0.7385900616645813
CC_315C315CAD62,0.14560456275939943
CC_3167FE241E1D,0.1129718691110611
CC_3171E08D6616,0.12537014186382295
CC_3172629C6277,0.0758061483502388
CC_317423FE101D,0.3934952139854431
CC_31750349421C,0.1350850433111191
CC_3175920B9AA6,0.16666024625301362
CC_3176195B68F7,0.06427552178502083
CC_31771B6CA092,0.3819024503231049
CC_317D9897E502,0.12352271974086762
CC_317ED8B5B0F4,0.11577578634023666
CC_3180003CE691,0.11009258627891541
CC_3181B58BAB86,0.5674575090408325
CC_31820568B5E4,0.14952525794506072
CC_31885F01F804,0.11604810208082199
CC_31903AB7A058,0.13506959825754167
CC_3195D8A9F7E7,0.7407545685768128
CC_319646E9BF1A,0.2993151187896729
CC_3196B140C845,0.2697796285152435
CC_3197630E0190,0.1591161996126175
CC_319765D38893,0.10431205928325653
CC_319C4619E111,0.17169244289398194
CC_31A0F4D11C1E,0.7301462411880493
CC_31A521803204,0.10251508504152299
CC_31A796219C5C,0.1045034795999527
CC_31A84FAD3326,0.2195270836353302
CC_31AC3F7F532C,0.378158313035965
CC_31AE73EAA21B,0.09656402915716171
CC_31B22CBBB5D9,0.16299412548542022
CC_31B31D66D6B5,0.1634408414363861
CC_31BC0F05669D,0.10958622097969055
CC_31BF0630D0F6,0.1910601705312729
CC_31C73750529D,0.1586046576499939
CC_31C74DB3E553,0.17073419094085693
CC_31C8A5FE5ABF,0.7758419871330261
CC_31C936FA6F7C,0.17234691381454467
CC_31C9894FDA7E,0.5345326781272888
CC_31D4B3CD9CE5,0.0612972266972065
CC_31DB286EED01,0.07648278325796128
CC_31DBCF532798,0.17502585649490357
CC_31DCB58CF8EB,0.5900413513183593
CC_31DE284B7633,0.16248258650302888
CC_31E04C7A5782,0.012612179294228554
CC_31E84D4BF5C6,0.2424599587917328
CC_31EBB193B68A,0.17502585649490357
CC_31EF82DB48FD,0.49107365012168885
CC_31F30D9DB99A,0.06032320335507393
CC_31F37B08A5C2,0.14772346913814544
CC_31F4949195C2,0.09496770203113555
CC_31F546795669,0.07321776896715164
CC_31F70041B654,0.039157893508672714
CC_31F73F35EFBE,0.05050167590379715
CC_31F9234BEAC3,0.1495252564549446
CC_31FA9D656547,0.09856419861316681
CC_31FC6FA913CD,0.054535699635744096
CC_31FD0A0F8E47,0.06174185872077942
CC_3202CFACD598,0.690928852558136
CC_3206E1AA4187,0.039715158939361575
CC_32078AF802C7,0.15440926998853682
CC_320828540413,0.15421608388423919
CC_3208CAA07C8C,0.06002385094761849
CC_3208E72F7AFC,0.11772048771381378
CC_320B7D8A811D,0.04487471878528595
CC_320F5AFC26D3,0.6265628576278687
CC_320FF6099EEC,0.11136587858200073
CC_3218D98BE40E,0.10313230007886887
CC_32199B877A9B,0.08619012534618378
CC_321AB2B57ACC,0.1639523833990097
CC_3222E26640A7,0.15391472578048707
CC_3223669816E1,0.5125066459178924
CC_3223A9333DE8,0.3992022216320038
CC_3228457876FA,0.3610957384109497
CC_322D9FB78146,0.3934952139854431
CC_322EF0BBDA71,0.30422440767288206
CC_322F15DE53FD,0.07860751897096634
CC_32311E094DDC,0.0625043548643589
CC_32397691C738,0.06679597049951554
CC_3241CCF65635,0.1565047174692154
CC_32448B202D73,0.28904380202293395
CC_32467BC53843,0.32722052931785583
CC_3246FE4CC4B2,0.1031474843621254
CC_3248DED1F983,0.15599317848682404
CC_324B2ACE8374,0.1636485993862152
CC_32518CC25E28,0.06526500135660171
CC_325311FE672A,0.14327245354652404
CC_3254AF1B2FC6,0.1436544507741928
CC_325556272813,0.12638319432735443
CC_325D18BBB733,0.09496770203113555
CC_325D8695FB1C,0.16299412846565248
CC_32621AD8E195,0.05054304860532284
CC_3263026C57E3,0.0904669776558876
CC_32645ACD28D9,0.06405787467956543
CC_326B49BE3BA0,0.20037088990211488
CC_326BC9BCEABD,0.10155115723609924
CC_326C0F7A5060,0.49107365012168885
CC_326EA5883D87,0.07782920002937317
CC_326F0018D707,0.5269427359104156
CC_327384EAB544,0.051141904294490816
CC_327475DF847E,0.14560455977916717
CC_327518E6508B,0.12431837767362594
CC_327B9345E789,0.17990551590919496
CC_327DA000919A,0.07191639840602874
CC_327F80D4EB5B,0.39485777616500856
CC_327FB9CAB049,0.10958621948957444
CC_32803827EEF8,0.2351633757352829
CC_3284B0538C9B,0.1565047174692154
CC_3286FA567F95,0.645739483833313
CC_328714732378,0.37050843238830566
CC_32876202CFD9,0.1090810939669609
CC_32876FE63F58,0.12838379591703414
CC_32899868EFFD,0.1586046576499939
CC_3289C0E69AE5,0.12213528156280518
CC_328DCADAA10C,0.11954738795757294
CC_328E23F443F6,0.05450738519430161
CC_32925B204FD4,0.5824146032333374
CC_32955270159F,0.5465992212295532
CC_32959DE9762F,0.32102730870246887
CC_3295D854CD34,0.048015961050987245
CC_329993E9196E,0.08311062753200531
CC_329AE0372642,0.25390529334545137
CC_329AE0C2EAC7,0.38149186968803406
CC_329DDD379D8F,0.1565047174692154
CC_32A53BC0E9D9,0.15956380665302278
CC_32A55EB660DA,0.1394845128059387
CC_32A66A08A4F3,0.05845726877450943
CC_32A79E0765C0,0.4789043366909027
CC_32A7F9F5D94A,0.41914296746253965
CC_32ABBEC0E349,0.6435669183731079
CC_32B30963B9BE,0.4531131982803345
CC_32B39527ABFC,0.37273272275924685
CC_32B7BBBFF3D3,0.6280389666557312
CC_32C2CDAE2FBC,0.19400265216827392
CC_32C38C068A1C,0.11977787017822265
CC_32C53C15599B,0.3320731043815613
CC_32C814285D57,0.4299497246742249
CC_32C86F8262EE,0.17475729882717134
CC_32CB14D852D3,0.1496131256222725
CC_32CBF79A0BCF,0.15599317848682404
CC_32CC81EDA9CE,0.24523356854915618
CC_32D05B93B952,0.23190555572509766
CC_32D4B2BB94B2,0.08644497245550156
CC_32DC6577BC04,0.08213836103677749
CC_32DE6036FB04,0.1565047174692154
CC_32DF6D3FE6C9,0.5916764259338378
CC_32E2858F9CE9,0.16352218985557557
CC_32E31418F328,0.6305655241012573
CC_32E78ECF8FBE,0.12838379740715028
CC_32E872638DFE,0.09787332266569138
CC_32E898C00242,0.1770343154668808
CC_32EE045C403F,0.1401292622089386
CC_32EEAB665612,0.062228701263666156
CC_32F7B2C11C99,0.340739768743515
CC_32F9EB31A8BB,0.15599317848682404
CC_32FD250F5D76,0.04077660776674748
CC_32FDACA4D56C,0.18264770209789277
CC_33023075B02B,0.05050167515873909
CC_330876B820DA,0.10300276726484299
CC_3308F59BA9EB,0.10937958508729935
CC_331094A6CDE1,0.16438149511814118
CC_3313F092D5B6,0.07255473807454109
CC_3315085EBF37,0.8031339406967163
CC_331AADDFDE06,0.26948471665382384
CC_332540747C9D,0.041046878695487975
CC_3328934D3ED0,0.13258811235427856
CC_332B4AA5CEF4,0.7407545566558837
CC_332BF19A2D71,0.15262678563594817
CC_332C450218E9,0.11666872650384903
CC_332E266FDDA0,0.3128516435623169
CC_33332E49E1BB,0.0734301671385765
CC_33391B5FBF24,0.3480268716812134
CC_334A47399A2D,0.05050167515873909
CC_334D608B90DA,0.14753238707780839
CC_334DE0E39314,0.08328786194324493
CC_3352898DE878,0.09509096592664719
CC_33542B16C504,0.6045170545578002
CC_335C040063B1,0.10877109915018082
CC_335CC6AC1E43,0.1315363496541977
CC_3367F590A328,0.15003679245710372
CC_3368E5622465,0.05720071122050285
CC_336DA9E5F038,0.08772888332605362
CC_337087C31962,0.2117866486310959
CC_3370940BE984,0.10273488312959671
CC_3375753645FF,0.17392518520355224
CC_337830C6EDC6,0.1616547852754593
CC_337857EAD5CC,0.1390770673751831
CC_337863E76B3F,0.14715038537979125
CC_3378A03A24A8,0.20496054589748383
CC_33799F9A52C1,0.17234691381454467
CC_3379E92DDAE6,0.13132784217596055
CC_337AAE7EA967,0.09798608869314193
CC_337BD3903520,0.06442317068576812
CC_337D8A86F4B9,0.3255850553512573
CC_337E2F6C623A,0.14785877168178557
CC_33808A09956C,0.26334214210510254
CC_3383C4B36D42,0.7267304539680481
CC_338506A3E9D6,0.16567307114601135
CC_338700DDFCB2,0.16892115473747255
CC_338F0AB84D2C,0.5824145913124085
CC_3397C647F272,0.7110424399375915
CC_3398286DB808,0.3268047422170639
CC_339E87F9EE65,0.09887509793043137
CC_33A25484EF15,0.17234691381454467
CC_33A28D6AFB13,0.28371173739433286
CC_33A2FB867172,0.28654793500900266
CC_33A7B5F7B93C,0.16395237743854524
CC_33AA441C619D,0.27808563113212587
CC_33AA5AA7FCDA,0.15211524665355683
CC_33ACCB17E845,0.1217758297920227
CC_33B51FB8628F,0.15211524665355683
CC_33BA99AC904D,0.15383663773536682
CC_33BE34E6D6EF,0.7620828032493592
CC_33BFD8084A11,0.05867491438984871
CC_33C500CFCFCF,0.08960696756839752
CC_33C8F03530AD,0.17234691381454467
CC_33C8F2B61422,0.24127811193466187
CC_33CB15D7AE6A,0.09670931249856948
CC_33D0AE884AEB,0.1885267674922943
CC_33D2656A7D64,0.19752414524555206
CC_33D6966EADEE,0.06879045739769936
CC_33D840D2BB45,0.1629941314458847
CC_33DA3463ACB6,0.1431429162621498
CC_33DBBD8AA5CF,0.13291871398687363
CC_33E06E659CF6,0.1495252549648285
CC_33E2AB2276B7,0.4531131863594055
CC_33E31B37CD5D,0.3610957324504852
CC_33E353C45163,0.015642482787370682
CC_33E7BFDE8896,0.12474204003810882
CC_33E8E53E6653,0.06257029846310616
CC_33ECAE64AE33,0.14753238409757613
CC_33F0B7C3B50B,0.15599317848682404
CC_33F34CD65799,0.1476619213819504
CC_33F8D6A9FE77,0.2045428067445755
CC_34029724A049,0.061297228932380675
CC_340299EFBF98,0.1421682596206665
CC_3406EA201ADB,0.1634408414363861
CC_340BB9F39956,0.7407545566558837
CC_340F2209AD41,0.12967173606157303
CC_340F48C1FBB4,0.19985540509223937
CC_3414176F6060,0.19321416914463044
CC_3417E5ED6747,0.17487707436084748
CC_341AC28E1BB4,0.1366322308778763
CC_341CC8C960F6,0.8389056205749512
CC_3420AB0104B2,0.14513354301452636
CC_3420AC653C11,0.1634408414363861
CC_34270E2857B2,0.1754215896129608
CC_3428A4DDA006,0.11544940322637558
CC_342C2DF98DCC,0.17162902653217316
CC_342CA890711C,0.0978233978152275
CC_342CF45CFCBA,0.10578748732805252
CC_342DC03163FF,0.6506290674209595
CC_342E047D9240,0.1215789794921875
CC_342F51753436,0.17234691679477693
CC_343111D676AE,0.10958622246980668
CC_3435ABF83867,0.10949555784463882
CC_3438BA8308A0,0.5043288111686707
CC_343A710815B0,0.6327222943305969
CC_343D2EFE4852,0.10914727598428726
CC_3442F95FACA8,0.11800917536020279
CC_34454ADAB50C,0.09076730012893677
CC_344776D2C24C,0.1076866328716278
CC_344BA6BC1E86,0.14910158812999724
CC_344E2F829C3B,0.15262678563594817
CC_344F3695920C,0.14734723567962646
CC_3450AB7DF352,0.10431205779314041
CC_3454BA11979A,0.05228484943509102
CC_34566836A067,0.12674595415592194
CC_3458964E10A9,0.05166259855031967
CC_345B5EF04127,0.19422843754291536
CC_345C692DE002,0.5652406811714172
CC_346089F4455D,0.14314291775226592
CC_3464A2A1D353,0.05726320371031761
CC_346FE80329BA,0.06592840254306793
CC_3475D933E003,0.21205358803272248
CC_347F97D35539,0.1347661331295967
CC_34835A300DDD,0.16731472611427306
CC_348E17972F0C,0.29266777634620667
CC_34921386E00A,0.07860752046108246
CC_3493F8EC0771,0.19004814326763153
CC_34A1CF339FF8,0.13519913256168364
CC_34A2FE23BCDC,0.04664748460054398
CC_34A342D8194C,0.291772735118866
CC_34A519961DE5,0.6925209760665894
CC_34A663701169,0.16798713505268098
CC_34AC414A6721,0.080960975587368
CC_34AD788F537D,0.7026935458183289
CC_34AE2E59FEB7,0.12823104709386826
CC_34B449B04CF0,0.6940383911132812
CC_34B4D80F670E,0.1538366436958313
CC_34B5DD9E5BAF,0.199987930059433
CC_34BA7C3617A4,0.7620827913284302
CC_34C017698A96,0.23360131978988646
CC_34C0AB20D32D,0.39920220971107484
CC_34C2962C77C2,0.20533718764781952
CC_34C6BA8BEF62,0.10351640433073044
CC_34C79226EFE2,0.10993585884571075
CC_34CBBD792EF8,0.09695836156606674
CC_34CBE262ED45,0.21737528443336487
CC_34CE7677B7AA,0.176006743311882
CC_34D1BA35290E,0.12537013739347458
CC_34D47BFC3585,0.31904796361923216
CC_34DB5DAC39CA,0.08630701303482055
CC_34DD16EDC0C9,0.32712252140045167
CC_34E3D4D4A7B4,0.2062097281217575
CC_34E7B5F2D2D5,0.6627435445785522
CC_34E7BEF1CB10,0.5708647608757019
CC_34E82F236AC8,0.39920220375061033
CC_34EBE420D07F,0.1634408414363861
CC_34F1B3C54B32,0.15599317848682404
CC_34F94F840893,0.14327245056629181
CC_34FE8BACF725,0.12004289329051972
CC_34FE90DF910D,0.09213016033172608
CC_34FFECF388D6,0.7258772492408753
CC_3500519E2522,0.0514757014811039
CC_35009A2C8786,0.09202507138252258
CC_3508EA37227A,0.1538366436958313
CC_350A49A0CCE7,0.2902046799659729
CC_350AFDB3E4A4,0.06740146428346634
CC_350D75A96ED2,0.06762953326106072
CC_350E7FF8EBE7,0.5855183959007263
CC_350F3B6E5EE7,0.13350845128297806
CC_35108FFDF38F,0.44212973713874815
CC_3512CF52CA97,0.08949289470911026
CC_351329975577,0.49107364416122434
CC_351783D185D5,0.2907402038574219
CC_3517BB418592,0.14398083984851837
CC_352101D49FA3,0.10724384933710099
CC_352348332285,0.04350624196231365
CC_3524B5FE500C,0.1306518003344536
CC_352B14E96C32,0.05823723077774048
CC_352D1F645A53,0.120440012216568
CC_353169CA9A17,0.01564248315989971
CC_3531880AF405,0.5460334539413452
CC_353200CCB698,0.08751400709152221
CC_3535B47DBEAA,0.4679208993911743
CC_353816E7D9E2,0.18434646725654602
CC_353985FE06D4,0.08819720596075058
CC_353D51AE7F22,0.09482540190219879
CC_353D5DEB25F0,0.046647485345602036
CC_353EF85D5356,0.07312352359294891
CC_354D93B51452,0.08103791922330857
CC_3552FA56C730,0.31267871856689455
CC_3555A8B600CC,0.17285401225090027
CC_35574F651B0C,0.27934848368167875
CC_35577D0EFCA3,0.11127095073461532
CC_3557E8A59F9A,0.21576687693595886
CC_3557F469E5E1,0.16731472611427306
CC_355BEFEA0F51,0.15262678563594817
CC_355C31BC86BA,0.15956380367279052
CC_355E2F99F167,0.7519822835922241
CC_355EC5CEE281,0.22340642511844636
CC_3562B902ED01,0.2115282267332077
CC_356456DC01EF,0.0733568400144577
CC_35663E7412DA,0.4542990565299988
CC_356999CCA605,0.08644497245550156
CC_356C7FCD01DC,0.18968835175037385
CC_356CBE9A1547,0.08073782920837402
CC_356D13587AC8,0.06679597198963165
CC_357386140C1C,0.7695674777030945
CC_3573F8851211,0.1783271074295044
CC_3576D2B9250A,0.47890434265136717
CC_357B92E8140E,0.56208575963974
CC_357CAF9CA0FA,0.717799186706543
CC_357D7F2B3302,0.09523568451404571
CC_35800751E14C,0.09856420159339904
CC_35855FF36F34,0.5003373444080352
CC_35869AA38991,0.6841720938682556
CC_358C78688BD6,0.16299412846565248
CC_358D1F733AFB,0.6702987670898437
CC_3590FF05862E,0.10279612839221955
CC_359662924B7E,0.18456684648990632
CC_359A0F5E139F,0.039715158939361575
CC_35AC38003B44,0.0831106260418892
CC_35AEAD4B6A34,0.039715157449245454
CC_35B421A476C4,0.1949150264263153
CC_35B4912CD6D4,0.20568763017654418
CC_35BA3D319A09,0.18922810554504393
CC_35BB8B2EE990,0.7110424399375915
CC_35BBD88A6D7F,0.1639523833990097
CC_35BC16ADAFF4,0.12474203705787659
CC_35C021D92589,0.025652550905942918
CC_35C2BDC8ACED,0.79131098985672
CC_35C6D9E254F6,0.1939057171344757
CC_35D121A08242,0.1158730685710907
CC_35D6106E8E97,0.06864500641822815
CC_35D722A16A46,0.06129722967743874
CC_35DB2119FAC9,0.10671479851007462
CC_35E1B85105D0,0.09280527979135514
CC_35E3227EFA16,0.22246363162994384
CC_35E3E4C4ECF2,0.26386340856552126
CC_35E58EF02126,0.08006270676851272
CC_35EB917133A5,0.22848443388938905
CC_35F4BBD71FDD,0.16395237743854524
CC_35F61E1B8898,0.09049421101808548
CC_35F6F2A80F70,0.1607802093029022
CC_35FE42A77B08,0.1547736793756485
CC_3601B4F9A89D,0.2386227548122406
CC_360823DCCD45,0.06679597049951554
CC_361621ACEAB6,0.14812693148851394
CC_36175EFD218F,0.28942614793777466
CC_3617C8435722,0.16666024923324585
CC_361861C3C63C,0.06740146577358246
CC_361BEAE735FD,0.10937958806753159
CC_361CD397896F,0.4346303164958954
CC_361CE8DFB8F2,0.07549632340669632
CC_361E9CEE844E,0.12464475631713867
CC_3623208152AF,0.03790563531219959
CC_3629729C93EE,0.24245995581150054
CC_362B922B63D4,0.061509692668914796
CC_3632CF9A9FC7,0.5460334420204163
CC_3637709B8467,0.26386340856552126
CC_363B528ACE26,0.08098031729459762
CC_363BEA2F53BF,0.7125692248344422
CC_363E30C490EF,0.40702047348022463
CC_3640106494AF,0.291772723197937
CC_3640A2DB9AF8,0.06573784127831458
CC_3641B3E9DD92,0.1586925357580185
CC_3644D19BE162,0.0716565117239952
CC_364A8036A1D9,0.7026935458183289
CC_364F837E4154,0.06526500061154365
CC_365306B2E2FB,0.16299412846565248
CC_3653C392691F,0.3575935959815979
CC_3654C8CF49F8,0.10351640284061432
CC_36569AC99717,0.6620883703231811
CC_365789E96DA6,0.15695142447948457
CC_365977F1908B,0.0670707382261753
CC_365A8E1A2AE8,0.06679596900939941
CC_365B28C61768,0.19351779520511628
CC_366165139784,0.07256948202848434
CC_366312F32D5E,0.1940026491880417
CC_3664A1C47C7D,0.12394638359546661
CC_36658978DF48,0.07443571537733078
CC_3667A2750871,0.32148101925849915
CC_36688B1EF976,0.0831692099571228
CC_3669155DC607,0.19306862354278564
CC_366BD3E346F5,0.07415302470326424
CC_366CFB3521AD,0.34066306352615355
CC_366D9E4A33E0,0.2591128319501877
CC_366F2212A730,0.06129722818732262
CC_36723AB4299F,0.23717228770256044
CC_3679F2799D53,0.14087930768728257
CC_367D3A611951,0.09840975105762481
CC_367EC8786186,0.7170665502548218
CC_36822E370AAE,0.5187649071216583
CC_36824A274886,0.05050167515873909
CC_36832B6653E7,0.1493896499276161
CC_3683D62EB70A,0.14346930384635925
CC_36844EA3868D,0.6992777347564697
CC_3684966D4A76,0.17775166630744935
CC_36856EF07C34,0.45311319231987
CC_368C76E78D3A,0.6517705917358398
CC_368E147BEAFB,0.6246681094169617
CC_368EC61A3BD5,0.09751877039670945
CC_368F0DA6E3C7,0.1405101627111435
CC_368F4FB6DC33,0.7924314260482788
CC_3690724B9F42,0.7413497924804687
CC_36940D7F7E8F,0.06442317217588425
CC_3699F2C372E4,0.2189328134059906
CC_369D619165B0,0.7234844088554382
CC_36A391452CA1,0.061297228932380675
CC_36A92E638415,0.07554777413606643
CC_36AAFC0BDA2F,0.16851548254489898
CC_36AF942D1617,0.05006770193576813
CC_36B3AAB98DBE,0.212733256816864
CC_36B834261002,0.7685929894447326
CC_36BADE5D5F77,0.7110424399375915
CC_36BB14731B86,0.1414874792098999
CC_36BBF85BB423,0.16299412548542022
CC_36BD8BF45150,0.7399861693382264
CC_36BDF839C97A,0.07633530646562577
CC_36BF8517FFA0,0.11086944490671158
CC_36BFEA0A349F,0.4531131982803345
CC_36C148E678C7,0.1338967502117157
CC_36C25F6E64CC,0.18650229275226593
CC_36C3A88E39E6,0.5257618069648743
CC_36C580A99CA3,0.35678117871284487
CC_36C64D34F51E,0.1695173352956772
CC_36CD868E6B56,0.11062398552894592
CC_36CE0D376B2F,0.06442204415798188
CC_36D318E5AC0E,0.6282791495323181
CC_36D3A05B0CE7,0.11885945200920105
CC_36D558EA171C,0.046855039149522784
CC_36D9AC453BC2,0.05050167366862297
CC_36DD23FFA04C,0.1716924339532852
CC_36DFE7B297BE,0.10911157876253127
CC_36E11C3B7C40,0.19334817230701445
CC_36E236CA43E0,0.09467763304710389
CC_36E5A7F57F32,0.1538366436958313
CC_36E907FC2C5F,0.35111241936683657
CC_36E956F2B879,0.2708605915307999
CC_36EA972A994F,0.39485777020454405
CC_36ECAD497115,0.033563895523548125
CC_36EE8B3712E2,0.17160009741783142
CC_36EF3CB9D558,0.013735277578234673
CC_36F03DDC7EAC,0.0834146723151207
CC_36F0667A6FDE,0.1430145725607872
CC_36F48FD278D5,0.18362858891487122
CC_36FF34ECB262,0.07249773144721985
CC_370111102209,0.6925209641456604
CC_3701598458C8,0.34623777866363525
CC_370F42DA1D53,0.14925122559070586
CC_371280C119F1,0.15956380665302278
CC_37178822CCA3,0.34417153596878053
CC_3718FEABD892,0.6257692456245423
CC_371D57969C23,0.13275043964385985
CC_371F3AB7A077,0.26553288102149963
CC_371F5C0F693A,0.20422765612602234
CC_372324064B14,0.10251508355140686
CC_3723AD008C9B,0.1452437534928322
CC_3727794DD8B6,0.06703617125749588
CC_372DA829DDB5,0.7110424160957336
CC_372EAF4554E7,0.1593376010656357
CC_3731475350E1,0.7222331047058106
CC_3734A2975C24,0.11703886836767197
CC_373A58E3B60B,0.1565570831298828
CC_373B5F29ADCE,0.3426597356796265
CC_373B652D08FD,0.21930769681930543
CC_373C67E639DC,0.1431429162621498
CC_373CBA62B6BC,0.09111040234565734
CC_373CFE6D075A,0.3923739016056061
CC_374440C69DE7,0.11085808575153351
CC_3744500021F4,0.7374136090278626
CC_3744FDA30D56,0.10937958359718322
CC_374621359005,0.220365110039711
CC_3749054688F9,0.16395237445831298
CC_374A3DBF546F,0.6152406930923462
CC_374D1158BF5A,0.07854424268007279
CC_374F2567B96C,0.06442204490303993
CC_37502F0871FC,0.22043742537498473
CC_37505D4BBC5D,0.5650440931320191
CC_37543CBC6452,0.07473153918981552
CC_375554505BD6,0.8200751185417176
CC_375A1A65F74F,0.07554777264595032
CC_375A75D73FD8,0.5882588922977448
CC_375BB868D7AE,0.41598795652389525
CC_375CFD34507B,0.7407545566558837
CC_375E4DAA38E1,0.1569514274597168
CC_375EDD794E17,0.7669830560684204
CC_376348B568EB,0.33688061833381655
CC_376505F333C1,0.14106446057558059
CC_37684FC3D9E4,0.5596786916255951
CC_376CEB00C1BC,0.18134861588478088
CC_376D949399AA,0.03307945989072323
CC_376DEFB0A3EA,0.1591161996126175
CC_3772713D2B7B,0.15599318146705626
CC_377411AF4E68,0.10251508504152299
CC_377B30E92007,0.051923852786421774
CC_377D723D01D9,0.24565141201019286
CC_37833BA5191A,0.6128545939922333
CC_3784C09C70E0,0.08809417933225631
CC_3789812B3416,0.14910158962011338
CC_378BB2746900,0.08954936265945435
CC_378EB18643BB,0.11772048771381378
CC_37933E52C71F,0.49482773542404174
CC_37936DF180B9,0.10824516862630844
CC_37942F4E7B8F,0.10958622097969055
CC_379892085817,0.15860555768013002
CC_37A4B3F97F69,0.15921258926391602
CC_37A52199A176,0.06954187452793122
CC_37AA8228356E,0.1039400652050972
CC_37AA9C80C01F,0.061297228932380675
CC_37AB566399EC,0.055696625262498856
CC_37AE39620FAD,0.03334973081946373
CC_37AF76639F75,0.037905634939670564
CC_37AFA6A57226,0.44212976694107053
CC_37B27405710A,0.02605915181338787
CC_37B28F8573EC,0.2453565001487732
CC_37B463F68BEF,0.12998002916574478
CC_37B8653E92E0,0.30848400592803954
CC_37B94B4DA8E3,0.2618086189031601
CC_37B9A2C6D054,0.19586902260780334
CC_37BA87388D17,0.10251508355140686
CC_37C40AA2E44F,0.19305606782436371
CC_37CCBC27A220,0.12444882392883301
CC_37D0C55CE9CE,0.05126814767718315
CC_37D28222E186,0.5657663464546203
CC_37D46977FDCB,0.39485777020454405
CC_37DBB31C2D42,0.35765191316604616
CC_37DBC68F0DC6,1.0
CC_37DE4FA7C35E,0.1392739161849022
CC_37E3AD9E30DA,0.5932314038276673
CC_37E3D7E057E4,0.10331073999404908
CC_37E4EFF37AFA,0.25710641741752627
CC_37E5DA525091,0.1029408484697342
CC_37E6B35D0FB8,0.2087586998939514
CC_37E8496A58E8,0.11745289713144302
CC_37E8BF89E4FC,0.1872593104839325
CC_37F97709F300,0.2368883579969406
CC_37F97C4ED049,0.43632117509841917
CC_37F9D963E601,0.6427732706069946
CC_37FCFC4DEBBF,0.16826668679714202
CC_37FE1D7DEA3B,0.0921750545501709
CC_37FE82C4635B,0.09735968708992004
CC_37FEB765EEC2,0.20018027424812318
CC_37FF7D5890E1,0.048015961050987245
CC_3801CE554CFF,0.18124672174453735
CC_38030720DE1F,0.12701172530651092
CC_3804795A8851,0.1972489207983017
CC_380AC07ADC0E,0.15695143043994902
CC_380AC17591E9,0.4679209113121033
CC_380C2437052E,0.4546191394329071
CC_380C47FAB6EA,0.06442317217588425
CC_380E21C16482,0.3819024384021759
CC_380E63F572DD,0.07732461392879486
CC_38112B255ED3,0.14456038773059846
CC_3812F4714301,0.702693521976471
CC_3813013D85D3,0.05432814508676529
CC_381955360877,0.18584782481193543
CC_381A391C2B60,0.1569514274597168
CC_381B7721B351,0.10351640284061432
CC_381CC09CBB48,0.16299412846565248
CC_381D194F3E28,0.3150309145450592
CC_381D9A6889BA,0.16982042491436006
CC_38226179F35B,0.09499311447143555
CC_3824A9AF5157,0.1326091393828392
CC_382AEA92217D,0.10279612988233566
CC_382E641B71EC,0.0410468764603138
CC_382EFE89D791,0.1481376603245735
CC_3830E4804B48,0.3854670345783234
CC_38312AD4CA81,0.3863456904888153
CC_38318320185A,0.07641832455992699
CC_3836DFAC7C05,0.17486001253128053
CC_383AED574A68,0.0994998574256897
CC_383C27DFCA70,0.1471503794193268
CC_383D85EC9DC2,0.16272011250257493
CC_384057120EF3,0.4043413281440735
CC_38450F29704A,0.35453738570213317
CC_38499E07965A,0.09658944308757782
CC_384AB9E97F0E,0.17063728868961334
CC_384BAE6D0E87,0.26788082122802737
CC_384CBC18C024,0.44212977290153505
CC_384F88173FE5,0.06679597049951554
CC_38530AF3F11D,0.23609477579593657
CC_38587F8E7AED,0.8206703186035156
CC_386242547F54,0.12670429944992065
CC_38665E0BB297,0.16395237445831298
CC_386A2052BB00,0.2863223969936371
CC_386C975C5E8B,0.4421297550201416
CC_386FAA775389,0.1524706333875656
CC_3877AE156174,0.1678694009780884
CC_387B9CC8A094,0.23858846724033356
CC_387E2CD94281,0.2576283782720566
CC_387EEF294D89,0.10862229168415069
CC_388092B0E9E3,0.6841720938682556
CC_3883852FF0FC,0.540197902917862
CC_388FA220F01D,0.6013117253780365
CC_389108557C51,0.17234691977500916
CC_3893A9AA36A5,0.06740146577358246
CC_3895C013F0D7,0.23672519028186798
CC_38994CFF3345,0.2555928647518158
CC_38A2E5262229,0.23489538133144378
CC_38AA438C3FC0,0.17313356697559357
CC_38AF5D65E5E3,0.08554670363664627
CC_38AFE3099E27,0.17283488512039186
CC_38B0F2F5AED9,0.061297228932380675
CC_38B39B0A0BEE,0.49107365012168885
CC_38B56ADED1D4,0.44363570809364317
CC_38B7082105F4,0.0727582260966301
CC_38B7C4A6E73B,0.0647234357893467
CC_38BDE40E5AF3,0.17796452343463898
CC_38BEE9574343,0.0936613917350769
CC_38C4D123E7EB,0.2351633757352829
CC_38C7C2052E46,0.2326384425163269
CC_38CAF23EA967,0.06573784053325653
CC_38CD59D6A932,0.04104687795042992
CC_38CF80C20655,0.07428919821977616
CC_38D06E8B710B,0.11557893753051758
CC_38D093163E63,0.07739590853452682
CC_38D39CA4586C,0.8173072218894959
CC_38D5DC355118,0.07242648676037788
CC_38D82840DEFB,0.03230202980339527
CC_38D95970543D,0.07768990695476533
CC_38DCADD16036,0.15746296644210817
CC_38DD0C3EC26D,0.17572720348834991
CC_38E6624B3690,0.12808966636657715
CC_38EB2594A8C1,0.07701009064912796
CC_38EE03D11848,0.14123405814170836
CC_38F590F035E4,0.22547608613967896
CC_38F637ADB5CC,0.08096097707748413
CC_38F90E72A334,0.14611609876155854
CC_38FB3BDEC0D7,0.7324056625366211
CC_38FB690EA814,0.11824855506420136
CC_38FFDF3361D1,0.10635089874267578
CC_39032ED5E227,0.05614365451037884
CC_390482931835,0.09707766473293304
CC_3905F365FAA2,0.06860859096050262
CC_390A3CC45F91,0.17840613722801207
CC_390FE015C71C,0.12537013590335847
CC_3911C15C97A8,0.17637984156608583
CC_39124F06ED4C,0.28000131249427795
CC_3913D50C654D,0.1615079313516617
CC_3917FC1C9CC9,0.32058690786361693
CC_3919CB7DFDE9,0.13278565257787706
CC_391B1F8B2575,0.14734723269939423
CC_391BA47C054E,0.059956344217061995
CC_391D435D4213,0.3733241677284241
CC_391DBBBE225E,0.16798713207244872
CC_391F8BED0FF5,0.11648897230625152
CC_392EC945C913,0.06405787542462349
CC_3931855BC454,0.06129722967743874
CC_3931CCD872AE,0.18404270112514495
CC_393775287417,0.05610228329896927
CC_393A3771824D,0.10610639601945877
CC_393AEC792433,0.06129722818732262
CC_393E438698C9,0.5707424521446228
CC_393EC39B07E4,0.22137026190757753
CC_3942421E954A,0.25542264580726626
CC_3943378D25D1,0.11156317442655564
CC_3944995A3EEA,0.2990433037281036
CC_3946FF1B423E,0.16248258650302888
CC_39470FAC35B2,0.5183421909809113
CC_39482BFA0146,0.10351640284061432
CC_394831222419,0.09593163281679154
CC_3949832275E0,0.06372122913599014
CC_394C5B8E299E,0.16299412846565248
CC_394C7688168B,0.3058636873960495
CC_394DB4929B70,0.17666122317314148
CC_3950B81E32DD,0.5460334420204163
CC_395169B6D2F0,0.09402974545955659
CC_395174A791E8,0.09280527979135514
CC_3954B69A9886,0.06442317143082618
CC_395B67DB2BDF,0.212000373005867
CC_395E5683CCAD,0.14123405516147614
CC_395FA3E9216F,0.07778415381908417
CC_39607517BE45,0.5861577868461609
CC_3961AA5CBCC0,0.7620827913284302
CC_3963EFED24C4,0.041046878695487975
CC_3965B6388138,0.14068245589733125
CC_3965DC0CB4B0,0.18007305264472961
CC_3965DEE671E3,0.1716924399137497
CC_39665357E830,0.6841720819473267
CC_39665D503C35,0.10431206077337266
CC_3969B6445BC9,0.09707766622304917
CC_396B4DCE1577,0.12899978160858155
CC_396BA76854B5,0.28396896123886106
CC_396E96D06BD8,0.16344083845615387
CC_397D1EFF9804,0.11000988781452178
CC_398239227C73,0.14087930768728257
CC_398540817B9A,0.06563029587268829
CC_3988538496D6,0.02801639661192894
CC_3989D0A8E6F6,0.09901867881417274
CC_398D9B42AE19,0.034308206662535666
CC_399091019354,0.5576095938682556
CC_3994E0F42B4F,0.08275794982910156
CC_3996C59A2DB1,0.12612018883228301
CC_39973DFA8F5D,0.037635364755988124
CC_399810409346,0.5460334539413452
CC_399CBD33439C,0.01773605905473232
CC_399FF2373B07,0.731833302974701
CC_39A30431BAE1,0.06442317217588425
CC_39AD84441A5E,0.15363979637622832
CC_39AF2F877FE8,0.15721156001091002
CC_39AFE5418356,0.41314945816993714
CC_39B4E84B09C6,0.3785418808460236
CC_39B53110B5D6,0.15472762584686278
CC_39B6A3F8BAF1,0.13434246480464934
CC_39B6EA65CAC1,0.17169244289398194
CC_39B97E6CFAAB,0.15472762286663055
CC_39BC0068E1DF,0.17169244289398194
CC_39BDE49F8A63,0.5642376661300659
CC_39BE6AC6CDA2,0.1829354375600815
CC_39BEE5B965BD,0.1539147228002548
CC_39BFE88F03EE,0.10431205928325653
CC_39C01F52CA23,0.1772608757019043
CC_39C88627D75F,0.7026935338973999
CC_39CF45DC0860,0.344247031211853
CC_39CF5A27992E,0.2826908051967621
CC_39D0E9D3E36F,0.11608623713254929
CC_39D2F98E76B9,0.15599317848682404
CC_39D3648DFDFE,0.47259076237678527
CC_39D8A88723F9,0.18621549606323243
CC_39D978A902B9,0.09539364874362946
CC_39DD7C53658B,0.15340318381786347
CC_39DFD06C13BD,0.12054660469293595
CC_39E02E046BC4,0.49215949773788453
CC_39E3014D7D6D,0.14055292159318925
CC_39E48ACD32B0,0.15340318977832795
CC_39E78B84B31B,0.025531720370054245
CC_39ED3D82BE30,0.2614319741725922
CC_39EEB4B03E86,0.21977825760841369
CC_39EEB9FD81D4,0.19891583919525146
CC_39EFCD51C268,0.16395237445831298
CC_39F0BC56EDA3,0.19484952688217164
CC_39F1B8F85E6C,0.7452518820762635
CC_39F8359009EE,0.10858490467071533
CC_39FD2DEC44B6,0.07336428761482239
CC_39FF9B8BBD3E,0.041046878695487975
CC_3A0031EF4290,0.07306487262248992
CC_3A01BD085BD6,0.7110424280166626
CC_3A0339C1C30A,0.26742764711380007
CC_3A0396483842,0.03622070513665676
CC_3A052490B5EE,0.4531131982803345
CC_3A094D444EDA,0.05569662153720856
CC_3A0E47EBA31C,0.1565047174692154
CC_3A0E5951A686,0.5460334479808807
CC_3A0EEADC58C2,0.08249408602714539
CC_3A10C883241B,0.05576256811618805
CC_3A15FC4ADAF5,0.19875773787498474
CC_3A17BFE96EC0,0.6472155570983886
CC_3A1E504A4C97,0.6726098179817199
CC_3A209949ABAB,0.1972489148378372
CC_3A26344D077A,0.16344083547592164
CC_3A26BAC21E9F,0.05576256588101387
CC_3A272053424C,0.10958622097969055
CC_3A2A8378C27C,0.06442317143082618
CC_3A2B5B2C795D,0.5740594446659089
CC_3A2C14A237EC,0.08846204429864883
CC_3A2C60976B89,0.18069414794445038
CC_3A352EDA79E3,0.4024053871631622
CC_3A363A56493B,0.04104687795042992
CC_3A399F4B6157,0.24069594442844391
CC_3A3C61774326,0.2341959685087204
CC_3A3E56C12C87,0.2571064233779907
CC_3A448D9775D3,0.07442489564418793
CC_3A452172BD13,0.09707766622304917
CC_3A46C9968938,0.7301462411880493
CC_3A48DA420C0C,0.35338393449783323
CC_3A496644E274,0.22484405636787413
CC_3A4DA98DB4A7,0.1565047174692154
CC_3A514B84B21B,0.08849907293915749
CC_3A5D5DF5EBC2,0.14055292457342147
CC_3A60EC89C95D,0.09406943023204803
CC_3A64223C2B4D,0.1629941314458847
CC_3A69224B84DA,0.17169244289398194
CC_3A6E66153D6D,0.15296608358621597
CC_3A6F7E9C4913,0.1547948896884918
CC_3A70E33B7EFD,0.07456396520137787
CC_3A711EC5834E,0.20188673138618468
CC_3A728F367626,0.07977319210767746
CC_3A7420292840,0.0127251997590065
CC_3A7500FBCC7A,0.10293875187635422
CC_3A766DFF6D01,0.2466028392314911
CC_3A77AF851B98,0.16395238041877747
CC_3A792195D7F8,0.17660641074180602
CC_3A7A31B08B92,0.08312236070632935
CC_3A7A45326813,0.4910736560821533
CC_3A7C6780ED15,0.6665222883224488
CC_3A8252B32B02,0.5183421969413757
CC_3A82F8560045,0.06406718790531159
CC_3A84484140CD,0.06526500061154365
CC_3A85C6F8E65C,0.23536133766174316
CC_3A8811EDF7D3,0.1569514274597168
CC_3A895891F84A,0.13516509383916855
CC_3A899667C894,0.13506959676742553
CC_3A8C6A4DA416,0.1610213190317154
CC_3A8CB749FD94,0.1437839925289154
CC_3A8E03CA0A81,0.05569662153720856
CC_3A8E3105F0C7,0.3923739016056061
CC_3A8FFA15D825,0.167861008644104
CC_3A9639918B6A,0.15860555768013002
CC_3A97C989CBDB,0.10167441964149475
CC_3A9C81F3A9B0,0.07123657912015915
CC_3A9DEB791779,0.15911619663238524
CC_3AA19E5B364C,0.1504702538251877
CC_3AA310152CA0,0.06901030242443085
CC_3AA69825CF08,0.2883636295795441
CC_3AA71E080F15,0.7525775074958801
CC_3AA7F321BF3C,0.09517807811498642
CC_3AA8543C99B9,0.6301092982292176
CC_3AA8AFC5BA87,0.17600674629211427
CC_3AAA6E3CB4C6,0.20339976251125336
CC_3AAA8A83AD7E,0.0733642891049385
CC_3AAB228BB75B,0.06136317551136017
CC_3AAB2424DC88,0.41598795652389525
CC_3AABC112FDC8,0.16438149511814118
CC_3AAEF36B940E,0.8219156861305237
CC_3AB49A2F3A48,0.04082042276859284
CC_3AB5EA0F869A,0.14944807291030884
CC_3AB63696C18A,0.0642043948173523
CC_3AB665FA5173,0.14421960711479187
CC_3AB906FC8660,0.10933473408222198
CC_3ABAEC188E9F,0.14734723269939423
CC_3ABBBDBB6E24,0.09306545928120613
CC_3ABEAE73EB5A,0.1757271945476532
CC_3ABEDE89961B,0.08859462440013885
CC_3ABF4843B284,0.06901030242443085
CC_3AC29347F53D,0.35687997937202454
CC_3AC6A5798481,0.06999758109450341
CC_3AC9C0DCFF29,0.05823723077774048
CC_3AD360C982BE,0.07891318649053573
CC_3AD9C3DDD439,0.7228160381317139
CC_3AD9EA670652,0.7110424160957336
CC_3ADA3448916E,0.21943108439445497
CC_3ADD1661A452,0.037905634939670564
CC_3ADD8637F104,0.1559931755065918
CC_3AE31ABD98D8,0.617297101020813
CC_3AE92A94EAC6,0.1544092744588852
CC_3AEA6ADD617F,0.16299412846565248
CC_3AEE1E864BD0,0.14734723269939423
CC_3AEE73094665,0.17321584820747377
CC_3AF6CD41B043,0.21124395430088044
CC_3AF6F980B0F6,0.8139187335968018
CC_3AF75CC04B07,0.6475695967674255
CC_3AF7E268C1AA,0.07990037202835083
CC_3AFA187FA76B,0.13339778184890747
CC_3AFE1D2FB01E,0.7110424160957336
CC_3B073523C9CA,0.1565047174692154
CC_3B087F12BD5D,0.02451748289167881
CC_3B181C2E831D,0.3078963041305542
CC_3B1A3CBE1F8B,0.08598953485488892
CC_3B1B9CD8CA89,0.6045170664787293
CC_3B1CDB11CB01,0.3278046607971191
CC_3B1D37C1329D,0.06693166792392731
CC_3B1D3E73EC31,0.6364581942558288
CC_3B207C78BAAC,0.15340318381786347
CC_3B29B4B1D51C,0.15211524665355683
CC_3B2B3BFAE147,0.06442317143082618
CC_3B2B71CABBD7,0.2591544836759567
CC_3B2E07982ADB,0.16666025519371033
CC_3B2E5175CC91,0.046377215161919595
CC_3B2F64263D1E,0.08255169093608856
CC_3B32111D0238,0.23609477877616883
CC_3B34044FE7B6,0.13958899527788163
CC_3B357875AE56,0.14995870888233184
CC_3B3A61379FE7,0.7525775194168091
CC_3B3A74344AB4,0.20675361454486846
CC_3B3C18BD33F2,0.1574629634618759
CC_3B3C5F749881,0.11423201262950897
CC_3B3D4FE715C9,0.39485777616500856
CC_3B3F48549E9B,0.17169244289398194
CC_3B4112EBDA80,0.6619498610496521
CC_3B41C1DF6A39,0.7546068549156189
CC_3B445784457C,0.06879045516252517
CC_3B4684DFE291,0.3669102668762207
CC_3B4C9EF6EA1D,0.08096097856760025
CC_3B504D47E2DF,0.1270004153251648
CC_3B54707CECFE,0.1559931755065918
CC_3B54E84B3C2F,0.10351640433073044
CC_3B55363A622A,0.15916238725185394
CC_3B56A6F5BD61,0.532778286933899
CC_3B58C15A2F8D,0.47890434265136717
CC_3B5AF70E7CB8,0.4667884588241577
CC_3B5C94EDF75A,0.10167442113161088
CC_3B60D6A443E2,0.702693521976471
CC_3B63C655D10F,0.5860256314277649
CC_3B642FC35B3D,0.17073419392108918
CC_3B6465826490,0.07549632340669632
CC_3B68E280D3A2,0.08644497245550156
CC_3B6919AC98AC,0.7385900616645813
CC_3B692A655479,0.05707630813121796
CC_3B6C741E805D,0.12407592236995697
CC_3B6C7E38569F,0.05050167664885521
CC_3B6C9A793A30,0.0092788465321064
CC_3B6E964DBAF5,0.1402428686618805
CC_3B740C8D1A2A,0.4652825117111206
CC_3B74E60A19FD,0.16395237743854524
CC_3B78458A6F65,0.13247960656881333
CC_3B7BFDA01197,0.06636724397540092
CC_3B7C142C76B0,0.22025500237941742
CC_3B822CA7187C,0.05914991050958633
CC_3B84C66F2015,0.10536381751298904
CC_3B8574246B84,0.14364523440599442
CC_3B8B52DE5677,0.1591161996126175
CC_3B8D37228FC7,0.08744628727436066
CC_3B8E8B6801D7,0.06788975596427918
CC_3B8FA79E4D52,0.046684243530035016
CC_3B942A285C50,0.11185726821422577
CC_3B94EBA9E759,0.08560430705547332
CC_3B962D19ABA1,0.16299412846565248
CC_3B9653D1AA15,0.10958622395992279
CC_3B99C72A3D6A,0.14168944209814072
CC_3B9B190783B6,0.2713915467262268
CC_3B9C0704B2D1,0.11803939491510392
CC_3B9EE9713354,0.588317596912384
CC_3BA700BE1C83,0.1871180057525635
CC_3BAA9003C5F7,0.26029508709907534
CC_3BABC7EF1741,0.5055097460746765
CC_3BABD4B5D3E1,0.5998748898506164
CC_3BB12EAD40FD,0.1144854724407196
CC_3BB1FF844347,0.131354421377182
CC_3BB2C2215780,0.288363641500473
CC_3BB60BFDD79D,0.13238232880830764
CC_3BB732424FBA,0.07256947979331016
CC_3BB7ECAD8586,0.08196229338645936
CC_3BC403BAF7DD,0.6452832102775574
CC_3BC51C5CCEE3,0.14952525049448012
CC_3BC592F9C7DA,0.16299412846565248
CC_3BC67758C64E,0.061297227442264554
CC_3BC881196FDB,0.3117238700389862
CC_3BCC88B79918,0.11772048622369766
CC_3BD01511D073,0.16299412846565248
CC_3BD2C1C1F04A,0.5845099925994873
CC_3BD5B08D4144,0.35765191316604616
CC_3BD8EABC4AE7,0.06129722818732262
CC_3BDD99872776,0.4029894769191742
CC_3BDFBE0B6338,0.08090168833732606
CC_3BE0295484C8,0.1431429147720337
CC_3BE132F19245,0.0874462902545929
CC_3BE284D2CA82,0.06977426260709763
CC_3BE82CAC967E,0.1862377107143402
CC_3BEB7D682C01,0.014705755561590195
CC_3BED7335FA27,0.26334214210510254
CC_3BF014CADA6E,0.06740146577358246
CC_3BF2422DB97A,0.10167441964149475
CC_3BF2EE361611,0.06703616976737976
CC_3BF3C403F586,0.23609477877616883
CC_3C010566DC3A,0.25132241249084475
CC_3C0427B48CF1,0.6452831983566284
CC_3C056CEDAE4A,0.03895330205559731
CC_3C060F80B680,0.09781643599271775
CC_3C06219D6E24,0.07611748725175857
CC_3C0C0B93B903,0.40227771997451783
CC_3C0C4B25A7BC,0.15340318530797958
CC_3C0CFDF70B8D,0.15436143130064012
CC_3C1005EE2A85,0.17073419392108918
CC_3C16937A5013,0.10938056111335755
CC_3C18B4010A3D,0.14123405814170836
CC_3C20F0767923,0.39485777020454405
CC_3C22AC75AB68,0.21494482159614564
CC_3C24A574EE64,0.18418431878089905
CC_3C26C857EF41,0.11883505284786225
CC_3C27CC8D53EE,0.16299412846565248
CC_3C2861BFF1C6,0.1393866389989853
CC_3C29787E94F8,0.22682015001773834
CC_3C2AB6F95649,0.2826907992362976
CC_3C2C43DB375A,0.06442204266786575
CC_3C2D820E6949,0.7366041421890259
CC_3C30903FBF8E,0.13239126205444335
CC_3C310A33218F,0.0754963219165802
CC_3C3633839213,0.20534260272979737
CC_3C36BE6B6DAA,0.12431837618350983
CC_3C38098D8A60,0.11546393781900406
CC_3C3E98477CD3,0.08531205430626869
CC_3C42640A5119,0.14734723269939423
CC_3C44EEBACEA5,0.08103177398443222
CC_3C474F8244AA,0.5490364611148835
CC_3C4D53C6CF39,0.08946336209774017
CC_3C4D65771E4E,0.0840705007314682
CC_3C5020076EA6,0.07230538204312324
CC_3C523AC6B930,0.10351640284061432
CC_3C5286050B40,0.8443404316902161
CC_3C534B13F32A,0.1401292622089386
CC_3C53B6F4705C,0.14011333584785463
CC_3C53CDEE3807,0.2164127290248871
CC_3C546182B16B,0.15340318530797958
CC_3C54B0946163,0.03763536624610424
CC_3C55B6CEF2AE,0.10858490318059921
CC_3C5B0C8C49AB,0.7110424280166626
CC_3C5DE6B1A96C,0.08005801141262055
CC_3C60E514A8FC,0.103353713452816
CC_3C6280FDE8C1,0.8106879711151123
CC_3C696AA50DB7,0.0801203116774559
CC_3C6B946BABCC,0.2540877163410187
CC_3C6DC47C6498,0.11976425647735596
CC_3C6E538A9ACA,0.07885558009147645
CC_3C708DCBE0F1,0.026363671012222766
CC_3C75962E9701,0.14715038239955902
CC_3C7597143E27,0.16395237743854524
CC_3C79F7501356,0.15262678265571594
CC_3C7E24463383,0.07160255610942841
CC_3C7FC2969633,0.4746980845928192
CC_3C8088390BAF,0.16567307114601135
CC_3C81FE6D0007,0.052636624127626416
CC_3C840CEDAD97,0.09596901834011078
CC_3C890C376EF1,0.21949081718921662
CC_3C899D2279F3,0.054788538813591005
CC_3C8B30469B57,0.3042244017124176
CC_3C90A2DA38C8,0.07321139127016067
CC_3C9C3136D06D,0.09511638134717941
CC_3C9D32C59A0C,0.1629941314458847
CC_3CA02FE99C15,0.1409107342362404
CC_3CA06864D933,0.7517173528671265
CC_3CA2C557E464,0.17234691381454467
CC_3CB84D9CAA6C,0.1908314824104309
CC_3CBD15C385A4,0.06992078572511673
CC_3CC1B87C85C3,0.09695836156606674
CC_3CCCBEA5E377,0.2449163943529129
CC_3CD0869B655A,0.15211524963378906
CC_3CD4FDD7BDAD,0.10167441815137863
CC_3CD84B850BCB,0.16084324717521667
CC_3CDCF20B097F,0.134059439599514
CC_3CE1CBA88910,0.13497231900691986
CC_3CE4365CD2DD,0.09909824430942535
CC_3CE47E406710,0.8716925144195556
CC_3CE4A01492F7,0.14012926071882248
CC_3CE596B7A5AD,0.08927052915096283
CC_3CE64EA7491E,0.19081660509109497
CC_3CEBC183D074,0.18644206821918488
CC_3CF5D6F9A23B,0.17507272064685822
CC_3CF9A43AC0A8,0.0582372322678566
CC_3CFCF1205340,0.06099787726998329
CC_3CFEA7F22BF9,0.07768990844488144
CC_3CFF111B7CB6,0.3896265745162964
CC_3CFFAD5AEBBE,0.15599318146705626
CC_3D0B5F4670F4,0.24290095269680023
CC_3D0CEED1B216,0.09750133007764816
CC_3D1B2ECDBAD8,0.06884190812706947
CC_3D2129E6FD3E,0.13369051963090897
CC_3D2405185DD0,0.07280967980623246
CC_3D2438152C87,0.07206291854381561
CC_3D29125DF048,0.0514757014811039
CC_3D2962D5D88E,0.10695249736309051
CC_3D2DBCF8B9DA,0.11637943536043167
CC_3D2F359615F1,0.1922091841697693
CC_3D302D6A88FA,0.2212065041065216
CC_3D342BF9643D,0.15599317848682404
CC_3D3883F0BE25,0.1700405240058899
CC_3D3BD2C60F4A,0.06129722967743874
CC_3D3BF61CC289,0.12431837767362594
CC_3D3F56B369CF,0.10824516862630844
CC_3D40CA123D5C,0.09224460870027543
CC_3D46245C3DF7,0.11755723506212234
CC_3D4897F8F8AC,0.1005453884601593
CC_3D48D0F32F6E,0.243190261721611
CC_3D499758BB25,0.07244370728731156
CC_3D4A90158C9D,0.2923771381378174
CC_3D5120D9BE27,0.33303468227386473
CC_3D51B1ED0D7B,0.09707766622304917
CC_3D537478DA21,0.10958622246980668
CC_3D5A279700AC,0.7119012951850892
CC_3D5BCA76331D,0.15340318530797958
CC_3D5C422D60FF,0.6259894490242004
CC_3D5E654E556F,0.10958622097969055
CC_3D60DE266E24,0.12703790366649628
CC_3D6787A48841,0.03790563344955444
CC_3D681452408F,0.12598612457513808
CC_3D69277C64D4,0.10351640284061432
CC_3D701F464FA4,0.12579379975795746
CC_3D77CE8D4582,0.10351640284061432
CC_3D78E201F0FE,0.23482637703418732
CC_3D79338EDF65,0.03307946212589741
CC_3D7A5C1DD937,0.2121699869632721
CC_3D7B531A7B5E,0.18152810037136077
CC_3D7B615F5ABF,0.11391691118478775
CC_3D7CB19276A8,0.16545312106609344
CC_3D7E8F3AD41B,0.6888202071189881
CC_3D8071473E97,0.33516027331352233
CC_3D828DA55CFE,0.1264832615852356
CC_3D84947B2DE1,0.15869253873825073
CC_3D8529C65CC3,0.05726320445537567
CC_3D8765A64ADD,0.07706769406795502
CC_3D87C20F655B,0.33516027927398684
CC_3D8AF9A80D39,0.21664239466190338
CC_3D8D2700831C,0.519154965877533
CC_3D90FB465A2A,0.025652551092207432
CC_3D92C820F074,0.11403606235980987
CC_3D92F98F3CF7,0.11915491819381714
CC_3D94EF283AE0,0.21021241545677186
CC_3D94F6CBF514,0.11772048622369766
CC_3DA0218FCD5A,0.04685503840446472
CC_3DA461704105,0.14744044095277786
CC_3DA5189D28E3,0.10161681473255157
CC_3DA96EBC7F68,0.10089522153139115
CC_3DAE730039C5,0.06129722818732262
CC_3DAF250821B6,0.09503335952758789
CC_3DB0D7527A9B,0.20683854222297668
CC_3DB1BEB70942,0.5824145793914794
CC_3DB81711067D,0.08233175128698349
CC_3DBA2BC5D75D,0.7222720980644226
CC_3DBE204CDCDB,0.17234691679477693
CC_3DC1E33F23A7,0.07518746554851533
CC_3DC29FC60E03,0.11290324479341507
CC_3DC3590C4A89,0.06864500641822815
CC_3DC5FC13E35A,0.06442316994071007
CC_3DC966CEC8C3,0.15211524665355683
CC_3DC9C2B9A96B,0.07768990844488144
CC_3DCAEBDDE96F,0.01945441998541355
CC_3DCCCEE778D7,0.10980632305145263
CC_3DCCF69AF014,0.12474204003810882
CC_3DD17FD406B5,0.07989500612020492
CC_3DD63B15603E,0.10314748287200928
CC_3DD775128F1F,0.046158616244792935
CC_3DD8B0EE27FE,0.10313230305910111
CC_3DDCE5D30A45,0.10732571631669999
CC_3DDD0E9E4F2E,0.5342591404914856
CC_3DDD84F1F87A,0.0688637837767601
CC_3DE094D40FB9,0.13223922103643418
CC_3DE099D96A3B,0.06318985000252723
CC_3DE2717A7A9C,0.13009141087532045
CC_3DE6BBCDBF64,0.13247960656881333
CC_3DEA1F5EA5C5,0.09895002394914627
CC_3DEB2F5772B3,0.14466815888881684
CC_3DEBC84983B7,0.11745289713144302
CC_3DEC8E2C7816,0.10027491748332977
CC_3DED20632960,0.36300896406173705
CC_3DF0ACC88BE7,0.5245203733444214
CC_3DF9BE9A3D2F,0.1379728749394417
CC_3E01906BACFE,0.1574629634618759
CC_3E020EC73C89,0.48009021282196046
CC_3E0481E07EC5,0.11938825249671936
CC_3E04E62A383E,0.24654546082019807
CC_3E05132424DA,0.061443749070167544
CC_3E05C4E3EB77,0.19835256338119506
CC_3E091008047A,0.68795086145401
CC_3E0A4A91DADE,0.1987823873758316
CC_3E0A83C46C8A,0.15911619663238524
CC_3E0B4A133FB3,0.46026198863983153
CC_3E111946922F,0.21046943664550782
CC_3E177AAE4663,0.1496131256222725
CC_3E185FC131A3,0.11494726985692978
CC_3E1860AAA22C,0.4471496045589447
CC_3E207B4FEA4B,0.3705084204673767
CC_3E20D62A610D,0.13260914236307145
CC_3E20E37C9856,0.09693294763565063
CC_3E222D5DC74B,0.734494435787201
CC_3E25BFDF0BAE,0.7870697021484375
CC_3E271D5108AD,0.5650440931320191
CC_3E2B0F9975BD,0.08006270527839661
CC_3E2C0F6176A5,0.31190677881240847
CC_3E331091F306,0.07326194122433663
CC_3E3781FDC886,0.17952280938625337
CC_3E39D227ACFD,0.05726320520043373
CC_3E3BA44CE4B8,0.16299413442611693
CC_3E40E3D021CA,0.09591365903615952
CC_3E41002AFB2D,0.09607634842395782
CC_3E430D2DF335,0.1629941314458847
CC_3E4BD48BD904,0.05823723077774048
CC_3E4EAF3857B3,0.051039394736289975
CC_3E527EAA0EF6,0.05453570038080215
CC_3E5702613DFC,0.1890338748693466
CC_3E571E8D904E,0.12652225717902182
CC_3E5B7FFD9D60,0.1757271945476532
CC_3E5E0D5F4AB0,0.7110424160957336
CC_3E63C2D05E82,0.21714989244937896
CC_3E64CFD46480,0.14694520384073256
CC_3E68EE37773C,0.6110349178314209
CC_3E6BDB18F2E6,0.061297228932380675
CC_3E6BFACD9B83,0.24783309400081635
CC_3E7294AAF75B,0.1470208451151848
CC_3E72B0424BFB,0.3947936236858368
CC_3E72B8E72CB5,0.030022572726011276
CC_3E72EDFC9423,0.07900210171937942
CC_3E74592E779B,0.21563404202461242
CC_3E7839C32D07,0.3428373336791992
CC_3E7BE9F3B972,0.1140236347913742
CC_3E841A80542A,0.12407591938972473
CC_3E89360ADF4A,0.10071049183607102
CC_3E8BEDB8B21C,0.29644444584846497
CC_3E90A4A329A2,0.13676176369190216
CC_3E9C0DF411F8,0.18462700247764588
CC_3EA298FFEDC0,0.09662608504295349
CC_3EA6D8D4103E,0.2404991865158081
CC_3EA740C732FB,0.7267304420471191
CC_3EA9B61341BA,0.1034513145685196
CC_3EAD27D084DF,0.15599317848682404
CC_3EB121261FA3,0.07280967831611633
CC_3EB2DAAEF167,0.15860555469989776
CC_3EB3BB604B74,0.11239421367645264
CC_3EB4077895F4,0.16570200324058532
CC_3EB514DECC39,0.20072081685066223
CC_3EB7C1406423,0.1743713825941086
CC_3EBBF5A17EC9,0.12686276137828828
CC_3EC5D9E0190B,0.04685503840446472
CC_3EC99DA4EDAB,0.36735340356826784
CC_3ECA364B6839,0.30588342547416686
CC_3ECA4C07FB2E,0.10065288543701172
CC_3ECB993A1B9F,0.08704887330532074
CC_3ECBE13A570E,0.06879045441746712
CC_3ECBEA7B9724,0.11930032670497895
CC_3ECD9D611263,0.06573783829808236
CC_3ECE79F884F2,0.12763795107603074
CC_3ED62061FD0A,0.07639459073543549
CC_3EDB5A009919,0.13458743691444397
CC_3EDCCB52DAD1,0.1035164013504982
CC_3EDDD8FD77D5,0.03230203129351139
CC_3EDF3F850072,0.17660641074180602
CC_3EDF7C0D88FA,0.10206425040960312
CC_3EE0259C796C,0.16395237445831298
CC_3EE6590D1DCF,0.06999758109450341
CC_3EE72F6A6B14,0.18988259136676788
CC_3EE7E5AED7CC,0.06129722967743874
CC_3EEBAE854322,0.03020845465362072
CC_3EECAB624618,0.6888201832771301
CC_3EEF909B9A5F,0.07325497567653656
CC_3EF3B72149E9,0.01918414980173111
CC_3EF60003FFDC,0.15472762882709504
CC_3EF717E79E1C,0.10300276726484299
CC_3EF7B37C86B9,0.07150887697935104
CC_3EF8E4918310,0.05472259745001793
CC_3EF99E8C672A,0.032572302222251895
CC_3EFA7EC29967,0.5853146076202392
CC_3EFBAFF547DB,0.16395237445831298
CC_3EFDA7C0739D,0.3704096019268036
CC_3EFDC455D933,0.2945993661880493
CC_3F00B30478CD,0.1732191264629364
CC_3F0105511ADF,0.23516337275505067
CC_3F0922D8C363,0.07768990695476533
CC_3F0A0F0EBE8E,0.037905634939670564
CC_3F0BDD02DA88,0.20799024105072023
CC_3F0E2DDF03D0,0.838905668258667
CC_3F0E99D90143,0.15383664071559905
CC_3F0EFC657C35,0.14271925240755082
CC_3F122D86D6D0,0.13249505162239075
CC_3F13D7C1238E,0.09104222953319549
CC_3F1429DD9A7A,0.09695836156606674
CC_3F1648D44D30,0.42882800102233887
CC_3F167B4C0A82,0.19349554777145386
CC_3F1989C1D543,0.14055292457342147
CC_3F1CA5CEE668,0.0686085894703865
CC_3F22C802852B,0.3373364329338074
CC_3F235ED79F96,0.31904796361923216
CC_3F2408F723F3,0.6075384974479675
CC_3F252215B39B,0.6051250696182251
CC_3F2659DACD6C,0.16299412548542022
CC_3F2BE334EA31,0.23631097078323365
CC_3F2C8271AEE2,0.07549162656068802
CC_3F2F6C4ABCF5,0.14952525347471238
CC_3F2FB28666EB,0.25958639681339263
CC_3F35F5F4C2FA,0.7966644883155822
CC_3F3988E27EC2,0.07425477728247643
CC_3F3ED329D5DB,0.13247960805892944
CC_3F401EB14F80,0.1401935487985611
CC_3F408F04181B,0.320709091424942
CC_3F41ECC9F1C2,0.03230203129351139
CC_3F44CC2DFD78,0.03844720013439655
CC_3F450331B6CF,0.06405787542462349
CC_3F5192293092,0.04104687795042992
CC_3F55C40132A8,0.04309861734509468
CC_3F5DBD4D4A47,0.6627435088157654
CC_3F621093E2F1,0.16520302891731262
CC_3F68E5D775AA,0.6627435326576233
CC_3F699ED6F7B9,0.08211330324411392
CC_3F6EA74A594E,0.15599317848682404
CC_3F6FA882CC59,0.16227167546749116
CC_3F750097A7A0,0.06679597049951554
CC_3F779B84D1F1,0.09693294912576675
CC_3F77F1635867,0.39920220971107484
CC_3F79D1436DFD,0.12431837320327759
CC_3F8AB71C93A9,0.768710446357727
CC_3F8C7F71E278,0.2420833081007004
CC_3F8D2797E48C,0.24817149639129638
CC_3F8F5AD00087,0.2751235842704773
CC_3F8FC3D942D6,0.112729412317276
CC_3F93F1B198A1,0.1431429162621498
CC_3F94A908F900,0.13434246480464934
CC_3F962652602B,0.4421297550201416
CC_3F9F6FB54861,0.0940250501036644
CC_3FA28488BAAB,0.04104687795042992
CC_3FAB6C114FCA,0.17073419392108918
CC_3FAB70F3A36F,0.15809401571750642
CC_3FB1234DD833,0.3866033971309662
CC_3FBC317AAC6B,0.17486776113510133
CC_3FBE14FE6576,0.2905855417251587
CC_3FC25B02D868,0.33009202480316163
CC_3FC60086C0F4,0.10145412534475326
CC_3FC6DCBECCF1,0.12535421401262284
CC_3FC868F74AC4,0.03790563531219959
CC_3FCA7A15E705,0.08190400302410125
CC_3FCB58D3AD76,0.1686912328004837
CC_3FD1B51CA1B6,0.30511013269424436
CC_3FD283315901,0.07805347666144372
CC_3FD343BD0077,0.27713524699211123
CC_3FD46020B97C,0.1035164013504982
CC_3FD6AFE77B65,0.1829746425151825
CC_3FD93D017BA0,0.15911619663238524
CC_3FD95A689331,0.3223037600517273
CC_3FDAEBE5E784,0.055696622282266614
CC_3FDB19879CDF,0.2935750722885132
CC_3FDB90C44C99,0.1559931755065918
CC_3FDC4474DCF5,0.07594948559999466
CC_3FDEDACF74C7,0.061297228932380675
CC_3FE2E4038FD2,0.28319197297096255
CC_3FE546EC4525,0.04664748460054398
CC_3FE8D2D0E78F,0.06999758183956147
CC_3FEAA7F8C881,0.12352272123098373
CC_3FEC509A601D,0.15599317848682404
CC_3FF0FABCF28D,0.04840810000896454
CC_3FF4E22691BE,0.08067146092653274
CC_3FF553948C36,0.3564928948879242
CC_3FFA49A60C69,0.8201239109039307
CC_3FFAC6AB3AD4,0.14715038239955902
CC_3FFAC9ED48F9,0.7620828151702881
CC_40015F2081F7,0.04371379539370537
CC_400229F22A15,0.7317384004592895
CC_4003B02C578A,0.16460684835910797
CC_4003B9378085,0.16248258352279663
CC_40053F6E98EC,0.7620827913284302
CC_40077BEDA8E4,0.04455390833318233
CC_400BEF434359,0.1624825894832611
CC_401177227A56,0.22692677676677703
CC_4012FCCBCC30,0.16344083845615387
CC_401739F10247,0.080960975587368
CC_40185096F055,0.045523320138454434
CC_401F0B39B640,0.09396193623542785
CC_4022717DF84B,0.015642482414841653
CC_4027B5DB02A3,0.06032320261001587
CC_4029B2C0E56A,0.222749662399292
CC_402B3A294DE7,0.012612179294228554
CC_402C49460BAB,0.12584792375564574
CC_402DB4CCECC7,0.30553545355796813
CC_403192450938,0.7782696843147278
CC_4031C0E0B5BB,0.08316822946071625
CC_40339FFF01E6,0.11097377836704254
CC_4033DA65DB79,0.18584782779216766
CC_403960EDEB6C,0.040776608511805534
CC_403C5A79090D,0.022622247412800788
CC_403FBEE7D76B,0.029752302542328836
CC_404071DCC85C,0.3705084264278412
CC_404421E85F2A,0.11000988334417343
CC_4049E18FAE5A,0.21156018376350402
CC_404B499235B9,0.3923738956451416
CC_404E2B3BDC8B,0.4234874188899994
CC_405445038DD9,0.18623174726963043
CC_405817BD633B,0.1574629634618759
CC_405842AD24CD,0.061509694904088974
CC_405AD30D0D9D,0.15599317848682404
CC_405E9C93AF56,0.17073418498039244
CC_405F8F9903C8,0.14279376864433288
CC_405FB682CEB5,0.11567098051309585
CC_406274429092,0.17234691381454467
CC_406E1D48AE7B,0.1039400652050972
CC_40700426109B,0.13931796550750733
CC_4070CEB09033,0.45311319231987
CC_4073752BF49D,0.1679871380329132
CC_4073E6AC0746,0.10561817288398742
CC_4074323420AA,0.4421297609806061
CC_4074FE6E32F0,0.10889136493206024
CC_407F2185317B,0.3477090775966644
CC_4081B4648A8E,0.26833870708942414
CC_4083D696E2E9,0.15905227065086364
CC_4087FBC11DD7,0.14702084809541702
CC_40908139F23E,0.1259843587875366
CC_4090BA93E481,0.11080554276704788
CC_4092C5315210,0.16084324717521667
CC_409630D3CBF8,0.24245996177196502
CC_409CB4179908,0.07899127900600433
CC_409CDD53DAD7,0.036392570659518245
CC_40A07239F028,0.1167982578277588
CC_40A077379511,0.14791986346244812
CC_40A4BCDBAF23,0.17437138557434081
CC_40A795285E9B,0.16520302891731262
CC_40A93E7AC1BD,0.026881329715251923
CC_40A984160A63,0.18903387188911439
CC_40AC31452BE3,0.168921160697937
CC_40ACBAF19765,0.12160581648349762
CC_40B0A64A55B0,0.0959316298365593
CC_40B52C13B1F1,0.1716924399137497
CC_40B65F5F4F82,0.23589480221271514
CC_40B685374EDB,0.28731763958930967
CC_40BFC5E1AA64,0.1495252549648285
CC_40C14D4F9BCC,0.1319395512342453
CC_40C45F950125,0.13506959825754167
CC_40C57936EC38,0.04104687795042992
CC_40C62D092C58,0.14813766330480577
CC_40D1F44D96F6,0.41914296746253965
CC_40D39739DF41,0.12521810084581375
CC_40D7D9CE4151,0.6118189930915833
CC_40E08DDA223F,0.35765191316604616
CC_40E150EB586F,0.11288651674985886
CC_40E1D8F1C712,0.06405787467956543
CC_40E2DAF2A327,0.24807923138141633
CC_40E577F029AF,0.055696622282266614
CC_40E75C02AA11,0.04664748311042786
CC_40E9173DE04A,0.1085849016904831
CC_40E9985F7DAA,0.07040907293558121
CC_40F194D93E19,0.17894502282142638
CC_40F3CF82792B,0.1624825894832611
CC_40F43FB24806,0.1587478071451187
CC_40F6E7575287,0.2420833081007004
CC_40FBAA6A07D2,0.08960794657468796
CC_40FC6940345C,0.09596901834011078
CC_41029997614F,0.061297228932380675
CC_41037BFBED54,0.09693294614553452
CC_410BFA181D19,0.2341959685087204
CC_410FAE4AE488,0.06784075871109962
CC_41124066FC71,0.3202150046825409
CC_4113A2BEBA44,0.717799186706543
CC_4115783708CF,0.7803180813789368
CC_4117A188C359,0.06707073673605919
CC_4119A9BA6373,0.675516939163208
CC_411E266DB07E,0.22136230170726776
CC_4126806BA789,0.6280389547348022
CC_4127E4624989,0.5072641253471375
CC_41284414C225,0.1436544567346573
CC_4129C6306A6D,0.1446681573987007
CC_41321DCDCCB2,0.3873583137989044
CC_4133AB0BEEED,0.037905634939670564
CC_4134E1AB2AC5,0.7176493287086487
CC_413708D7FE91,0.10351640284061432
CC_413A1B273EB7,0.16395237743854524
CC_413D09A6C2F2,0.05361656844615936
CC_413D8D82F470,0.061297230422496796
CC_413EC0C28442,0.5499659597873687
CC_414302BEE57F,0.176006743311882
CC_41438B5CE3B3,0.08554670363664627
CC_4146ED5F8A23,0.13636493682861328
CC_414896AD4734,0.30249409675598143
CC_414911941DD4,0.12431837618350983
CC_414D2097D93D,0.44212976694107053
CC_414E2B2BFC88,0.1278653621673584
CC_414F030D3BE8,0.10466896295547486
CC_41569A7A2B7F,0.06694496497511863
CC_4156D68D39A7,0.10167441815137863
CC_415935002A0D,0.3399678409099579
CC_415AF4AE7BEF,0.14944807291030884
CC_415D703F3871,0.16567307710647583
CC_4165D5A66698,0.1748677521944046
CC_416747FA0552,0.3748528599739075
CC_41698C5605BA,0.061297228932380675
CC_416C9273E5BD,0.15693015456199647
CC_416CB705CF9D,0.10200144946575165
CC_416EDC157A29,0.7273044466972352
CC_416FB64C901C,0.11587306559085846
CC_41737E7E2518,0.10690205246210098
CC_41796D6483A6,0.11801828444004059
CC_417CA4DA42ED,0.07151135057210922
CC_417E5EB96C92,0.7458471417427063
CC_418128C77562,0.6457394599914551
CC_41868F81B8F8,0.1569514274597168
CC_418EC2AA03E1,0.14025879204273223
CC_41919E23C3C2,0.19166419506072999
CC_41927D16734F,0.07134761139750481
CC_419441371154,0.14868171513080597
CC_4195037D0008,0.5460334479808807
CC_4199B489CA9B,0.035812058672308925
CC_419AE1FCE1B2,0.06099787726998329
CC_419D767E5D68,0.6812649488449096
CC_419ED6D73D10,0.16395237743854524
CC_41A06A20F7A5,0.12598612457513808
CC_41A37E7DA567,0.07805347666144372
CC_41A3C3BC05E5,0.10351640433073044
CC_41A465212303,0.14365445524454118
CC_41A57CBE2790,0.14365445524454118
CC_41A85461647F,0.22172505259513856
CC_41AC7D608BA1,0.16520303189754487
CC_41AEFB73599F,0.11973884254693985
CC_41B1C7743C55,0.2341959685087204
CC_41B2EB8E2659,0.3128910720348358
CC_41B340FF98D6,0.35257825553417205
CC_41B61081F593,0.07860751897096634
CC_41BF0265C091,0.06405787467956543
CC_41C0EFD1789E,0.17520850002765656
CC_41C4FDFFD933,0.5860256314277649
CC_41C54F7F9250,0.1895598590373993
CC_41CB8C4BF3A4,0.06405787467956543
CC_41CC41C6A2B2,0.16248259246349334
CC_41CFB483DF9D,0.1082451656460762
CC_41D2C0067563,0.14944807291030884
CC_41D37C661042,0.07191639840602874
CC_41D3AA2FE538,0.05823723003268242
CC_41D6466213EB,0.1363043636083603
CC_41D6FDB0F7FE,0.15211524367332457
CC_41D794AA3A35,0.16195614635944366
CC_41D8D3CCD5F1,0.43597678542137147
CC_41DA2F798E72,0.15599317848682404
CC_41DB0F437DAA,0.08538436889648438
CC_41DB77A9CEFD,0.22056172490119935
CC_41DBFD8C8341,0.019184150174260138
CC_41DDB3612367,0.06703616976737976
CC_41E0ABF1D19C,0.2038580983877182
CC_41E0E26BD8AB,0.2976254463195801
CC_41EE7557C963,0.06099787726998329
CC_41F0587DAEA5,0.14346930086612703
CC_41F1843BBFCE,0.15956380367279052
CC_41FA3C9B98C5,0.7228071331977844
CC_41FA97A64F7D,0.14346930086612703
CC_41FB8258BE6A,0.28046858310699463
CC_41FE0D9DF961,0.17951029241085054
CC_41FFB8C07A2B,0.45311320424079893
CC_41FFE972E3BC,0.1643814891576767
CC_4200DD12E32C,0.1261201858520508
CC_4207A5BBB7AD,0.16248258650302888
CC_4208A63558BD,0.10937958657741546
CC_420914CCEDC6,0.09989292919635773
CC_420A182EDB4B,0.09220046997070312
CC_420AB659CCB5,0.23672518730163575
CC_420B2553A531,0.5223633468151092
CC_420C95626165,0.10937958210706711
CC_4211999A0BB1,0.06405787467956543
CC_4211E70ABD07,0.18838122487068176
CC_42123CF7B916,0.25007030069828035
CC_421A5FE4ED02,0.17637983560562134
CC_421C6A0D76DF,0.10690205395221711
CC_421EE95E8E36,0.35147074460983274
CC_4220768354B8,0.061297228932380675
CC_4222C36D9742,0.20501987636089325
CC_422396E4107E,0.13163448572158815
CC_4223D9C3318D,0.15608212649822234
CC_4225094B713D,0.18055998682975768
CC_422546AC2B7B,0.08006270378828048
CC_4227147D1773,0.08621263802051544
CC_422852B18B83,0.10245262533426285
CC_422A6CA5BC01,0.7323336362838745
CC_422D0668EE0D,0.2606196582317352
CC_422FA64DE48D,0.5545935928821564
CC_423211849F73,0.11211981475353242
CC_423384940EBE,0.7458471417427063
CC_42365DAA4781,0.04531576633453369
CC_42377923897B,0.8036803722381591
CC_4237EC62AF7B,0.702693521976471
CC_4241EBB6BBD2,0.05845727026462555
CC_4242B327BF96,0.6037374138832092
CC_4242DC81AA5B,0.31184765696525574
CC_424B146EA560,0.4489069521427155
CC_424CD3500BB5,0.07275822758674622
CC_4250627A58BE,0.1629941314458847
CC_4251D73CE4FF,0.2545164734125137
CC_4251E058B136,0.5055097460746765
CC_425261A65BD4,0.1716924399137497
CC_4253A4007C54,0.29177272915840147
CC_42542BBE02F6,0.16395237743854524
CC_42557B3BC851,0.14963232725858688
CC_425A30333FDC,0.22136881649494172
CC_425A9848790B,0.2813932657241821
CC_425EAA7394BD,0.08644497096538543
CC_425F037A860D,0.11477368026971817
CC_42658453D6F9,0.08110139593482017
CC_426B6C5D5400,0.04104687795042992
CC_426CB4C16C1D,0.20147865414619445
CC_426E721B947C,0.47890436053276064
CC_42746FA0B436,0.0330656785517931
CC_4274E29A7693,0.16730386912822723
CC_427718F12DE0,0.1634408414363861
CC_427C32633329,0.2420833021402359
CC_427C635A1630,0.4287638604640961
CC_428186D7EEF6,0.15599317848682404
CC_4285ECE790FB,0.06442317143082618
CC_42930B4AC70A,0.8649925827980042
CC_42936DB52A2C,0.2424599587917328
CC_4294615CB2AE,0.09751876890659332
CC_429610FC7676,0.04890677854418755
CC_4296E9F938BA,0.605929684638977
CC_4297B63957C4,0.15599318146705626
CC_4298BD38B748,0.3161225378513336
CC_4299118E1554,0.16299412846565248
CC_429967589DE5,0.1713886648416519
CC_429D7F13D2DE,0.20701517760753632
CC_42A3E4D79AAC,0.2208508551120758
CC_42A46CA1B89F,0.13946668654680253
CC_42A766D4CBF4,0.5345326840877533
CC_42A8DDC1412B,0.14229779541492463
CC_42AAC0B5EF9F,0.14688490629196166
CC_42ABA8713C64,0.7222965240478516
CC_42AD69133E5E,0.0583837516605854
CC_42B56C4B2A3B,0.06427552178502083
CC_42BBF05C0C6F,0.12643909752368926
CC_42BE7FE5BA43,0.27533518671989443
CC_42C0A73944DC,0.03944488950073719
CC_42C580E5A3D6,0.3284991800785065
CC_42C7617C94BA,0.6103006362915039
CC_42C88CDF019C,0.2796693921089172
CC_42CB516FA52C,0.28132752180099485
CC_42CBA5FB2D31,0.03944488950073719
CC_42CE1628F9AF,0.04793471843004227
CC_42D0D89EBD20,0.10431205630302429
CC_42DAC7E0F8C1,0.1514019936323166
CC_42DADBB83589,0.14753238707780839
CC_42DB8056722A,0.30739094614982604
CC_42DBE71A9E27,0.07751698642969132
CC_42E0FF38FD75,0.5903175950050354
CC_42E1FC3BC7DD,0.18873506784439087
CC_42E7276F6427,0.06442317068576812
CC_42E72956B6E1,0.10971575528383255
CC_42E7421EF8C5,0.12352271974086762
CC_42F64F0CC224,0.11180709451436996
CC_42F8E79B025D,0.1455027401447296
CC_42F9B3D1A244,0.0480159617960453
CC_42FF488FAF29,0.06129722818732262
CC_42FF8A489F18,0.17739410400390626
CC_430126E7F09C,0.22737489342689515
CC_430572814667,0.15262678861618043
CC_4305D108204E,0.10536382198333741
CC_430699446954,0.06136317327618599
CC_4306D0CB4769,0.32574758529663084
CC_430B2C05AD09,0.04685503989458084
CC_430F8196C9E0,0.05867491662502289
CC_431043B15B67,0.5043288230895996
CC_431071FBEFE7,0.17776719629764556
CC_431784865E89,0.17234691679477693
CC_431920BBB8C2,0.20525226294994353
CC_431BFF248C14,0.28502997756004333
CC_4323EF537C39,0.13110062330961228
CC_432426452B61,0.07428919672966003
CC_4324AF0F53BC,0.16520303189754487
CC_43285A005349,0.06405787467956543
CC_432AEDB49044,0.06129722818732262
CC_432E94102B9E,0.5055097579956055
CC_4337C856CD50,0.5327783048152923
CC_43380333E564,0.12701172679662703
CC_4338106E1CA0,0.10439989417791366
CC_433878E446B4,0.14284878671169282
CC_433B8AA2DE86,0.15762999951839446
CC_433CE18515CE,0.17572719156742095
CC_43409889229C,0.1806941419839859
CC_434145FD6ABB,0.29865842461586
CC_43424C9F7EAF,0.30003041625022886
CC_43458BCF6B0E,0.07434329241514206
CC_434B173E601D,0.8219156861305237
CC_434BC18464CD,0.06013630628585816
CC_434E0B7B4EB1,0.36555188298225405
CC_43545C27256A,0.80631343126297
CC_43558B2937A8,0.2071060448884964
CC_4357077327D0,0.06526499837636948
CC_43582DFAB81B,0.3121191442012787
CC_435A2989D1D5,0.4191429793834686
CC_435B9BBD1AD7,0.17810776233673095
CC_435C9BE05E1B,0.15211524665355683
CC_435D1AC5A912,0.16666024625301362
CC_43636ED1C143,0.6427732706069946
CC_4366614DB803,0.07256948128342629
CC_43675D2A7A1D,0.1324950486421585
CC_43688AD78EFD,0.2559865236282349
CC_43689A7B08C6,0.2348071426153183
CC_43699B5B88C5,0.2479890763759613
CC_436B59428846,0.12537013739347458
CC_436C69DB0207,0.12506842315196992
CC_436DEE989E83,0.06250435560941696
CC_436E34099BAC,0.16299412846565248
CC_436E988E229E,0.15599318146705626
CC_436EE336B5DA,0.17234691381454467
CC_436F60CDF958,0.10255247205495835
CC_4370F7BCBC45,0.11624506264925002
CC_43736FCA06B7,0.053616567701101306
CC_43744B763A28,0.3501524567604065
CC_4375E68D1E98,0.11101255267858505
CC_43777902E478,0.07644604295492172
CC_437B19ED157C,0.1648992508649826
CC_437BB2879F51,0.1496131271123886
CC_437C44C456A4,0.24300067126750946
CC_4380FFA10D97,0.39920220971107484
CC_4382FB7AA68F,0.08554670363664627
CC_4387A867941F,0.09406943172216416
CC_43895D559E3D,0.12474204003810882
CC_4389643298BD,0.06136317327618599
CC_438E33396772,0.360525107383728
CC_438EFEA811FF,0.12824174165725707
CC_43902D280795,0.061604733020067214
CC_43939B196311,0.012820513173937797
CC_43971820B5D6,0.10675063580274582
CC_43985E989BDE,0.11113192588090896
CC_439BAD131C92,0.16773298680782317
CC_43A3BF230240,0.08008185774087906
CC_43A42A1568DD,0.4178445518016815
CC_43A431D009FA,0.16679233610630034
CC_43A47466238F,0.33954196870326997
CC_43A6F1DD28C4,0.08075516819953918
CC_43B0E1F99155,0.09558812826871872
CC_43B1F7CFA952,0.10200145095586777
CC_43B2E3FF0A25,0.012612180039286613
CC_43B310818603,0.24037872850894929
CC_43BE8F986A8E,0.7110424160957336
CC_43C30ABB6D9E,0.21424640417099
CC_43C58011A334,0.16395237743854524
CC_43C5F47EADBF,0.0900787129998207
CC_43C6AB731BE7,0.7290269255638122
CC_43CC264F102F,0.5994861245155334
CC_43CCB6631EA7,0.1534031882882118
CC_43CF880CDD8E,0.15929435342550277
CC_43DBC149E108,0.15391472578048707
CC_43DE4AC9FCA2,0.2072134256362915
CC_43E1AE11945A,0.13506959974765778
CC_43E33E6FA39A,0.15599317848682404
CC_43E438F412EB,0.12316104918718337
CC_43EA99797CD9,0.03790563568472862
CC_43EB4CB08477,0.06017037108540535
CC_43EDD8D1966E,0.16395237743854524
CC_43F3CBB92ECE,0.16299412846565248
CC_43F3D2B64101,0.6261066317558288
CC_43F85EBD859E,0.03472174145281315
CC_43FACC50996C,0.06563029736280442
CC_43FB9BA5130D,0.2898913323879242
CC_43FC4B364A30,0.3498845636844635
CC_44040C0C2049,0.16395238041877747
CC_44071E65A598,0.12157220840454101
CC_440AE3F56868,0.07244370728731156
CC_440C37F70FA9,0.5911240458488465
CC_440F03F3FA26,0.13918243646621703
CC_4411D495D9B0,0.10431206077337266
CC_4413D01672F4,0.13123399913311004
CC_441413B56FD0,0.07155110388994217
CC_4418F18B3431,0.07768990993499755
CC_441C312D57BB,0.6642609119415284
CC_442089BFA0C1,0.6260637760162353
CC_4422678FD916,0.11612447500228881
CC_44261A6F3323,0.09599443525075912
CC_442745423DBD,0.10937958210706711
CC_442C021C5F37,0.17073419094085693
CC_44375D6FE843,0.10065288841724396
CC_443CF4A547AD,0.20037088692188262
CC_443D3F807FEA,0.3074518501758575
CC_4448EED695F4,0.7620827794075012
CC_444A2205C808,0.055696622282266614
CC_444A5B9D0F8C,0.05453570038080215
CC_444B7199CDEC,0.05667656734585762
CC_444ED9048449,0.08203920125961303
CC_4450006A6D69,0.04539727009832859
CC_445636F1E503,0.12187369912862778
CC_4456C47CD886,0.1586046576499939
CC_4457FCEC1A97,0.1979355037212372
CC_445E6A078C78,0.15599317848682404
CC_4467FDE622DF,0.047753512114286426
CC_4469A94EED2A,0.36446142196655273
CC_446AF9015667,0.15695142447948457
CC_446B76C72462,0.6398261785507202
CC_446B87E8B7E3,0.04487471878528595
CC_446BF3389710,0.11667767018079758
CC_446FCC3AB71A,0.1682666838169098
CC_4471DB329F18,0.046855039149522784
CC_447270CE2E14,0.08096097856760025
CC_447336575346,0.162994122505188
CC_447534C99933,0.12733203321695327
CC_44803D0915AC,0.06427552327513694
CC_4487D5F49539,0.41904417276382444
CC_448866011A1C,0.17991112768650055
CC_4489C803703E,0.24746780395507811
CC_44923BD3DA82,0.8295513749122619
CC_449657256DE9,0.12566581666469573
CC_44976760675D,0.080960975587368
CC_449A34FA53D1,0.3215318381786346
CC_449C5EA3CD5A,0.07155109941959381
CC_449C81E589F2,0.06754798740148545
CC_44A2831C338A,0.16080189049243926
CC_44A29856A3FC,0.1713886648416519
CC_44A559A63CFA,0.16248259246349334
CC_44A882B1CEA4,0.07357668727636338
CC_44A97E5B4EAC,0.047753512114286426
CC_44A9BD377278,0.11772048473358154
CC_44B0DDAA0BE9,0.17234691381454467
CC_44B30E3624DF,0.19029274880886077
CC_44B3485BC55A,0.1624825894832611
CC_44B7416D13D9,0.27123687863349916
CC_44B885EE03E1,0.052455644309520724
CC_44BC9653B7E5,0.7407545685768128
CC_44BD97B8F986,0.14359080493450166
CC_44BF9F95FC62,0.2118595689535141
CC_44C0A9B1C62F,0.1263048306107521
CC_44C0E6D2D8F3,0.06769423857331276
CC_44C448B9EF01,0.10958621948957444
CC_44C5BC4F1CE9,0.06442317143082618
CC_44C87C6D2CAE,0.17169243693351746
CC_44CD3A5EC9D1,0.16666024923324585
CC_44CEB872DF33,0.08402823954820633
CC_44D07744A4DB,0.7026935338973999
CC_44D2CE366C9C,0.1085849016904831
CC_44D774899403,0.02097581624984741
CC_44D8CF1075C9,0.47890435457229613
CC_44DA866EE074,0.09106955379247665
CC_44DE926B0CEE,0.10980325043201447
CC_44E9B5719709,0.1565047174692154
CC_44ED5F997005,0.09989292621612549
CC_44EE2913C6B4,0.36163183450698855
CC_44EE7EF5F63F,0.34148578643798827
CC_44EF388D5D1E,0.15599318146705626
CC_44F4C7238C0C,0.38735830783843994
CC_44F7DB9DDD28,0.08846204429864883
CC_450397CC9154,0.11310624480247497
CC_450506685FC2,0.18500095009803771
CC_4507B75B061A,0.025652551278471946
CC_450B638DC72A,0.7969287872314453
CC_450EA54951B1,0.16533974111080169
CC_451557B7B8C9,0.03763536401093006
CC_45167B5BC77D,0.07454477250576019
CC_4518126195D7,0.40534454584121704
CC_451A340657BC,0.15599318146705626
CC_451D681A1322,0.1178076907992363
CC_451F9184776D,0.3748528718948364
CC_451FA8DDF661,0.060136304795742036
CC_451FFCE6B6B5,0.03257230147719383
CC_4520E5A355FA,0.07275822907686233
CC_452302E725F0,0.13758464008569718
CC_4524B74B457D,0.23926871716976167
CC_452E0356FA3B,0.14346930086612703
CC_45307FD2F4DF,0.41028096675872805
CC_45325AB325F7,0.16344084441661835
CC_45328F4A30AA,0.024622248113155366
CC_4532BAA9196E,0.6620883822441102
CC_4533D862DAAB,0.08098031878471375
CC_4534B94FE01C,0.1815751910209656
CC_4534BCE5A5A0,0.6073216557502746
CC_45397ED0AEF4,0.14667170643806457
CC_453C71565029,0.05245564579963684
CC_453D3BD08384,0.06703616976737976
CC_454095CACACF,0.1900481402873993
CC_45411E0B79F6,0.28046858310699463
CC_4545F52CB694,0.012612179294228554
CC_45495F54590D,0.06977426111698151
CC_454A5D4F117A,0.42689167857170107
CC_454B05069E1D,0.09517807811498642
CC_454DF7556487,0.1565047174692154
CC_45546C236751,0.18828428983688356
CC_4556F09AB706,0.5738677620887757
CC_455859BB9678,0.10351640284061432
CC_455A14250141,0.08044382929801941
CC_45605443FB13,0.661949872970581
CC_4561C6DCB6AE,0.7620827913284302
CC_4565137E5296,0.16084324717521667
CC_4566F46C66D1,0.030985884368419647
CC_456888E99F95,0.09092303365468979
CC_456ABECAFCF9,0.0763945922255516
CC_456AC6310801,0.012612179666757584
CC_456EC94186EB,0.08556742519140244
CC_456EFF689C22,0.09503335952758789
CC_45727BF71CA6,0.6265628933906555
CC_457515CFDA95,0.08954936265945435
CC_4579275FA64B,0.05356167405843735
CC_457ECF54518D,0.09885186105966567
CC_457F077077DA,0.19530286490917206
CC_4586428C59CD,0.13109886050224304
CC_45866409D70B,0.2909525692462921
CC_458DDF58D7BC,0.09466444551944733
CC_459367EDB260,0.3528204381465912
CC_45955DE6ED87,0.08196229189634323
CC_45984DCD47EB,0.18903386890888213
CC_4598A9C479AB,0.10294084995985031
CC_459912751A66,0.15003679394721986
CC_4599EDC6A8C9,0.5047188758850097
CC_459B411A1BE9,0.7413497924804687
CC_45A0D02BC257,0.7614875316619873
CC_45A0E0FF48E6,0.16570200324058532
CC_45A203BCD017,0.119886814057827
CC_45A99544F768,0.04069536291062832
CC_45AB74C49190,0.12920641899108887
CC_45ABBADE9975,0.2035333126783371
CC_45AC6F28C7DF,0.05472259595990181
CC_45AC947F1DFB,0.06990996152162551
CC_45AD4466894E,0.3126787066459656
CC_45AE94D8FD07,0.5690973281860352
CC_45B35E5FD8D9,0.1191482812166214
CC_45BA31E0BD9E,0.6221872568130493
CC_45C886C0B039,0.06427552253007889
CC_45CAC6B1AC70,0.12431837618350983
CC_45CC04222CF8,0.39479362964630127
CC_45CEB9F25E03,0.05335411801934242
CC_45D6B6D47776,0.9282142758369446
CC_45D87984C8A2,0.5678487062454224
CC_45D8AADD879B,0.4057770609855652
CC_45DCAF79BACF,0.09707766771316528
CC_45DE739E4DA2,0.0940297469496727
CC_45E4BD6E1094,0.31363710165023806
CC_45E712973069,0.11624505817890167
CC_45E91CA43887,0.07594948410987853
CC_45EB85E07B89,0.12640978991985322
CC_45F4916D5858,0.06713668256998062
CC_45FA0F483C56,0.16344083845615387
CC_45FD076CF204,0.09750133007764816
CC_45FD53835E85,0.6627435207366943
CC_45FE8C40C802,0.16395237743854524
CC_460048F97582,0.4789043366909027
CC_4601561CE56A,0.19094399809837342
CC_460397821533,0.07486027255654334
CC_4606024C6CCC,0.16364860236644746
CC_4609D9C70486,0.5460334539413452
CC_460CD8FC70C6,0.1813269704580307
CC_460D42D6A0B3,0.14734723269939423
CC_46104605333A,0.07739590853452682
CC_4610AFBBC841,0.09866070300340653
CC_46121D15BBDF,0.4300138711929321
CC_4613D4C45566,0.21781961917877196
CC_4614CED895F3,0.07775611877441406
CC_4614D2C66070,0.10351639986038208
CC_4616636C9CEC,0.11086944788694382
CC_46195DEAB79E,0.16299413442611693
CC_461A54F25C51,0.5906734108924866
CC_4624DA1E3E3F,0.026611059531569482
CC_462B19C6E598,0.009278846159577369
CC_46322A3D4B5B,0.16299412846565248
CC_46349B7E2E14,0.11166510283946991
CC_4638DF96481D,0.4361362338066101
CC_463990FBF2EA,0.17607606649398805
CC_463B779A313C,0.3128910720348358
CC_463D5ADB78B1,0.24786526560783387
CC_464082944A66,0.19233497679233552
CC_4642FA758A95,0.03020845428109169
CC_4643A97ABD42,0.15911619663238524
CC_4645504B8F71,0.13084543794393538
CC_464A3460F393,0.057076307386159895
CC_464A48ABCF15,0.1716924488544464
CC_464B82313AF1,0.45418572425842285
CC_464C477F02C2,0.17971325516700745
CC_464DF7DF54CD,0.1309628278017044
CC_46509B4A4E95,0.10161681771278382
CC_46534DAEBDB2,0.08635664731264114
CC_465959DF8190,0.08191012740135192
CC_465A7EBE17B8,0.1321854770183563
CC_465BB6D3B15D,0.5879579901695251
CC_465EE0A8EB33,0.7318332910537719
CC_46625AA5044E,0.12445274740457535
CC_466357181FC6,0.12733203321695327
CC_46690B70B232,0.31363710165023806
CC_466932E039C0,0.3110757291316986
CC_466C5B52D2E9,0.24936662316322328
CC_466C8AB02EFF,0.15351025760173798
CC_467467CE2DBA,0.03868303149938583
CC_4676561DF442,0.13205593973398208
CC_4681FC6611BD,0.6455784797668457
CC_4687803E0613,0.13249504268169404
CC_46886DC4A5B0,0.06129722818732262
CC_468908A79D29,0.43447084426879884
CC_46899F027259,0.061297228932380675
CC_468B9311EF92,0.1358806997537613
CC_468FFEC3561D,0.2945993661880493
CC_4691DB7F2D85,0.10247007608413697
CC_469460D11FF7,0.080960975587368
CC_4694B67B6BD5,0.05994902849197388
CC_46957AE413C7,0.11972398608922959
CC_4695EE740B22,0.025922821648418904
CC_46A73BEAE24E,0.7614875555038452
CC_46AB0ED2AFA4,0.07975385189056397
CC_46ABC62EB886,0.044423244521021844
CC_46ADEAEA3587,0.4789043366909027
CC_46AE119A9FA3,0.17073419094085693
CC_46B06994BA99,0.0640578769147396
CC_46B0C49DE87C,0.11259987950325012
CC_46B347211F67,0.06678122580051422
CC_46B3E6F2FA32,0.08095627725124359
CC_46B7CED4868D,0.15695143043994902
CC_46BAB604F8AE,0.17073419094085693
CC_46BC4D93EFEB,0.213221275806427
CC_46BC807B7833,0.08834566920995712
CC_46BD7EFA9CC3,0.03895330317318439
CC_46BEB1C23BCB,0.1534031867980957
CC_46C1C56C3CC9,0.4421297550201416
CC_46C73ED43BA2,0.19380151629447936
CC_46D1225E0DFF,0.16733265817165374
CC_46D1C996EAD4,0.087401083111763
CC_46D72E86BA2C,0.07456396520137787
CC_46DCBCB7A5C8,0.29163223803043364
CC_46DCDE8E7BA1,0.7992913722991943
CC_46E42892DBEB,0.11544940322637558
CC_46E91F9ACAC9,0.10255247205495835
CC_46E9AB73D073,0.04278114214539528
CC_46EA74776C44,0.216428679227829
CC_46F0982AE749,0.046684243530035016
CC_46F2D1E5F829,0.211320698261261
CC_46F77756B0FE,0.21444888710975646
CC_47001D4BA82F,0.14323079138994216
CC_47004AFBFFB9,0.06442317143082618
CC_47013B67CF3B,0.09482540041208268
CC_4701677F164E,0.054535698145627975
CC_470368FE8ACD,0.0499150350689888
CC_470A86347F2E,0.6435669302940369
CC_470F846CC1A0,0.2036316514015198
CC_470FB77410C5,0.7105393886566163
CC_4710CA53210D,0.6081280827522277
CC_4710F5A5F882,0.19081660807132722
CC_4713087780CF,0.10958621948957444
CC_4714786065FA,0.05541079118847847
CC_471519FC2DFD,0.29575603604316714
CC_4715210BDB62,0.6224955797195435
CC_4715379BF72B,0.020198387280106544
CC_4718AC9F7130,0.11862307637929917
CC_471A4F4C1A90,0.15905226469039918
CC_471B198AA785,0.15436143577098846
CC_471FE7A6EE34,0.049744239449501036
CC_472151DBE6BF,0.29019026160240174
CC_4722092DD03B,0.11369939893484116
CC_47260FED9801,0.1492512196302414
CC_4726ECC59776,0.08643108606338501
CC_4727E9DD8659,0.39485777020454405
CC_472CE66282E0,0.10314748287200928
CC_472DCDAEC516,0.330763179063797
CC_472F98C4EA92,0.09505877643823624
CC_4734BFB4B19C,0.12147628217935562
CC_47355B14FD1A,0.32230375409126283
CC_473A59A00048,0.2041376531124115
CC_473B38873A1F,0.08420230001211167
CC_4740F0807C36,0.015642482787370682
CC_474296808950,0.10251508355140686
CC_47441AD8CCB8,0.06405787542462349
CC_47443605C0D3,0.025652552396059035
CC_474849E9A838,0.1586046576499939
CC_47491839DA73,0.11836578100919723
CC_474BAE81C090,0.06588436216115952
CC_47503F8AAD1C,0.04487471878528595
CC_475322B78A21,0.5662241160869599
CC_47580CBBB71A,0.08316823095083237
CC_47593F1D6A2B,0.32574758529663084
CC_475D5FCC0EED,0.14952525347471238
CC_4763424844B6,0.17502585649490357
CC_476419D7304F,0.1713886648416519
CC_476422D1F086,0.16248259246349334
CC_4765AFC8FAF8,0.1408159539103508
CC_476B4C8E94B3,0.8036803960800171
CC_476D7DE58C17,0.738495135307312
CC_477149D712E4,0.07244370579719543
CC_47738DE77885,0.11021918654441834
CC_4773FF037745,0.7256489038467407
CC_4774704C8838,0.06849848628044128
CC_4775F2ED11A6,0.18694838881492615
CC_477C09AA7AF3,0.0614437498152256
CC_477E393ACE01,0.10339986085891724
CC_4782128A0B66,0.08538436889648438
CC_47830F3EFCDD,0.2861414134502411
CC_478374A5DCB6,0.582817530632019
CC_4783C4B8E7EA,0.14250438064336776
CC_4784B5D55438,0.7234844207763672
CC_478687139B5D,0.0379056341946125
CC_47874F2B1CB6,0.09496770054101944
CC_4798D5F05845,0.16733265519142151
CC_479BA8F00ACF,0.12861997336149217
CC_479C79D992A3,0.14715038239955902
CC_479CC6C767B6,0.09653552919626236
CC_479FE699FC78,0.1495252564549446
CC_47A4E9477E0E,0.06587106063961982
CC_47A5F2A917FF,0.103353713452816
CC_47A993EA9DD8,0.2906809985637665
CC_47ADD0B61A41,0.11063628494739533
CC_47AF154BBB93,0.06456969082355499
CC_47B3C0D6CF8D,0.0799003705382347
CC_47B3C332B17F,0.0684984877705574
CC_47B59D77EBA6,0.19106270372867584
CC_47B5C25CC595,0.13946668803691864
CC_47B5CBDD933E,0.4421297609806061
CC_47C16EA9CABB,0.08006270676851272
CC_47C2AC33A70A,0.18650229573249816
CC_47C5BA360BE4,0.14734723269939423
CC_47C6FA8A22AC,0.4378751039505005
CC_47C822552196,0.319857582449913
CC_47C948AE020C,0.0926697388291359
CC_47C9E3938A19,0.04801596328616142
CC_47CFD0BE6EEC,0.5398371696472168
CC_47D0D927CCC7,0.134059439599514
CC_47D11008CD1D,0.08439138531684875
CC_47D236FA5591,0.037905634939670564
CC_47D2786FC984,0.7525775074958801
CC_47D396043FCB,0.05823723152279854
CC_47D5158F4754,0.24037872850894929
CC_47D87663B9D1,0.7457625269889832
CC_47DA5A892A38,0.07768990844488144
CC_47DAE6B6CAF5,0.05707630664110184
CC_47DF4358A232,0.11217621266841889
CC_47DF8F1BF262,0.03554178774356842
CC_47E7C95F8BB0,0.06740146577358246
CC_47E80FD8804C,0.7339977860450745
CC_47EBA041F2DB,0.1713886708021164
CC_47ECC0A541F4,0.30249410271644595
CC_47EE0C873D6A,0.02867296300828457
CC_47EE665A2848,0.09402974545955659
CC_47EF2FA5B5F5,0.13516509234905244
CC_47EFCA22FABD,0.08006270676851272
CC_47F254E08768,0.058237229287624356
CC_47F273F26B3C,0.14443085491657257
CC_47F3CAF06084,0.17976011633872985
CC_47F3D6429025,0.09794870167970657
CC_47F50D878391,0.07169762253761292
CC_47F5A98FDBD8,0.108847975730896
CC_47F85FE42410,0.0756053775548935
CC_47FA2BED03EB,0.378886741399765
CC_4802257CE7AE,0.09501538872718811
CC_4805463A72BD,0.11772048473358154
CC_480AAB1AF717,0.09219696074724197
CC_480DEAC19880,0.3128910720348358
CC_480EB9CA1E1B,0.0514757014811039
CC_480F43D3CE20,0.6165034592151641
CC_4810ED61C01B,0.1470208451151848
CC_48156ACD2C54,0.49107364416122434
CC_4815756AF08F,0.16299413442611693
CC_48174701006F,0.5327782809734345
CC_481764442E6A,0.3511876702308655
CC_481C7F5734B6,0.06405787616968155
CC_481CD48F67A1,0.10431205779314041
CC_48225A375699,0.024598854826763272
CC_482B1DB21BB9,0.18773135244846345
CC_482BE33CF01C,0.2633421391248703
CC_482E6D557914,0.11773724853992462
CC_4833A4BD4441,0.4636662542819977
CC_48347087DD52,0.16014191508293152
CC_483575A64B3E,0.7575854539871216
CC_4836D49684EA,0.2571064203977585
CC_4838890A371A,0.4531131982803345
CC_48391F2A1BC7,0.04668424278497696
CC_483B70F397F7,0.6403903245925904
CC_483CC1947804,0.1624825894832611
CC_483E8F2D84AE,0.22210170030593873
CC_48461C112BF8,0.0480159617960453
CC_484635772962,0.32574758529663084
CC_48475C52156C,0.10351639986038208
CC_48478DDAC576,0.009278846159577369
CC_4847BCADDC3B,0.2149008810520172
CC_48484C22A51D,0.26788082122802737
CC_484DCB5BD6F6,0.08316823095083237
CC_484FF76D73F3,0.7620828032493592
CC_4850BE6657B9,0.06556426212191582
CC_4850D3A76C73,0.11855854988098144
CC_48576537AED8,0.15650472044944763
CC_485A8027573D,0.09695836305618286
CC_485C00FFA64C,0.10510507673025131
CC_485E1D5546AB,0.16299412846565248
CC_48615F1C7CFA,0.1639523833990097
CC_486462438A48,0.39920220971107484
CC_486507204214,0.17507272362709045
CC_4865274BB24B,0.12122325152158737
CC_4868D434B15F,0.0748899295926094
CC_4868E473C8F2,0.04801596403121948
CC_486C3C11AC8F,0.04476146250963211
CC_486C7AE97A43,0.16248258650302888
CC_486EE9D16088,0.540197902917862
CC_487413DC0E78,0.10255247503519058
CC_4875A994566C,0.3705084264278412
CC_487A84A18689,0.05166259780526161
CC_487A90322CC7,0.5460334479808807
CC_487B4DCB738C,0.13226172626018523
CC_487BF6377958,0.41018564701080323
CC_487E09766AAF,0.46792090535163877
CC_487E6E51639C,0.33900192379951477
CC_488129D14577,0.11017524003982544
CC_488153F12B5E,0.057076307386159895
CC_4881EED70D7F,0.505509740114212
CC_488301D5E399,0.07443571537733078
CC_48832C80B48D,0.08644497245550156
CC_48845A53F311,0.22373468577861785
CC_48872BA8341E,0.21688634157180786
CC_4888D4E2BA7D,0.6224955797195435
CC_488B08F39346,0.06970561146736146
CC_48901C0FEEB1,0.5315973699092865
CC_48902C116541,0.6860268712043762
CC_4894E632B583,0.16395238041877747
CC_4895FB6E3B79,0.033349731005728245
CC_4896A4A7908C,0.09593162685632706
CC_4898D0FFE44D,0.5622376680374146
CC_489AD8F8C071,0.27533518671989443
CC_489EFB3FBC71,0.5672406792640686
CC_48A32D5AA56A,0.24237307608127595
CC_48A369C692CC,0.1663564771413803
CC_48A7D3CC02C3,0.6649954915046692
CC_48B5B4E37596,0.6755169272422791
CC_48B5C0FA23BF,0.19324330389499664
CC_48B68CC29EDD,0.12464476078748703
CC_48B9AA29812C,0.44212977290153505
CC_48BE9A49A6F7,0.046855039149522784
CC_48BF25DAB002,0.10394006818532944
CC_48C356851F6E,0.3119067847728729
CC_48C6F2BDD748,0.11013941913843155
CC_48C729598E4B,0.4421297609806061
CC_48C7998F2DB3,0.2905855417251587
CC_48CE5B835688,0.12899978160858155
CC_48CF6E7D958A,0.015912752971053122
CC_48D022D7BCE6,0.8389056563377381
CC_48D09748AA47,0.21570836901664733
CC_48D23D80EFB1,0.6872483491897583
CC_48D5958C164B,0.0333497304469347
CC_48D6C42C7273,0.09049421101808548
CC_48DA23558B4E,0.22033768594264985
CC_48DB3532BA27,0.1559931755065918
CC_48DCE04AB80E,0.11000009924173355
CC_48DE1AFAA76C,0.1553064316511154
CC_48E22E3F96EB,0.3386141836643219
CC_48E3AE641911,0.13153112232685088
CC_48E4C6A3B977,0.6018399119377136
CC_48E887FA2EA2,0.3541434437036514
CC_48EA7A528752,0.19818294942378997
CC_48EB91853E21,0.14715038239955902
CC_48ECF0DD05CB,0.9209937930107117
CC_48F2B60CC5E3,0.060137233883142474
CC_48F2FF808B37,0.16395237743854524
CC_48F9EF5BC4E5,0.07169762253761292
CC_48FDAC542476,0.12555804401636123
CC_48FE1FC9A24A,0.18838122487068176
CC_48FE4806F9A0,0.05867491587996483
CC_48FE90DB75C1,0.1565047174692154
CC_48FEE0F45D6D,0.07256947979331016
CC_48FEF28D3FA2,0.07790881767868996
CC_4903FE5D289F,0.07555392682552338
CC_490456209F19,0.13292850852012633
CC_4905043287C9,0.3091762185096741
CC_490597F75EF8,0.13506959676742553
CC_490601E44F41,0.0785442441701889
CC_490789E1D7FA,0.04407464601099491
CC_490B6F2BAEBF,0.14952525347471238
CC_4911D13E65EF,0.13693246245384216
CC_4916148BBA23,0.009278846159577369
CC_49164D809240,0.25574674606323244
CC_4916AF8F3BC0,0.13420116007328034
CC_491AFC3A2638,0.11666872352361679
CC_492050768FAE,0.14261773973703384
CC_4920EF67148A,0.14925122559070586
CC_49229557C7D1,0.14146841019392015
CC_492A2AA1F0BE,0.7110424280166626
CC_492D62827EA5,0.1636485993862152
CC_492E61DB477B,0.7071908712387085
CC_49328ED1904D,0.35944547653198244
CC_4932B9E39192,0.1569514274597168
CC_4932E88A339A,0.11072340905666352
CC_493499AF238B,0.1657020002603531
CC_493536B719A8,0.32812665700912474
CC_4937C06CA9CE,0.07639459073543549
CC_49396C092B9B,0.1366283714771271
CC_493994B742F9,0.23570058047771453
CC_493A3BC61AC1,0.12114854305982589
CC_493CB2532966,0.08951831012964248
CC_49418FE12E60,0.2099987030029297
CC_4942FA52B376,0.015642482787370682
CC_4943FE5248D6,0.20947953164577485
CC_49446A31030A,0.1353959858417511
CC_4944F6DE20D8,0.08592782616615295
CC_494983AD0EB6,0.626106595993042
CC_494CAE5CF417,0.13047971427440644
CC_494CEC057A30,0.48009020686149595
CC_494EE3F3FCF4,0.14314291328191758
CC_495065CCD010,0.2163669317960739
CC_4950D395DC4A,0.3271518170833588
CC_49515AD74902,0.10155115574598313
CC_4953B85A21E1,0.0092788465321064
CC_4957D2F2E955,0.05564234703779221
CC_4959F81FD35D,0.06405787467956543
CC_495B8930C049,0.07042896896600723
CC_495B98BAF894,0.14404192864894866
CC_495FFC4554C6,0.05845726951956749
CC_496110F2214E,0.11665896624326706
CC_4961DC090B93,0.2697796285152435
CC_4961E26417E7,0.06992078572511673
CC_49633E6BFFD5,0.08744629174470901
CC_49642B031E89,0.06703617125749588
CC_496465F43458,0.07031167298555374
CC_49664725AA99,0.1682666838169098
CC_4968DC6B7B27,0.47890434265136717
CC_4968E706CA30,0.04837576597929001
CC_4969539F8744,0.10294084995985031
CC_4969C78ECE50,0.1586925357580185
CC_496B7E7A9DC4,0.1629941314458847
CC_496D80951E49,0.16299412846565248
CC_49711861D565,0.15391472429037095
CC_4974EF96378A,0.2130609780550003
CC_4975614112D9,0.11080554276704788
CC_4976525DF0A0,0.19818294644355774
CC_4977EDB6987D,0.39920220971107484
CC_497921304894,0.14443085938692093
CC_497A8A96D7F6,0.4393810510635376
CC_497B9EDB85D7,0.03551240861415863
CC_497D1094312F,0.33716370463371276
CC_49841C4D4097,0.12082963436841965
CC_4984A4D65A9D,0.13664943277835845
CC_49852F75260A,0.7797228336334229
CC_4989CAC4E7C9,0.21322126686573029
CC_4989DACE4C14,0.922213101387024
CC_498AF2830A36,0.25525363683700564
CC_498BD0582859,0.1114336371421814
CC_498C2B0484FF,0.19241415560245514
CC_498C55A8A5D3,0.05054304860532284
CC_4991F72B0B8B,0.7685929775238037
CC_499267A39D6A,0.550388640165329
CC_4994B6D2B088,0.04471336528658867
CC_499609CF9BA1,0.046855039149522784
CC_49969C4A507A,0.17169243693351746
CC_4999CFC6BA9D,0.8216604351997375
CC_499A2C1AABF8,0.16299412846565248
CC_499B8626AC67,0.11855855137109757
CC_499CC4C2B960,0.05006770193576813
CC_499E7CCE82C1,0.38999585509300233
CC_499F25D982C5,0.7110424518585206
CC_49A20A9487B5,0.06442317068576812
CC_49A4DB22186D,0.37128937244415283
CC_49A781E71D3D,0.4933404207229614
CC_49AB5EB57819,0.12255879044532776
CC_49AB6744E350,0.6026923060417175
CC_49ADBC80B386,0.09330477714538574
CC_49B04114B38F,0.35359627604484556
CC_49B4D9A6A142,0.07554777413606643
CC_49B5FA847F6C,0.07823675274848937
CC_49B86F33EF6C,0.04104687795042992
CC_49B92FECAC21,0.22174691557884216
CC_49BE4BCE8C1E,0.6776539206504821
CC_49BF9E7DA2DC,0.6755169272422791
CC_49C07FAE57DD,0.024010324105620384
CC_49C3812EF404,0.10958622097969055
CC_49C431F7A40A,0.09330947399139404
CC_49C52F671584,0.15391472727060318
CC_49C782090DA3,0.06405787542462349
CC_49CFAA4F09E7,0.3820417523384094
CC_49D06D18EDFB,0.6457394361495972
CC_49D1CA79B830,0.42689167857170107
CC_49D247575C5C,0.22057237923145295
CC_49D2FD4CF028,0.06405787467956543
CC_49DE2A951740,0.7570748448371887
CC_49DEB72CBA57,0.14113534539937972
CC_49E2E6B258E4,0.06771441400051117
CC_49E593027867,0.05569662302732468
CC_49E6182DA88D,0.17073419094085693
CC_49E73D101D18,0.11038187593221664
CC_49E79051EAE3,0.03047872520983219
CC_49E8535A3284,0.10251508802175521
CC_49E9274E395B,0.6626125574111938
CC_49EC66EA6D52,0.15956380665302278
CC_49EFDEC315D9,0.4421297609806061
CC_49F10A8853FE,0.13623540252447128
CC_49F2EC8B7D9E,0.7256489038467407
CC_49F5EFC494B6,0.15789208114147185
CC_49F806424398,0.08115900009870529
CC_49FA7A42BE6D,0.4679208993911743
CC_49FAAED440CA,0.051475700736045835
CC_49FCBC4ADF52,0.08951830863952637
CC_4A00282E7A85,0.09048502147197723
CC_4A059309E582,0.07346774712204933
CC_4A0755BABAB2,0.6941112041473388
CC_4A08B9FE6115,0.06573783978819847
CC_4A0BC97EADE9,0.29950512647628785
CC_4A0EF488F687,0.2872437536716461
CC_4A10375DAD00,0.05576256737112999
CC_4A1037D8A94E,0.11804686933755874
CC_4A108D4995F5,0.13506959676742553
CC_4A15B948EDBF,0.7011906385421753
CC_4A17B34F73FF,0.17212155759334563
CC_4A17C09DD036,0.17645998895168305
CC_4A19EADCD52A,0.667240846157074
CC_4A1A31CA8E09,0.43012641072273256
CC_4A1CBBC34AEF,0.7620827913284302
CC_4A22256E787B,0.7126623868942261
CC_4A23B6765748,0.1047150433063507
CC_4A2493C1FB7E,0.19558946490287782
CC_4A24A4015D67,0.15599317848682404
CC_4A25CD6DFE49,0.4191429793834686
CC_4A267360BEA4,0.4335277736186981
CC_4A29CDD76757,0.7458471298217774
CC_4A2B3149F818,0.06373597159981728
CC_4A3330293269,0.2169327676296234
CC_4A36D9EB08FB,0.15650472342967986
CC_4A39ADB4A469,0.16299412548542022
CC_4A3ED3D5270A,0.17703431248664855
CC_4A46A34B0286,0.6965785503387452
CC_4A48612AA6F1,0.15169158279895784
CC_4A4A58F58721,0.07275353074073791
CC_4A4ABA3F61AE,0.028968697786331175
CC_4A4CCA794598,0.061297227442264554
CC_4A4D1A781C10,0.1942284345626831
CC_4A4F3CEE7F68,0.16248258650302888
CC_4A51EA15DD3E,0.1162450596690178
CC_4A5252D0318D,0.09596901684999466
CC_4A543D3DEA84,0.11038187742233277
CC_4A5AEE960334,0.10937958657741546
CC_4A5DC924D662,0.10314748287200928
CC_4A6275C86729,0.6449458003044128
CC_4A65F9AF952D,0.39339640736579895
CC_4A662975EB11,0.06420439556241035
CC_4A6C6B3206D7,0.5626816809177398
CC_4A6D10ABA22F,0.12288517504930496
CC_4A74262166E1,0.0969583660364151
CC_4A79254B756D,0.40428789258003234
CC_4A796D720F0D,0.7786934971809387
CC_4A7D6DF3E09C,0.12579380422830583
CC_4A8197463B68,0.06405787542462349
CC_4A81C5D75C6E,0.06563029512763023
CC_4A8204D2A892,0.09593162834644317
CC_4A8308DAA0A2,0.06442317292094231
CC_4A83B084BF6F,0.7864744663238525
CC_4A84EF4CBF39,0.4445624887943268
CC_4A8AED912D81,0.03020845502614975
CC_4A8AFAD0420E,0.20064979195594787
CC_4A8B293033AD,0.09693294912576675
CC_4A90166BA504,0.3334148645401001
CC_4A941F05F366,0.12878275364637376
CC_4A954600AA9D,0.1401822954416275
CC_4A9A403CF392,0.01973605901002884
CC_4A9D869C2564,0.26788082122802737
CC_4A9E5FA62EAA,0.8206703424453735
CC_4A9F549804C8,0.3705084204673767
CC_4AA1454DB1BD,0.06572454273700715
CC_4AA2A5F4513B,0.47890432476997374
CC_4AA5F584A62E,0.39485777020454405
CC_4AA6BA507211,0.14346929788589477
CC_4AA76FFC05D8,0.04469351544976234
CC_4AAFF03DB5BC,0.07885558158159256
CC_4AB61BB7CACB,0.5439863085746766
CC_4AB70778BF68,0.09695836305618286
CC_4ABA0785C267,0.16344083845615387
CC_4ABC078575DF,0.6449458122253418
CC_4ABD62F268E0,0.7569902062416076
CC_4ABF16BB8365,0.33186074495315554
CC_4ABFB496BAA1,0.2840861797332764
CC_4AC49D75672B,0.5853145837783813
CC_4ACFC91213E0,0.09287901222705841
CC_4AD0DB740322,0.33516027927398684
CC_4AD19A89D26D,0.37485286593437195
CC_4AD24CEDF04B,0.16248258650302888
CC_4ADB26964D43,0.17600152194499968
CC_4ADDD817D67E,0.2428229719400406
CC_4AE20FD028B6,0.2392834484577179
CC_4AE3DDE309D1,0.22682015001773834
CC_4AE4F26A7E44,0.11288650184869767
CC_4AE5A2C1A3A9,0.2500703036785126
CC_4AEE17CB1E32,0.03334973081946373
CC_4AEEFAA61C23,0.19991690218448638
CC_4AF0C17AF2D1,0.23197665810585022
CC_4AF65B965DE3,0.11818972676992416
CC_4AF9C6855C82,0.6091025471687317
CC_4AFB2FE624FD,0.07585760056972504
CC_4AFC0117879F,0.25544344186782836
CC_4AFCAE442916,0.23415821492671968
CC_4AFD37BA6419,0.16395237743854524
CC_4B01531F3668,0.16666024923324585
CC_4B0418552431,0.06740146577358246
CC_4B07DEE3980D,0.07140906900167465
CC_4B0E16972D2C,0.07150887325406075
CC_4B0FC11D9784,0.10314748287200928
CC_4B167957E054,0.04104687944054604
CC_4B1B1AC32F9D,0.0801203116774559
CC_4B1EEC6BB6F5,0.08797579705715179
CC_4B24028C74BE,0.19012236595153809
CC_4B24284211CE,0.1499587118625641
CC_4B272CB87A55,0.11410835087299347
CC_4B278BAF79E6,0.10167441964149475
CC_4B2CDCB80A85,0.15341775119304657
CC_4B2F5031FA75,0.1858064830303192
CC_4B314F6A1536,0.21371600031852722
CC_4B34BF1A3C04,0.08006270527839661
CC_4B3ADF0E1BC7,0.6536320924758912
CC_4B3DCE915488,0.0744248941540718
CC_4B3E7689516F,0.7094502687454224
CC_4B3F7A4E7D6B,0.3361692428588867
CC_4B409C43809E,0.6261066198348999
CC_4B40F81D006C,0.0763945922255516
CC_4B4158D80004,0.2883636295795441
CC_4B43C14A71EB,0.030306677892804147
CC_4B45A4D1E183,0.16248259246349334
CC_4B46D0D62567,0.5477878212928772
CC_4B4711519FE3,0.5217139661312103
CC_4B494B5906DB,0.6531138777732849
CC_4B4AA5651651,0.7517173528671265
CC_4B4B6A1D246C,0.3705084264278412
CC_4B4BD66CC7C7,0.26315972208976746
CC_4B4F8F478917,0.039453985169529915
CC_4B4FCB5D63AF,0.26334214210510254
CC_4B527733ACAE,0.1581809937953949
CC_4B5277E53172,0.5015232145786286
CC_4B52B5659990,0.19550400972366333
CC_4B5617A505F9,0.3114741027355194
CC_4B59F176DC30,0.46792091727256774
CC_4B5E54542C12,0.10300276726484299
CC_4B6157B79E82,0.1031474843621254
CC_4B618DC26522,0.05569662302732468
CC_4B63BFB32898,0.6015911936759949
CC_4B645748E2D5,0.06405787542462349
CC_4B66B13E21C9,0.626106607913971
CC_4B691ABA1D24,0.06849848628044128
CC_4B6C0C1EAA62,0.32792375087738035
CC_4B6C4AE5BBDB,0.15809401869773865
CC_4B6C8C1F1D67,0.12537013739347458
CC_4B6DEDD32C70,0.07549632042646408
CC_4B7B94AE5822,0.06997958794236184
CC_4B7BD4272628,0.14791986495256423
CC_4B80028A3E0C,0.08339235633611679
CC_4B82E7CCFFA5,0.11085598766803742
CC_4B8355DFCB16,0.14012925922870637
CC_4B83F3197362,0.7119012951850892
CC_4B84C2FD2609,0.18632884323596954
CC_4B84FB7D7E38,0.11038188189268112
CC_4B861BEE6C40,0.15599317848682404
CC_4B8694AC0053,0.47792986035346985
CC_4B8FEB61A1D2,0.08174800276756286
CC_4B8FED4FEA62,0.1707341879606247
CC_4B9440FB5987,0.08649234622716903
CC_4B9F37CCF202,0.06442317143082618
CC_4BA3EBAED458,0.05898962989449501
CC_4BA44F97889F,0.1731070950627327
CC_4BA537FE8C22,0.11741086393594742
CC_4BA6244A64AE,0.4679209113121033
CC_4BAAACC927CF,0.06555227413773537
CC_4BAAB7D364DF,0.6282791495323181
CC_4BAD8A7672CC,0.11470983177423477
CC_4BB18A117A98,0.5609903335571289
CC_4BB2A9C679A2,0.11038187444210053
CC_4BB658F1171A,0.12661642581224442
CC_4BB829ABB14C,0.1548729732632637
CC_4BB90F2EE162,0.18370122015476226
CC_4BBB36A38030,0.16614871025085448
CC_4BBDBECA6B92,0.05002385079860687
CC_4BBE01391430,0.08311062902212143
CC_4BBF455291CD,0.07155110239982605
CC_4BCA99FA8CFC,0.18866077959537506
CC_4BCDD3257CFD,0.085040582716465
CC_4BCF87EAE128,0.11733841747045518
CC_4BD0115CF3D7,0.17073419392108918
CC_4BD4DF84AE78,0.05610228180885315
CC_4BD67048880E,0.8882068872451783
CC_4BD73BDAD5C3,0.15383664667606353
CC_4BD75A1DEC3B,0.0457666777074337
CC_4BDC71D958B4,0.07977319359779358
CC_4BE1C8C3D33A,0.06442204341292382
CC_4BE4CE0A5BCE,0.2788316488265991
CC_4BE670B379B8,0.020198386535048483
CC_4BE701760E45,0.2648541420698166
CC_4BE7B351DF1F,0.11898221671581269
CC_4BE7EC2064C1,0.2141789972782135
CC_4BE8B6EFCA38,0.20496054291725158
CC_4BEAE979CB03,0.04685504138469696
CC_4BED9943694A,0.12388777732849121
CC_4BEE70F31D51,0.22173941731452942
CC_4BEE98FC7693,0.06868859305977822
CC_4BF1ECB0BEF5,0.7525775194168091
CC_4BF26C431C99,0.6925209760665894
CC_4BF46A708ED2,0.11733841747045518
CC_4BF57AC7E2A0,0.6054915070533753
CC_4BF9E1EA7152,0.07456863969564438
CC_4BFAA0AF3E37,0.7956834554672241
CC_4BFB3828F194,0.6385604023933411
CC_4BFC209A3A61,0.12920641601085664
CC_4BFD2A4D267E,0.16395237743854524
CC_4BFF5737C1DF,0.769919753074646
CC_4C03458D480A,0.14557014107704164
CC_4C03D5A035E8,0.09740222543478012
CC_4C03FC980A4F,0.17169243693351746
CC_4C053C1F91B3,0.11288651674985886
CC_4C073C61B152,0.3481625199317932
CC_4C0771BEEBF8,0.0480159617960453
CC_4C0B8A0347BD,0.0904942125082016
CC_4C0C8D73D1AF,0.23034245669841766
CC_4C1043519BFC,0.20575704276561738
CC_4C1141472F7C,0.19605658054351807
CC_4C12EE3074C7,0.7413497805595398
CC_4C132ACB2BDD,0.7410737633705139
CC_4C159FEE64BC,0.061443749070167544
CC_4C1F14C69FCA,0.12394638359546661
CC_4C1FACA95212,0.33768905997276305
CC_4C2ABBECD50E,0.4933404266834259
CC_4C2AFCC53232,0.009278846159577369
CC_4C2BB5560854,0.432398134469986
CC_4C2F65B66BEC,0.019454420544207096
CC_4C372E086622,0.06405787542462349
CC_4C373D9044C0,0.15597676932811738
CC_4C3754DAC336,0.5614330768585205
CC_4C3A7B3F1A9A,0.10251508802175521
CC_4C3E30E2617E,0.1707341879606247
CC_4C3E69111DE2,0.10958622097969055
CC_4C40435152E6,0.06679596826434135
CC_4C414641A1FC,0.39920220971107484
CC_4C4578FC5A3E,0.20110377073287963
CC_4C46D78852D0,0.14249464273452758
CC_4C48EF67D2EF,0.1456924319267273
CC_4C49477B4CD3,0.105111463367939
CC_4C4CC3DB34CC,0.15746296644210817
CC_4C4D2E9BE4D7,0.5491197586059571
CC_4C5317AAF263,0.09523568451404571
CC_4C550D441CE6,0.15363979637622832
CC_4C57C273E92E,0.7407545566558837
CC_4C5913D71BE2,0.03944488875567913
CC_4C5E13FD6C6D,0.1657020002603531
CC_4C635A41DCE6,0.14715038537979125
CC_4C664B08CED4,0.2618086218833923
CC_4C6857B5FF4F,0.20496054291725158
CC_4C699BE3FC5B,0.050067701190710065
CC_4C6A85287861,0.1535102590918541
CC_4C72046DBD0D,0.14314291775226592
CC_4C73C562A0D5,0.16299412548542022
CC_4C756CCA904B,0.10858490616083145
CC_4C75E89B3590,0.7803180694580079
CC_4C7623DA3B2E,0.08538436740636826
CC_4C7772E3B9CE,0.300057578086853
CC_4C7BE83ACDB3,0.10351640284061432
CC_4C7C01F4AD10,0.7519822835922241
CC_4C894F07D805,0.6627435207366943
CC_4C8AAD47C69A,0.149762761592865
CC_4C8B57B3E8E3,0.17169244289398194
CC_4C8F2562BED2,0.22547608315944673
CC_4C96193D8DCF,0.20527397096157074
CC_4C9776BA782D,0.11544940173625946
CC_4C99B45BD74A,0.222749662399292
CC_4C9DB550996B,0.16299412846565248
CC_4C9EB219A02F,0.06442316994071007
CC_4CA0D6441AE2,0.12838379442691802
CC_4CA220FC98D3,0.18903387188911439
CC_4CA29858AACA,0.0640578731894493
CC_4CA3A0724B0C,0.10937958508729935
CC_4CA95BBD2A42,0.28400185108184817
CC_4CA9CAFDCE38,0.06800309494137764
CC_4CABC2AB0096,0.17169243693351746
CC_4CABC8D89536,0.06679596900939941
CC_4CAD9A0D70E7,0.19724892675876618
CC_4CADA6D5146C,0.1958690255880356
CC_4CAF86C1742C,0.06405787616968155
CC_4CB13078E4D4,0.4542990744113922
CC_4CB16D4817CF,0.03971515819430351
CC_4CB1D168D957,0.0514757014811039
CC_4CB61AF6DAC6,0.3705084264278412
CC_4CB673878C3C,0.1351611390709877
CC_4CB69BAEFF4F,0.11448547393083572
CC_4CBBAE2615D7,0.49107364416122434
CC_4CBBCD88E337,0.2826907992362976
CC_4CBBEDE3A711,0.14055292010307313
CC_4CBE92B3F4D0,0.0625043548643589
CC_4CC02A85EF03,0.16364859640598298
CC_4CC19B17FCF7,0.10959418267011642
CC_4CCA026AF958,0.025922820903360844
CC_4CCA1C3169C7,0.06586361452937126
CC_4CCAFC66DA21,0.11435001790523529
CC_4CCE0359644B,0.05263662561774254
CC_4CD125B615C7,0.0940297469496727
CC_4CD3CFDA2AD3,0.7339977860450745
CC_4CD94218B6F4,0.2420109987258911
CC_4CDA203083AB,0.15003678798675538
CC_4CDFBEF485CE,0.07900210022926331
CC_4CE50C7B8B4A,0.16395237743854524
CC_4CE565B7FBD4,0.04104687795042992
CC_4CED5B5D2FA8,0.7405266404151917
CC_4CED623EF2C2,0.05126814879477024
CC_4CF0C13EECF1,0.23659279346466064
CC_4CF1199966EA,0.0544746670871973
CC_4CF164C1B3A9,0.21128062009811402
CC_4CF1C38559CB,0.03020845465362072
CC_4CF25A4B948A,0.15243925601243974
CC_4CF3711083D7,0.08012030869722367
CC_4CF6F725CD3C,0.003125
CC_4CF8CA7D2B76,0.6925209999084473
CC_4CFB12EDF2B9,0.18114748299121858
CC_4CFEBD328FCA,0.14797910004854203
CC_4D000AF7CD7A,0.1766612112522125
CC_4D02889CB8B6,0.14012925326824188
CC_4D045E94ACFA,0.10255247503519058
CC_4D04AFE296E7,0.06883665770292283
CC_4D0A6779887C,0.0744690679013729
CC_4D0AA3107ED5,0.08316823095083237
CC_4D0B94DD160D,0.07768990844488144
CC_4D0EAF975B09,0.1250468075275421
CC_4D0ECAC0C600,0.06824329495429993
CC_4D1074498B5F,0.1166687250137329
CC_4D15CC7B9B9B,0.6457394480705261
CC_4D1619B52E96,0.08131237775087356
CC_4D1BA80A3660,0.08196229189634323
CC_4D1D3F744B30,0.33186073899269103
CC_4D1FA8241837,0.052636624127626416
CC_4D22CD51858C,0.7844944477081299
CC_4D2495F29F3C,0.7668705344200134
CC_4D2497BEF8C8,0.11938824951648712
CC_4D2602AB8BBC,0.17934016585350038
CC_4D2BD84362A1,0.21482377648353576
CC_4D2D07DAB1C8,0.5737701773643493
CC_4D2D5FD47228,0.4378751039505005
CC_4D2FEF26C873,0.16395237445831298
CC_4D310573427F,0.07144408971071244
CC_4D33C92AA4D5,0.2781197190284729
CC_4D3752ABB8A0,0.5484309673309327
CC_4D389ED6A864,0.07914586812257766
CC_4D3A0418187B,0.06694496944546699
CC_4D3AE6B905A7,0.27533518671989443
CC_4D3B7EFFF9B5,0.14611609578132628
CC_4D47ECFEAE6E,0.20037088096141814
CC_4D4F67A80992,0.6505013704299927
CC_4D50523113EA,0.5879323244094848
CC_4D50B976A469,0.1395782619714737
CC_4D53A8465E88,0.08251950293779373
CC_4D5483AB50A3,0.10707557946443558
CC_4D54C6496460,0.11080553978681565
CC_4D576B4C0E19,0.7841152071952819
CC_4D59642E15FF,0.08196229189634323
CC_4D5A21A688C3,0.08400889933109283
CC_4D5B017B60B2,0.15860555469989776
CC_4D5E71EA5E46,0.5624832928180694
CC_4D6064EB1024,0.16248259246349334
CC_4D61BF1A39EA,0.15746296644210817
CC_4D684AA6F3D4,0.15860465466976165
CC_4D6E7F9D3AE1,0.12427277117967606
CC_4D6F260B24F8,0.4800902247428894
CC_4D73F1C6CA14,0.10335371047258377
CC_4D75466E0777,0.7352214574813842
CC_4D7AA18CFB45,0.36300898194313047
CC_4D7B8721025A,0.1408793091773987
CC_4D7D7D211264,0.19081660509109497
CC_4D7F903D83CC,0.07317497432231904
CC_4D823A978796,0.10314748585224151
CC_4D893BD85D67,0.15211524665355683
CC_4D8B1C84D407,0.1750258594751358
CC_4D8CD723639C,0.5476152539253235
CC_4D8DD1B7E3B3,0.1174529030919075
CC_4D9358D8208E,0.30422440767288206
CC_4D95BDBC08C9,0.10076336413621903
CC_4D9665E12610,0.061297228932380675
CC_4D96A03BA6FD,0.6540883541107178
CC_4D96F8671D56,0.0667959675192833
CC_4D971A37036C,0.07900210171937942
CC_4D99D599A6CE,0.08554670363664627
CC_4D9BFF25A12E,0.1624825894832611
CC_4D9E9CFED472,0.36694493889808655
CC_4D9F2C99CDC2,0.14702084809541702
CC_4DA096EB8A81,0.28132752180099485
CC_4DA36AE64079,0.7790727496147156
CC_4DA8296CCDD1,0.14356250762939454
CC_4DAA85CBDBAF,0.2125924527645111
CC_4DAB9A2108F5,0.2200987309217453
CC_4DACD1A282B2,0.08316002190113067
CC_4DB328211298,0.302494090795517
CC_4DB4E6901CFE,0.7564796209335327
CC_4DB53B1CF49B,0.1565047174692154
CC_4DB6E10B964B,0.1590522676706314
CC_4DB7B024E3EE,0.3628860294818878
CC_4DB7F11FEF36,0.16460685431957245
CC_4DB9630BF41D,0.05539727061986923
CC_4DB9B7398143,0.09272081553936004
CC_4DBCF386EDD5,0.09144894927740096
CC_4DC5F67C7C97,0.17507272064685822
CC_4DC6176CD69E,0.626106607913971
CC_4DCFB3C06E91,0.110805544257164
CC_4DD05B6E174D,0.11176002472639084
CC_4DD410D1FA0C,0.12384910434484482
CC_4DD7176987B1,0.12569652497768402
CC_4DDB6A2CB800,0.1431429162621498
CC_4DE44D8A0D59,0.08142188340425491
CC_4DE4B7BEDDF0,0.06405787616968155
CC_4DEAFDBCA396,0.40260647535324096
CC_4DF2369A1F58,0.05263662487268448
CC_4DF437055D5D,0.02097581624984741
CC_4DF65EA5D11E,0.11202389001846313
CC_4DFA0D097984,0.1050198346376419
CC_4DFD1F8906A5,0.6835343837738037
CC_4DFE5A7C11CB,0.05882256478071213
CC_4E00AA6A0AF2,0.14532986879348755
CC_4E0462B912E1,0.15911619365215302
CC_4E050BB7D5AD,0.39479364156723024
CC_4E0C8BC2265C,0.6470180511474609
CC_4E10428F5D96,0.1763798326253891
CC_4E12C5814F2C,0.18083769977092742
CC_4E155B8A4DA6,0.08439367413520812
CC_4E16D974628D,0.08858543336391449
CC_4E195C0B41B1,0.10937958359718322
CC_4E20EBC838B6,0.06456969156861306
CC_4E212AC7E98B,0.0744357168674469
CC_4E22998A15A6,0.1624825894832611
CC_4E264BFD9ACC,0.1481269285082817
CC_4E279F423148,0.15211524665355683
CC_4E3012A4A840,0.15860465466976165
CC_4E3518ED5FC7,0.08621263802051544
CC_4E3708860A47,0.15911619365215302
CC_4E394A58F55D,0.012612179294228554
CC_4E3F8F8E5642,0.06886378228664398
CC_4E444636EA4F,0.2355400174856186
CC_4E4C0DBC4537,0.7525775074958801
CC_4E4CD7A9B7E6,0.14702084809541702
CC_4E4E74608BE0,0.14560455977916717
CC_4E51CADA0933,0.08957991153001785
CC_4E53FA273C3C,0.7519822716712952
CC_4E54B9291F03,0.3534210354089737
CC_4E5AEAC18136,0.2424599587917328
CC_4E5BDEA45701,0.06013630628585816
CC_4E6231977B7F,0.2403787314891815
CC_4E679A6A93F3,0.17234691381454467
CC_4E67BD78DA67,0.1322617322206497
CC_4E67D0F93876,0.0874462902545929
CC_4E69D2B0984A,0.7102962017059327
CC_4E6CE8F6BEE5,0.16666024923324585
CC_4E6ECC2C3B7E,0.2945993602275848
CC_4E72D2A811AD,0.16460685133934022
CC_4E7C0644E78F,0.06442317068576812
CC_4E7D3A3E43AB,0.10255247354507446
CC_4E7ED4F086D9,0.04077660776674748
CC_4E7FD48A778E,0.2902384579181671
CC_4E8106443FCC,0.035387202724814416
CC_4E8457EE884E,0.28836363554000854
CC_4E8A4BC52007,0.16731472313404083
CC_4E8CE560B12E,0.68801429271698
CC_4E8D3C32314C,0.03790563568472862
CC_4E8DD1679F73,0.025652550905942918
CC_4E8EB450D4C0,0.6091025590896606
CC_4E92D1511EE4,0.4789043366909027
CC_4E92FF787EF2,0.08249179720878601
CC_4E96D8E58012,0.08828545063734054
CC_4E9859EEC95D,0.11745290160179138
CC_4E9985ADE51B,0.39485777020454405
CC_4E9ABAE0C000,0.24565141201019286
CC_4E9DEAC398EF,0.7219608306884766
CC_4EA43E05D811,0.16666024923324585
CC_4EABB47F1E93,0.15599317848682404
CC_4EADAEC9C9AB,0.06442317292094231
CC_4EAE98094230,0.15065985172986984
CC_4EAF8D440BA7,0.4542990684509277
CC_4EBEA9F7196A,0.07899127751588822
CC_4EBFBB266BDD,0.12343205660581588
CC_4EC08B53025D,0.3989648222923279
CC_4EC3308A7F25,0.00927884578704834
CC_4EC525F8395A,0.08859462141990662
CC_4EC75942298C,0.25525363385677335
CC_4EC9DAF6A478,0.4531131982803345
CC_4ECF4D022499,0.009278846159577369
CC_4ECFF6EB7ABE,0.09386705458164216
CC_4ED2246F5800,0.17484726011753082
CC_4ED290B51A2B,0.7413497924804687
CC_4ED4CC475BF0,0.7570748448371887
CC_4ED57EA78AB9,0.1373561292886734
CC_4EDDA9D0DF90,0.08826736211776734
CC_4EDE2F123C6D,0.12537013590335847
CC_4EE47017E485,0.09821177423000335
CC_4EE49191FC57,0.18263408541679382
CC_4EE6DEAFD3AF,0.17703431248664855
CC_4EE724AD3D64,0.1666313201189041
CC_4EEAF18F1BFD,0.13539598286151885
CC_4EEBDE4A773F,0.061297230422496796
CC_4EED610633C6,0.09087339639663697
CC_4EF34E92E9E7,0.14667170792818068
CC_4EF41AF69045,0.6603430151939392
CC_4EF441306C68,0.41374812424182894
CC_4EF497F1C0F4,0.838905644416809
CC_4EF5D7BA74DB,0.3923739016056061
CC_4EF7C774829C,0.16951733231544494
CC_4EF80C4BAB79,0.1324950486421585
CC_4EF8B24337EB,0.02262224778532982
CC_4EF8BAA87A89,0.10351640433073044
CC_4EFA5B8BAAEB,0.14715038239955902
CC_4EFD0599D000,0.32148101925849915
CC_4EFD794CAC49,0.7407545447349548
CC_4EFE80A4D699,0.06884935647249221
CC_4F0038E70D42,0.19888578057289125
CC_4F024CBA2D9D,0.1634408324956894
CC_4F030A4E0D3A,0.16395237743854524
CC_4F123E1ECCD8,0.1343424692749977
CC_4F1418F9159A,0.09688773900270461
CC_4F152DF7EB60,0.4421297609806061
CC_4F1847E21846,0.037635364755988124
CC_4F194DB11C93,0.06703616976737976
CC_4F1A799EAB30,0.07990036755800248
CC_4F1E35B362B5,0.3599686801433563
CC_4F2125563F5E,0.08800611346960067
CC_4F293AB79F11,0.09213015735149384
CC_4F2A8429FBBF,0.2334630787372589
CC_4F2ACB7F5EE2,0.21716156601905823
CC_4F2F5B98E42E,0.11387337148189544
CC_4F31C8B2FE19,0.1229959636926651
CC_4F326CDF0C00,0.1843464732170105
CC_4F34A273AA7C,0.12619275748729705
CC_4F37A9C524AB,0.16424477696418763
CC_4F3E63937F93,0.09694982022047043
CC_4F40890B14DC,0.44927856922149656
CC_4F43684E26D2,0.0904942125082016
CC_4F43E2334DF1,0.040967416018247604
CC_4F4575C9B8F9,0.17996875941753387
CC_4F46D5184A2F,0.04282834716141224
CC_4F499AFF8C9A,0.15436143875122071
CC_4F4C312B8AA6,0.702693521976471
CC_4F4CA8CE966C,0.13506959676742553
CC_4F4E4653DF79,0.10255247503519058
CC_4F50BF818987,0.15599318146705626
CC_4F520A27C024,0.07428919523954391
CC_4F54773E37C2,0.16881926357746124
CC_4F58425D6ED3,0.039715158939361575
CC_4F58EB88F235,0.05845726877450943
CC_4F59D743C642,0.21636693477630614
CC_4F5C4BD504A9,0.11660130172967911
CC_4F5C552A62FE,0.05006770044565201
CC_4F628A092E01,0.19199419617652894
CC_4F630C7D5661,0.3278046607971191
CC_4F68314323DA,0.15809401571750642
CC_4F77C971C1AB,0.39920220971107484
CC_4F7A0153E342,0.5327782928943634
CC_4F7A086FFD00,0.1706950068473816
CC_4F7A85BA5E6E,0.16364860236644746
CC_4F7ED0F38817,0.1996024250984192
CC_4F805A7B189D,0.5329127371311188
CC_4F829C21AEBF,0.10081906914710999
CC_4F83B18A2B49,0.112176214158535
CC_4F8559E0678D,0.09415245354175568
CC_4F8B9A179867,0.12838379591703414
CC_4F91EBE098A7,0.12175449281930924
CC_4F958B1CC931,0.1323699861764908
CC_4F98969ABB54,0.17343555986881257
CC_4F99120AEEEC,0.320390522480011
CC_4FA028490A87,0.6841720581054688
CC_4FA2907E6A83,0.2945993602275848
CC_4FA5C6EEA20A,0.1098032534122467
CC_4FAC8FAEDAF0,0.6812649607658386
CC_4FB01BC4095D,0.6627435088157654
CC_4FB1A9D38374,0.13506959825754167
CC_4FB267729D76,0.1328759491443634
CC_4FB335A05E89,0.06032320335507393
CC_4FB363A7D3B2,0.04869922325015068
CC_4FC1E83251B0,0.1287667453289032
CC_4FC209A1C0BA,0.20299451053142548
CC_4FC3F4CEA203,0.06427552178502083
CC_4FC898091C7B,0.29404738545417786
CC_4FCA1B68D521,0.7209563732147217
CC_4FCB1881DF86,0.08275794982910156
CC_4FCE09FD2FA2,0.15599318146705626
CC_4FD235CBD145,0.08044383078813552
CC_4FD500301E49,0.07617144435644149
CC_4FDBDACEB0F4,0.10473572313785554
CC_4FE4CB3D49DB,0.10900856852531433
CC_4FE784020293,0.28313117623329165
CC_4FE984FF9EAF,0.41597148180007937
CC_4FF218ED2525,0.1666313201189041
CC_4FF377E43C28,0.5277473390102386
CC_4FFBD9862C75,0.16344083845615387
CC_4FFDAC0AAA76,0.08400889784097672
CC_4FFE2BD686B3,0.36872934103012084
CC_50033818781D,0.7741961240768432
CC_5003D171E70A,0.07869446277618408
CC_50086256D28E,0.37773327231407167
CC_50086BB73A33,0.3665240049362183
CC_5012E8B48612,0.07611748725175857
CC_50164A0AE844,0.24201100468635559
CC_50172A2AC4A0,0.06250435411930085
CC_50179C8EE160,0.02565254904329777
CC_50193CE06AA6,0.1624825894832611
CC_501E323B4027,0.22038520276546478
CC_502025761646,0.2498878836631775
CC_50206F8E0F2A,0.6427732706069946
CC_5021F475EC58,0.11846306025981904
CC_502290F1D391,0.7620827794075012
CC_502339A711CE,0.3346219778060913
CC_5023AA63C7CC,0.07561740130186081
CC_502860331BCF,0.2694699078798294
CC_50286D3547A9,0.15956380367279052
CC_502E427E3439,0.06129722818732262
CC_502EC7D7B3A5,0.16933919191360475
CC_502EF3D12E7E,0.28836363554000854
CC_50348DB17154,0.19956061542034148
CC_503655670F77,0.06573783457279206
CC_503BB8B62477,0.2431308925151825
CC_50403F4AF548,0.18230808079242705
CC_504198EE42E8,0.07554777413606643
CC_5043A8F9868A,0.1666313201189041
CC_504413C91980,0.13113855421543122
CC_5044DC27BC74,0.5900282979011535
CC_504E3E547D5B,0.08554670363664627
CC_504E5446318A,0.11824855655431747
CC_50536F37593E,0.16460685133934022
CC_50552FAEFD54,0.19752415120601655
CC_5058FCA259B9,0.021487180143594742
CC_505C0A3CCF4A,0.22507275640964508
CC_505D3BEEEF6A,0.46792090535163877
CC_505E402F7A24,0.03554178811609745
CC_505F2410ADE3,0.1750258594751358
CC_50617EA5E42D,0.12686276137828828
CC_50683B4EBD23,0.22259032130241393
CC_506BA9608F16,0.03895330019295216
CC_507778B86071,0.46792091727256774
CC_50786150E605,0.05823723152279854
CC_507B63A7C425,0.10251508355140686
CC_507C74CC98C5,0.041046878695487975
CC_507C9C567D59,0.2945993661880493
CC_507FA8AF2DC4,0.2493666172027588
CC_5081BCADAA8D,0.1690724730491638
CC_50862678EA50,0.265888649225235
CC_508719E22DF8,0.15809401869773865
CC_50879E664D39,0.49334044456481935
CC_508AF08A46BF,0.3040120482444763
CC_508B05701D0A,0.16395237743854524
CC_508CA1AC2439,0.1716924399137497
CC_5093F64B2007,0.16395237445831298
CC_509732CD5AFF,0.14715038239955902
CC_50A079AB026E,0.22263324558734893
CC_50A221311DB4,0.17507271766662597
CC_50A30F52E331,0.7197121143341064
CC_50A36347382A,0.09106955379247665
CC_50A760F9F4F1,0.6329460859298706
CC_50A94EECAA87,0.7575854659080505
CC_50A951D9AB8A,0.7037750720977783
CC_50AA3CA2D731,0.17993960082530974
CC_50AFBBA16B8E,0.14734723269939423
CC_50B0D297ED85,0.6634672522544861
CC_50B2022FE108,0.02262224778532982
CC_50B43220EC1D,0.5660943329334259
CC_50B7CB887A96,0.5055097341537476
CC_50B88BDF7F70,0.08316823095083237
CC_50BA38C2991E,0.4045284688472748
CC_50BB5C856CB3,0.37767902612686155
CC_50BCF68BDD4A,0.2552365481853485
CC_50BD11534CE0,0.1565047174692154
CC_50BD42FE35FB,0.3940350353717804
CC_50C0010EA9AC,0.7154016256332397
CC_50C02DD8B191,0.041046878695487975
CC_50C3AFEBD111,0.11544940620660782
CC_50C58A46D40A,0.1766612112522125
CC_50C61E7A51C4,0.05944435745477676
CC_50CB61F549DB,0.06442317143082618
CC_50CB75F4F210,0.025652551651000978
CC_50CC7E7240B7,0.6081181406974793
CC_50CCE8995CB5,0.13130725771188737
CC_50CEBAA3A354,0.07899127900600433
CC_50CF803FA7C1,0.012612179666757584
CC_50CFB3FE6E9A,0.2202507883310318
CC_50D16D8F2D20,0.1500367909669876
CC_50DACCA702F2,0.18337308764457702
CC_50DBC7EAA767,0.09509096145629883
CC_50E3DB89BECA,0.10431205779314041
CC_50E3EAF83960,0.05756738260388374
CC_50EEB38F435B,0.0430986188352108
CC_50F07795597A,0.14381949305534364
CC_50F17658839A,0.10958621948957444
CC_50F1C3176FFD,0.7525775074958801
CC_50F315C75BCA,0.07556995451450348
CC_50F3B146281B,0.04309861734509468
CC_50F41F4B7F97,0.06442317515611648
CC_50F51108E1CC,0.12063686549663544
CC_50F6A4471505,0.11661520600318909
CC_50FAB9823465,0.16395238041877747
CC_50FD80E661BF,0.046855039149522784
CC_51018E91E234,0.3673534095287323
CC_510246CFC244,0.11122700572013855
CC_5102B46A273B,0.1559931755065918
CC_5106172E3D20,0.06427552402019501
CC_51067B3B1DAF,0.14952525347471238
CC_5107C4B45B1A,0.5517889380455017
CC_510DC9422837,0.19306862354278564
CC_5110B263C241,0.4421297609806061
CC_5111C6B42712,0.07701009213924408
CC_5114BF07A3A6,0.08006270527839661
CC_5119E289E487,0.06977426409721374
CC_511DCE56082F,0.7773004770278931
CC_51249B803402,0.16299412548542022
CC_512716BAA3EC,0.24011218547821045
CC_512AAEC789F7,0.6889301061630249
CC_512BFD4AA0B3,0.17234691381454467
CC_512CD034605B,0.5015232026576996
CC_512E3529DDD2,0.291772735118866
CC_512E4690CC94,0.040776608511805534
CC_51315E97C552,0.09672728329896926
CC_5131B31A7812,0.7026935338973999
CC_513424FF435B,0.1501438647508621
CC_513D91A7D1E0,0.17586830258369446
CC_513E6FAC5A37,0.18500094413757323
CC_513F2D27AEE7,0.39485777020454405
CC_513FF6FBC586,0.14702084809541702
CC_51442A2D7045,0.08859462440013885
CC_51446FAFE152,0.7339977741241455
CC_5145058D0206,0.15440927743911742
CC_51454FCC713E,0.15599318146705626
CC_5146859241DF,0.1565047174692154
CC_5148CAE77A51,0.15599317848682404
CC_5149281FC5EF,0.06405787542462349
CC_51493A971C9E,0.06703617125749588
CC_51494880833C,0.1256965234875679
CC_514B19E6CE79,0.09302842766046523
CC_514E15147061,0.2009527087211609
CC_514EA537CBFB,0.838905644416809
CC_51502056D14E,0.28775891065597536
CC_515473EC05FA,0.29376251101493833
CC_5154AE1CAD8C,0.08400889486074448
CC_51559C80ED89,0.1167982578277588
CC_515966A07267,0.1484906330704689
CC_515AC7446164,0.15027340054512023
CC_516161B37B12,0.10255247354507446
CC_51625BA86EF3,0.12579380571842194
CC_5164647BC2BC,0.645739471912384
CC_516491E197E4,0.2017744928598404
CC_5164F7783E8B,0.1806941419839859
CC_516D668EEEAE,0.10958621948957444
CC_516ED548EFA9,0.16246618032455445
CC_517708A3A113,0.07944387793540955
CC_517941031880,0.05166259780526161
CC_517AE2B3CE7B,0.35687997937202454
CC_517D11F3CDC4,0.10781617015600205
CC_517E41A83BB7,0.11017524302005768
CC_517F7F112921,0.17490740418434142
CC_51802E19C502,0.05099787674844265
CC_5182AE0496E7,0.2540877163410187
CC_5182F96B1011,0.08219252452254296
CC_51850D4AC10F,0.07593866139650345
CC_518BB348E586,0.21854119300842284
CC_518DBAE6F871,0.21167953312397003
CC_51921CE3555E,0.22954909801483153
CC_5192BB97D2D9,0.10334812998771667
CC_519352AF145B,0.10298479348421097
CC_51951E6BFFC1,0.5507908463478088
CC_5195E164C97E,0.050067702680826186
CC_519AD7FC0AE1,0.1085398942232132
CC_519BB7689E6E,0.08949289321899415
CC_519ED1BC69BB,0.16248258650302888
CC_51A4A7AAF055,0.4483246684074402
CC_51A9BA9E6DC2,0.07959552556276321
CC_51AE35F516EF,0.17118090093135835
CC_51AE64A9E05C,0.01945441998541355
CC_51AEEDCC4CEE,0.11080554127693176
CC_51AFBA9FD09A,0.15220312774181366
CC_51B37F0A8C28,0.3385255575180054
CC_51B49D1CF25F,0.08492539972066879
CC_51B82DF384F5,0.15811744034290315
CC_51BBDA0FB260,0.07191639840602874
CC_51C253BE4FA2,0.318697053194046
CC_51C2A076013B,0.3992022156715393
CC_51C2F2335CB3,0.20669546723365784
CC_51C5FE9BAA71,0.1910162389278412
CC_51C7C9DF800B,0.44606844782829286
CC_51CD4C83CA42,0.3190479576587677
CC_51D0DA4B2D6E,0.2299876719713211
CC_51D29DBF738B,0.06308384984731674
CC_51D32DEDC55A,0.5653236210346222
CC_51D565F77B4B,0.10958622097969055
CC_51D6549D3AB5,0.25459916293621065
CC_51D87FF81BF1,0.1281558945775032
CC_51E041168B7E,0.14537328779697417
CC_51E45DF863C8,0.16344083845615387
CC_51E46F92A290,0.16299412846565248
CC_51E492E8F6FC,0.1479198604822159
CC_51E5A1BE306B,0.12361273467540741
CC_51E685A9D2FF,0.139077065885067
CC_51ECA4FD0097,0.13371437042951584
CC_51F112EA7EAC,0.6925209760665894
CC_51F4C9A824A9,0.1218731090426445
CC_51F4D78C1A22,0.5269427478313446
CC_51F9A2F446C5,0.06405787542462349
CC_51FEC975D6CE,0.34355672001838683
CC_5205E67F2F4A,0.13397179543972015
CC_520697FAB09E,0.26197885870933535
CC_52074362F80F,0.16731472611427306
CC_520955B23C06,0.2351633757352829
CC_520D7DBDBC96,0.07367496266961097
CC_520EEA191200,0.5055097460746765
CC_5211100E8C98,0.06134343221783638
CC_52119B8913B0,0.05845726877450943
CC_52179C30B2A6,0.21547870337963104
CC_5217DBD1C516,0.18650230169296264
CC_52189D809638,0.5315973579883575
CC_521F26C83117,0.13318911343812942
CC_5226061A321B,0.37815830707550047
CC_522ADEF6970D,0.17456118762493134
CC_522D8C6D04EF,0.16730386912822723
CC_522DEE30B2FA,0.10200144797563553
CC_522E6EFCCB96,0.7407545685768128
CC_522E7E5B30DF,0.13526074588298798
CC_52348EB33F67,0.14398083984851837
CC_523524C93DD2,0.16248258650302888
CC_5235E86519E2,0.08346572518348694
CC_523790A0EDE4,0.16460685729980468
CC_523FAD00E1B8,0.48053212761878966
CC_524242992152,0.06250435411930085
CC_5249753F2118,0.04931440204381943
CC_524997011381,0.009278846159577369
CC_5249EF1D9C54,0.14734723269939423
CC_524B259F30B7,0.2282419979572296
CC_524F2362BA0C,0.2977104663848877
CC_525841E35FC4,0.06099787726998329
CC_52599869399F,0.08744629174470901
CC_525DE54AAF0C,0.5055234849452972
CC_525F44A9BC23,0.10958622097969055
CC_5261E4230012,0.1366322308778763
CC_526806FB1089,0.2743086159229279
CC_5268A26DF7E6,0.19460152685642243
CC_526AEAD032C1,0.09616661071777344
CC_526B2C6CDA2E,0.17073419094085693
CC_526FFA27CA00,0.06013723462820053
CC_52718609C6B4,0.13405944108963014
CC_5275F401BFE2,0.13938663601875306
CC_52799ACC9FCD,0.08682498782873153
CC_527A92CED04B,0.00927884578704834
CC_527B4E189936,0.12579380720853806
CC_527FA5BB2528,0.061144397407770154
CC_528545CCBEB6,0.1266164228320122
CC_528678AFD80A,1.0
CC_5289264F148C,0.14068245738744736
CC_528E7A879039,0.11608237028121948
CC_528FEDCE89E4,0.07899128049612045
CC_5291DD6970C7,0.16395237445831298
CC_529222C65CC4,0.0333497317507863
CC_52934D37B95D,0.06970561146736146
CC_529760FC6CAC,0.05707630515098572
CC_5299D93AAA75,0.19623689651489257
CC_529F1068DD66,0.6449458003044128
CC_52ACA593E714,0.16299412548542022
CC_52B10A33347D,0.08006270676851272
CC_52B303EC10ED,0.03047872520983219
CC_52B828AA0B5F,0.05263662338256836
CC_52B82D36D77F,0.11928311437368393
CC_52B8E92A9540,0.38924055695533755
CC_52BA24EF8D7C,0.08006270974874496
CC_52BCCAF4CF9A,0.04162022024393082
CC_52BEE2DC9A96,0.16299412846565248
CC_52BF111CD5F4,0.43447086215019226
CC_52BFD75F43E8,0.1031474843621254
CC_52C3C6F51CF1,0.19898287653923036
CC_52C511062C95,0.09517807960510254
CC_52C76330C94D,0.07428919672966003
CC_52CA3061BCC7,0.2931183099746704
CC_52CB8CAC0324,0.3128910720348358
CC_52CF1712E225,0.06898955628275871
CC_52D2D43B540B,0.07639459073543549
CC_52D338ADF1F1,0.9182277083396911
CC_52D40BFC2627,0.3552085399627686
CC_52D432339A3F,0.23525513410568238
CC_52D595F54A38,0.08142265975475312
CC_52D9070F050F,0.14702084958553313
CC_52D9D9035527,0.03763536550104618
CC_52DBF46FC2E8,0.1702226519584656
CC_52DD4118CADC,0.3077205836772919
CC_52DFD0F1CA3D,0.10251508355140686
CC_52E18755EB51,0.0734301671385765
CC_52E36F0B63A6,0.16460685133934022
CC_52E54CE28FE3,0.04017842635512352
CC_52E5BB6C5C96,0.1757271945476532
CC_52F86FB44A02,0.15340318381786347
CC_52F8C5372EEE,0.19956061542034148
CC_52FCF88C1403,0.025652550533413886
CC_52FEA5BC3CF5,0.1511405885219574
CC_5308D3D0083B,0.8854408025741577
CC_530DE7ED6C94,0.01062236214056611
CC_530F623DE0B2,0.23419597148895263
CC_530FA5955672,0.340739768743515
CC_531F9DD592A2,0.6075914740562439
CC_53227A51E492,0.1253701403737068
CC_5328AE44B14F,0.10479951202869416
CC_5328F8040F20,0.16395237445831298
CC_53290F387736,0.08843162059783935
CC_532CBD0B50C2,0.11297187209129333
CC_532DAE6C1707,0.7042856812477112
CC_53345B4AF3FE,0.5688517212867736
CC_533547B47BAB,0.0092788465321064
CC_533D31AC0F6B,0.06442317143082618
CC_533D5FFA0FF9,0.21021293103694916
CC_5347928DE670,0.10501983612775803
CC_534855615C02,0.10351640284061432
CC_534A6C4FF783,0.14689249843358992
CC_534C041DAA08,0.2122872442007065
CC_534C34E9CE85,0.0874462902545929
CC_534FDDF7B954,0.26334214210510254
CC_535083BEF944,0.6747734904289245
CC_5352CFCF939C,0.11898092478513718
CC_53536E9D2FB5,0.18694838583469392
CC_53546D720BD6,0.06405787467956543
CC_5354B0D209B7,0.44212976694107053
CC_535544DB81B7,0.6435669302940369
CC_53612F5E8BD6,0.7519822597503663
CC_53618EE78A97,0.5345326781272888
CC_5361CDF13DD4,0.08195545375347138
CC_5364D9FA666A,0.17439587116241456
CC_5365051097B0,0.16299412846565248
CC_5366A7AADC7C,0.053616567701101306
CC_5366F331A847,0.06250435560941696
CC_53671DC856B3,0.4789043366909027
CC_536725007606,0.34938053488731385
CC_53682850B448,0.06713668256998062
CC_53693EF069F6,0.7690617561340332
CC_536D631D2AE9,0.13766104280948638
CC_5371777947C8,0.06427552327513694
CC_537A206043F7,0.31267871260643004
CC_537C74E15784,0.302494090795517
CC_538747082B4B,0.07949396222829819
CC_538890E74744,0.05569662153720856
CC_538F068BFF88,0.15211524665355683
CC_538F52B6CD62,0.2753351926803589
CC_539EC292E8D7,0.21287856101989747
CC_53A2BFC45E6D,0.16881926059722902
CC_53A4CB9E9F4F,0.167332661151886
CC_53A6E42A6C44,0.12828651666641236
CC_53ACE46E94AB,0.40584120750427244
CC_53AD4AD1EDB1,0.0582372285425663
CC_53AE0812192D,0.06136317476630211
CC_53B056495720,0.1339518815279007
CC_53B44260F4ED,0.07582625821232795
CC_53B455360BBE,0.11001255363225937
CC_53B7E56836F8,0.10351640582084656
CC_53BA0BF9F647,0.16299413442611693
CC_53BAF38D7246,0.1787622392177582
CC_53BBAC5C5220,0.21428306996822358
CC_53BBE48B90B7,0.7569902062416076
CC_53BD00103BAE,0.1166152074933052
CC_53BD98CFEBEE,0.051268143206834794
CC_53BDF1283909,0.15599318146705626
CC_53C013705B92,0.061297227442264554
CC_53C460413C51,0.17169243693351746
CC_53C7990E5CF3,0.3223037600517273
CC_53C7EAD542B0,0.5581764101982116
CC_53C81D92BC43,0.7525775194168091
CC_53CA12C23B96,0.14346930086612703
CC_53CCDB82C65C,0.15599317848682404
CC_53CDB5C3FFA2,0.7525774955749511
CC_53CF6B1366FC,0.6060995578765869
CC_53CF8729AF6C,0.0725694790482521
CC_53D1F1B39F65,0.5269427418708801
CC_53D2AF41D185,0.11637459248304367
CC_53D36F6384C1,0.7624578475952148
CC_53D4AF5ECF1A,0.08447527438402176
CC_53D7700D767D,0.07244370728731156
CC_53D84CB8B388,0.10155115574598313
CC_53D897663573,0.2814564794301987
CC_53DBE8A27D1E,0.08872913271188736
CC_53DD769058DB,0.05029412060976028
CC_53E2924DF91F,0.31190677881240847
CC_53E5EEECDDD0,0.19973970353603362
CC_53E8CCD20897,0.06442317292094231
CC_53EC5AE193DF,0.11828096061944962
CC_53EFB50C13DB,0.15809401571750642
CC_53F4FE971A89,0.12054660767316819
CC_53FBEF397F28,0.5183422029018402
CC_5400DDE810E3,0.19998792707920074
CC_5404CC504B3D,0.09556271135807037
CC_54087F3E5F5F,0.14087931215763091
CC_54090F416C26,0.14365445375442504
CC_541082E0B2F5,0.08644497245550156
CC_5411DBBA3AF6,0.11804686933755874
CC_5413B3D25841,0.1494480699300766
CC_5417CCD9EC43,0.26788082122802737
CC_5418E7090CEA,0.05356167405843735
CC_541A775A6C25,0.7420534610748291
CC_541C0F442291,0.06427552402019501
CC_5420717F549A,0.17655932307243347
CC_5422BAF41A0F,0.7803180813789368
CC_542715A544BD,0.06032320186495781
CC_542B3CA177BC,0.1367467775940895
CC_542B859767C7,0.09218776226043701
CC_542CFB4E9D35,0.16395237147808076
CC_542F9EF8092C,0.05054304748773575
CC_54315DCA69D3,0.15211524963378906
CC_5432002BC146,0.15340318530797958
CC_54333A2DFE1F,0.4910736382007599
CC_5435BE08D9F8,0.10251508504152299
CC_5438EA76F6DF,0.11988681107759476
CC_543DC8FEA9C8,0.06405787467956543
CC_5443D94B038E,0.21444889008998871
CC_5443E14A2E4B,0.2883636295795441
CC_54485F5251F1,0.16395237743854524
CC_544B4470BC3C,0.4026064693927765
CC_544CD04EEEDE,0.07701009064912796
CC_5450CED3F1DC,0.31267871856689455
CC_545432B07FB7,0.0874462902545929
CC_54549EC067BB,0.11339553594589233
CC_5455C27D6578,0.17169244289398194
CC_545720912789,0.13205594271421434
CC_545741596F9A,0.17572719752788543
CC_545E2784ACE1,0.13260914087295533
CC_54621BA34F1D,0.16248259246349334
CC_546234D56722,0.18988258242607117
CC_5467A0818F63,0.016153847426176073
CC_5469922A8289,0.1289997801184654
CC_546A396B33B8,0.4910736560821533
CC_546AD79E05FC,0.2588226944208145
CC_546D57213C5E,0.14993723034858703
CC_547ACDD9539D,0.11804686933755874
CC_547ADCB02F2E,0.18583254218101503
CC_547D6344B932,0.8389056205749512
CC_547F762C345A,0.09517807960510254
CC_548442290E7E,0.10161681324243546
CC_5484A217C5F2,0.30665534138679507
CC_5484D2C9E9CF,0.3193470299243927
CC_5485C54631EF,0.10858490467071533
CC_548883A976C8,0.20221154689788817
CC_548BAF6862D4,0.12271293550729752
CC_548C6D17F6CF,0.1565047174692154
CC_548D53834FE1,0.5327782809734345
CC_5491F17F6777,0.15599318146705626
CC_5491FB974210,0.04469351395964623
CC_5493684ED7A6,0.09496770203113555
CC_549D5EC443C9,0.3873583137989044
CC_549D5FD638D0,0.08999812602996826
CC_549ED3D2D408,0.1716924399137497
CC_54A22FC72438,0.16666024923324585
CC_54A3A7F4996C,0.0880941778421402
CC_54A61CE6053B,0.06707073897123336
CC_54A629EC6083,0.06740146577358246
CC_54A78F338B06,0.16344083845615387
CC_54A8BECC56A1,0.12910913825035095
CC_54A999C44A41,0.177260884642601
CC_54B8E5CA8992,0.08554670512676239
CC_54BD450690FD,0.1830935388803482
CC_54C540122853,0.1093795895576477
CC_54C622E3B8AD,0.19818294942378997
CC_54C6BD74CB14,0.25035468935966493
CC_54C735F51FC6,0.1025150865316391
CC_54C7CBC27D54,0.07169762253761292
CC_54C9802B9A4D,0.1739193320274353
CC_54CD890AE441,0.08426337093114852
CC_54D1A4CF00CD,0.058131123334169386
CC_54D1BA63E168,0.12616203278303145
CC_54D4D9CFA966,0.28079199492931367
CC_54D9E6D2A561,0.15169158279895784
CC_54DA52B7D46D,0.15860556066036224
CC_54DA7F2E7E7F,0.09406943172216416
CC_54DB1519F492,0.26275686323642733
CC_54DC6B6C4A1E,0.31066666841506957
CC_54DD5BF78A3A,0.7339978098869324
CC_54DDBAC9A429,0.07555490434169769
CC_54E2FEC7FC39,0.2474386066198349
CC_54E3480D8900,0.041046877205371854
CC_54E414DF3E84,0.04104687795042992
CC_54E42EDE0CA6,0.11824855506420136
CC_54E588DF7575,0.1574629634618759
CC_54E6280E19AA,0.19036176800727844
CC_54E82A23F37F,0.20072081685066223
CC_54E839C14CD3,0.4066221475601196
CC_54F0A02371C9,0.05432814508676529
CC_54F46186410D,0.6371798157691956
CC_54F4AB6178D2,0.8036803960800171
CC_54F52046F7A5,0.12187311053276062
CC_54F77E1412C2,0.06879045516252517
CC_54F9867C6A5A,0.48928173780441286
CC_54FA12E54D06,0.277911451458931
CC_54FC900316A8,0.7519822597503663
CC_54FDFFD3E338,0.5061728715896606
CC_5500452915DC,0.03554178886115551
CC_55013CDEF9BE,0.05823723003268242
CC_550462476657,0.17169244587421417
CC_55047E38C5F4,0.12484539598226548
CC_5504BB68425F,0.16798713207244872
CC_5505A6A98078,0.10235324800014496
CC_5505B3F96453,0.288363641500473
CC_550837440A9B,0.09406943172216416
CC_5511DDD1A9E7,0.10536382198333741
CC_55146E6B47AA,0.08165544122457505
CC_5517CE2F262C,0.1629941314458847
CC_551872CA8789,0.2351633757352829
CC_5519304A3010,0.12418841272592544
CC_551F3CAD69BD,0.15472763180732726
CC_5521CD69E00D,0.370894992351532
CC_5521F8014D83,0.18190118968486785
CC_552290D721CB,0.1372999742627144
CC_552B0B6A0154,0.06573783904314041
CC_552C7D68F9FC,0.06442317068576812
CC_552E6D46AD46,0.15211524963378906
CC_55335E6605F7,0.5909256219863892
CC_5534CAECD276,0.31891433000564573
CC_5534CCE26E1E,0.34746729731559756
CC_553967B0B074,0.06754798591136932
CC_553D40400205,0.19157362580299378
CC_553F2092A2ED,0.28724374175071715
CC_553F3ED5381A,0.14327245056629181
CC_554143DA79D1,0.06886378228664398
CC_5545B1C48F83,0.2883636295795441
CC_554BA9A7CECD,0.06679596826434135
CC_554BCE69A5DA,0.2826908051967621
CC_55535F8AD62A,0.1346459373831749
CC_5557FB7E41F8,0.394857782125473
CC_555E35CC12BD,0.7575854420661926
CC_555F4DDCAE5D,0.09837446361780167
CC_5560AEB07F46,0.040776608139276506
CC_55630F0BEBAF,0.6710923910140991
CC_5563968B410B,0.7741961598396301
CC_5563FA7B041C,0.43970059156417846
CC_55640597B667,0.5083499729633332
CC_5565C567DBB5,0.1657020002603531
CC_5569B91E6EFA,0.1624825894832611
CC_556AD180A809,0.20049614012241362
CC_557B6913F9AA,0.47890435457229613
CC_557DFB602DCD,0.19724891781806947
CC_5583836C698A,0.18064116239547728
CC_5583CA31D3CF,0.10980325043201447
CC_558421DD4439,0.13539598435163497
CC_5587C335EFFE,0.16395237743854524
CC_5594ACB500D2,0.1497618615627289
CC_559570C9DBD0,0.10334812849760056
CC_55A082311C12,0.10971575528383255
CC_55A5FCFDE8E8,0.39485777020454405
CC_55A801704217,0.4725907504558563
CC_55A9D1918259,0.17169244289398194
CC_55AA53CBE65E,0.10559275895357131
CC_55AB249FA94A,0.06129722967743874
CC_55AED2052954,0.15262678563594817
CC_55B1438D301B,0.1565047174692154
CC_55B23BE7CE4F,0.17073419094085693
CC_55B51D4E3F02,0.11098761856555939
CC_55B9391CBDD0,0.45429906249046326
CC_55B95428280E,0.48156760931015014
CC_55B9CBB1ECB2,0.06144374683499336
CC_55BAA139E339,0.04801596328616142
CC_55BADEC1F0E0,0.17655932009220124
CC_55BCB73ADF58,0.11648897230625152
CC_55C4A86DC416,0.1714278995990753
CC_55C4F4CCFE64,0.012820513173937797
CC_55C6A2971CE9,0.17726088166236878
CC_55C6ACE776F0,0.16299412846565248
CC_55C93BBB1F24,0.07674599289894105
CC_55C9BC649903,0.08916477262973785
CC_55CA24F9EDCA,0.8349131345748901
CC_55CDF231ABBF,0.11252374947071075
CC_55CE4FE850E4,0.25264196991920473
CC_55D4252535D7,0.1843464732170105
CC_55D58B3C3AB3,0.12031048089265824
CC_55D6E3C32895,0.12126596868038178
CC_55D8CB1A441F,0.35359628200531007
CC_55DA7718BA11,0.18517806828022004
CC_55DBB69B28CC,0.26563777327537536
CC_55DBD38484BA,0.15599317848682404
CC_55DCCD2781F7,0.6627435088157654
CC_55DF667AA522,0.4789043486118317
CC_55DFD6738715,0.2883636295795441
CC_55E5EAAB0CE8,0.10431205630302429
CC_55E761BC7083,0.4800902247428894
CC_55EC441C46B3,0.4933404207229614
CC_55EE69A045DF,0.13041430711746216
CC_55F08C992148,0.07312352359294891
CC_55F1E12BBBF5,0.06860859245061875
CC_55F5FD744E0E,0.5183422029018402
CC_55F765825511,0.35950961112976076
CC_55FCF498CF57,0.15434818267822265
CC_55FDB0DEC0CF,0.17169244289398194
CC_55FEC892B2AD,0.18151822984218596
CC_5604CD337BEF,0.7786935091018676
CC_5605997177BE,0.199987930059433
CC_5606550FA20F,0.0731235221028328
CC_5609F1368243,0.0688637837767601
CC_560D117192C3,0.2220167726278305
CC_560DE3219D00,0.1591161996126175
CC_56107EC5DCD1,0.22099215984344484
CC_5610E3AAF253,0.06129722967743874
CC_56110F3FE3F6,0.149632328748703
CC_56123E68C1C3,0.13476613610982896
CC_561A1DED284D,0.17276061773300172
CC_561C96C9B80F,0.5736693620681763
CC_561DE9DA7204,0.15809402167797088
CC_561FBF36794A,0.47890434265136717
CC_562561AF5569,0.15211524665355683
CC_562B7D70C055,0.12042452096939087
CC_562F79F6405B,0.1624825894832611
CC_5630805757EF,0.24016501903533935
CC_5631D9B678AA,0.09198074340820313
CC_563599C7C0BC,0.09406943321228027
CC_5635D4906451,0.4553849399089813
CC_563874AFDBD8,0.07206292003393173
CC_563EFEB79464,0.38924055099487304
CC_5642D4E04ED8,0.15262678563594817
CC_56480401B816,0.021547996252775193
CC_564896BE8B0C,0.061297228932380675
CC_564CE4229C7A,0.1565047174692154
CC_564D7F1E2FD7,0.33032878041267394
CC_564ED67BD892,0.31797853112220764
CC_565130EB4512,0.6841720938682556
CC_56525C936BB0,0.23609477877616883
CC_565A3E852B84,0.06099787726998329
CC_56669D97DB12,0.7413497924804687
CC_566745D8628B,0.10161681622266769
CC_566921509E53,0.16395237743854524
CC_566E0436722B,0.09517808109521866
CC_56768A4461E0,0.7564796090126038
CC_56778B68B2D0,0.08554670214653015
CC_56781BFFB083,0.10768663436174393
CC_567BD9746B97,0.1370730996131897
CC_567D52DBFB3B,0.08316920846700668
CC_567F525F48E9,0.4789043366909027
CC_567F6360EC65,0.14734723269939423
CC_5681F1081587,0.31267871856689455
CC_5687FC8E5342,0.16395237743854524
CC_5688794FB341,0.1468924969434738
CC_568BCC73EE38,0.07899127751588822
CC_568C7A880CB1,0.0092788465321064
CC_56917BBD0FB1,0.061297228932380675
CC_5695FA9507B9,0.06653427854180335
CC_56988C3A6668,0.13550870716571808
CC_569937F52AF3,0.18621549308300017
CC_569EF611FB63,0.04487471804022789
CC_56A6D11717AC,0.012612180039286613
CC_56A778A6DD01,0.12297732383012772
CC_56A88D81324B,0.0744357168674469
CC_56B97C1B1C38,0.10690205097198487
CC_56BA6DB49EEA,0.06129722967743874
CC_56BF600C4312,0.11824855953454971
CC_56C027EED273,0.6961963653564454
CC_56C8E55575AF,0.8389056563377381
CC_56CA219EBB06,0.4542002499103546
CC_56CBE62B803A,0.10958622097969055
CC_56CC23BAAAA3,0.1713886708021164
CC_56D272B6C508,0.5477878332138062
CC_56D2F11462B8,0.0787441611289978
CC_56D9B8307142,0.39920220375061033
CC_56DBB5004ED4,0.31190147399902346
CC_56E751672A5E,0.12920641601085664
CC_56E97BB95CBE,0.7407545447349548
CC_56EFAD53614A,0.7841151714324951
CC_56F4824B7590,0.13656178414821624
CC_56F5252F5C16,0.14646578580141068
CC_56F7071B06BC,0.003125
CC_56F82F2290B2,0.10856702923774719
CC_56F8779BE919,0.16635647118091584
CC_56FBE78EC967,0.19550400376319885
CC_57002C320C96,0.32792375683784486
CC_5701029A02E0,0.15599318146705626
CC_57047EF3803A,0.5490364491939544
CC_57078204962B,0.7575854539871216
CC_570922042A88,0.11217621117830276
CC_570D7FE36B3D,0.33242430686950686
CC_57115B2BFE17,0.07357668876647949
CC_571607A0AE1A,0.16395237445831298
CC_5716A455B822,0.34547547101974485
CC_571925946DFB,0.14197327047586442
CC_5719A71BA47D,0.0725694790482521
CC_571BDEC53A17,0.13864406645298005
CC_571D283BBCFE,0.16395237743854524
CC_571F55A9552E,0.02097581624984741
CC_57215A40996B,0.318985515832901
CC_5721C798C996,0.12012294232845307
CC_57237413B9EF,0.2027873069047928
CC_572448AD9046,0.26566576063632963
CC_5728B49F4564,0.1547948896884918
CC_5729599F26BE,0.189114111661911
CC_5729813D19D2,0.0817480057477951
CC_572995869383,0.05825794786214829
CC_5729E71E16E1,0.6427732706069946
CC_57336E600FC8,0.5998264431953431
CC_57342A8AB7B1,0.015642482414841653
CC_573480AF426E,0.5576096177101135
CC_57368A6D48DB,0.04104687795042992
CC_5736948ED15E,0.08006270527839661
CC_573AA931727F,0.1924141526222229
CC_573AFD818446,0.17600674629211427
CC_573D28944056,0.4421297550201416
CC_57404B0D8FAA,0.04104687795042992
CC_574170466BA9,0.39469481706619264
CC_5741D872BF63,0.10536382347345352
CC_57439E75082E,0.06901030242443085
CC_574502DD5BF9,0.0744357168674469
CC_574AC21A10CB,0.29813125133514407
CC_5750F7977F9B,0.052685777097940444
CC_5751D6A33332,0.42203167676925657
CC_5754317083C5,0.10351640284061432
CC_57575474E4B7,0.1716924399137497
CC_575F3DCC3810,0.1501076728105545
CC_57606EB3294C,0.4910736620426178
CC_5760AAC4C8AC,0.16299412846565248
CC_5761FD7C3306,0.1629941314458847
CC_576229CB68C1,0.06405787542462349
CC_576344B49AB9,0.017945513501763342
CC_57677F2B1A35,0.037635364755988124
CC_576846C272DD,0.6841720938682556
CC_576C5F5180A0,0.14346930086612703
CC_576CD68BCCCA,0.37040961980819703
CC_577247B8D748,0.08639996349811555
CC_577621627C82,0.17637983560562134
CC_577AC7A06E10,0.7519822716712952
CC_577C7B6449FA,0.13550870716571808
CC_577DCB522259,0.11017524302005768
CC_577DD48184FC,0.045922386646270755
CC_577F6FCFE8BB,0.11173787117004394
CC_5780EB20018A,0.15599317848682404
CC_578161358EAA,0.08756377249956131
CC_5781724D28AE,0.06870283633470535
CC_578194927C80,0.15262678861618043
CC_5781FC88F2AD,0.15104288160800933
CC_578520D4F055,0.3948577642440796
CC_57875CC2F400,0.1347661331295967
CC_5787F014FB04,0.17073419094085693
CC_5789715CACBD,0.7570748329162598
CC_578A95316ABF,0.6257692217826843
CC_578B17E8FBCC,0.08562972247600556
CC_578DD14F82FD,0.0975187674164772
CC_578DD2320ACA,0.08407050222158433
CC_5791F3F9E9FD,0.05813536420464516
CC_5796C9F03371,0.1960936516523361
CC_57A1F681AD68,0.7407545566558837
CC_57A467B9A500,0.0092788465321064
CC_57A4690C5814,0.13109201341867446
CC_57A4F8A3A82D,0.11544940173625946
CC_57A775902BC2,0.7339977860450745
CC_57ABE4EEDB91,0.06573783606290817
CC_57B02E2FA906,0.15599318146705626
CC_57B6C0E7B766,0.5860256075859069
CC_57BD3AB57D65,0.16395237743854524
CC_57C00E89DD92,0.7339978098869324
CC_57C0B39268EC,0.05361656695604324
CC_57C2A410959E,0.16798713207244872
CC_57CA8492DF37,0.06427552327513694
CC_57CB489AF151,0.10724384933710099
CC_57CE144C095E,0.10167441815137863
CC_57D36988CFEF,0.18500095307826997
CC_57D37B348807,0.16299412548542022
CC_57D6C3D00CD7,0.2945993602275848
CC_57E67826FAA4,0.10145412683486939
CC_57E6DE93D701,0.17646008729934692
CC_57E6EB0DFDB8,0.20195995569229125
CC_57E708EF3F7C,0.08560430556535721
CC_57EB9594ED3B,0.06032320335507393
CC_57F3977E73C2,0.2703977286815643
CC_57F752ED44F4,0.697018313407898
CC_57F7D4863BA6,0.07275822758674622
CC_57F936E1093A,0.7596574425697327
CC_57FA0AEE0A88,0.07895758152008056
CC_57FD84AC569D,0.04685503840446472
CC_5802E49908BD,0.1147736817598343
CC_5804F2DF5B4B,0.15340318530797958
CC_580517120DF3,0.16460685431957245
CC_58071EED583C,0.6850437521934509
CC_58088521D48F,0.05245564579963684
CC_580B4EE7C1B6,0.26315972208976746
CC_58122CC93D3A,0.8030851602554321
CC_581432BF43DD,0.6091025710105896
CC_5820351A4D3B,0.19329441487789153
CC_5823A40DF6C3,0.7110424160957336
CC_5823C727EAB2,0.10297613888978958
CC_5824B0571BDA,0.12825544476509093
CC_5826968E74FC,0.07449429929256439
CC_582894552069,0.6833654284477234
CC_582A2C839597,0.11647781133651733
CC_582E3FDC7E03,0.20311051607131958
CC_58333942E713,0.024291963875293733
CC_5835D3BC4641,0.27577555775642393
CC_583654CE63B3,0.12474204003810882
CC_58379D089A68,0.1934955507516861
CC_584100BD5DBF,0.05077660754323006
CC_58440C7D861B,0.4910736680030823
CC_584655290ED4,0.08012031018733978
CC_58469FD0244D,0.4234874129295349
CC_584BFFC83C5A,0.023740054666996004
CC_584FB8D54CF5,0.07768990844488144
CC_584FF77EEB27,0.3930251955986023
CC_5852ABDFE9F4,0.18772675693035126
CC_585402F3DB8B,0.21134327352046967
CC_585423039E59,0.21381671726703644
CC_5856EE2A3145,0.0725013107061386
CC_5857848D1B1B,0.1350696012377739
CC_585D6D7400EC,0.6449458241462708
CC_585DF1F20D97,0.05823723077774048
CC_58645AFF4CAD,0.11712200343608856
CC_5868B8B7A8FC,0.08006270676851272
CC_586AA422D12F,0.32153183221817017
CC_586DBDC85DE7,0.7407545447349548
CC_586E8B823ED2,0.26719674468040466
CC_586F2B3AA5A1,0.6642609119415284
CC_587AAA4C8E7B,0.16567306518554686
CC_587D6724F48A,0.1340949445962906
CC_587DA51DB167,0.20339975953102113
CC_5882E01FB9B2,0.7620827794075012
CC_5882F91F29B3,0.5125066459178924
CC_5883422CA960,0.15456919819116594
CC_5883B6CBE37C,0.2038581043481827
CC_5884EEC8B2D0,0.11000988781452178
CC_588794152C6D,0.08196229338645936
CC_588822899083,0.49107365012168885
CC_5888DB6A27BA,0.11557893455028534
CC_588ADE419EF3,0.692492687702179
CC_5890B3E57E4E,0.12042760103940964
CC_5894CDDE2E51,0.2326384425163269
CC_5896595E278E,0.14734723269939423
CC_589817F23CFE,0.06879045590758323
CC_589844A52ACB,0.02262224778532982
CC_589847195F1A,0.11855854988098144
CC_5898AB7CCA04,0.14734723269939423
CC_589D798BA40A,0.19386864304542542
CC_58A03B3ACF58,0.13802576065063477
CC_58A1D9E0131D,0.22305416762828828
CC_58A9776D8FD8,0.20860739350318908
CC_58AAB22B1226,0.07029092758893966
CC_58ACE911C029,0.00927884578704834
CC_58AF464C9AB6,0.05610228180885315
CC_58B1245E766F,0.09924401938915253
CC_58B299FE2444,0.09639467149972916
CC_58B5158A2CDF,0.7556488990783692
CC_58B61BDF331B,0.18402756452560426
CC_58B7FB042D82,0.06420439556241035
CC_58C9DA7AE891,0.16570200324058532
CC_58CD308C8ED8,0.05383660718798637
CC_58CD88CC25FC,0.4232797384262085
CC_58CDC5BDBBA9,0.3257475972175598
CC_58CE713913A3,0.08196229338645936
CC_58CEF8C45010,0.07607819363474846
CC_58CF7FB744C5,0.18482145965099334
CC_58D232DD083D,0.13409494161605834
CC_58D2409F7978,0.09302842617034912
CC_58D3D8369F18,0.11772048771381378
CC_58D49AC23ABE,0.5894453644752502
CC_58D96FA01F21,0.10597900450229644
CC_58DA887D5A88,0.346553897857666
CC_58DAE4A33A08,0.33516027331352233
CC_58DC700A7682,0.149633227288723
CC_58E07273A266,0.34938053488731385
CC_58E4F311CF66,0.22484903335571288
CC_58EB19C62750,0.5482456088066101
CC_58EEF30FEAA2,0.8219156622886657
CC_58F087C47C19,0.16395238041877747
CC_58F1EEA5B6CC,0.04104687795042992
CC_58F5620D0130,0.20016974508762359
CC_58F84E9040DA,0.19905389845371246
CC_58FB0A8682EB,0.09009679704904557
CC_5900B5F3D57F,0.3820417582988739
CC_5908FFF02CD1,0.35516804456710815
CC_590BA63FE80B,0.20241864323616027
CC_590BF9561936,0.15262678861618043
CC_59114A0440CC,0.6091025352478028
CC_59130793832A,0.07905970513820648
CC_59157904E34F,0.2056734472513199
CC_592124FBDC07,0.7458471179008483
CC_592220A1C8E3,0.16299412548542022
CC_5923A8B4A8DC,0.13329070955514907
CC_5923B882788D,0.12394638359546661
CC_592484E7BB5A,0.6091025471687317
CC_592700B83437,0.512506639957428
CC_592938F6781A,0.10991260707378388
CC_592B5A0405A7,0.12431838214397431
CC_592E4C049C88,0.11666872352361679
CC_592F81CB56FF,0.057063937187194824
CC_593117BD4B3B,0.1010375201702118
CC_5932D3AE3ECF,0.20589862167835235
CC_59365DA3A112,0.3128910720348358
CC_593979F32C27,0.5061729073524475
CC_593DBF92E343,0.1716924399137497
CC_5941865FE802,0.10302818268537521
CC_5944C9222134,0.17118090093135835
CC_594AB44222D9,0.009278846159577369
CC_594E9A7C988B,0.07155110388994217
CC_59558FB3F6CD,0.1504702478647232
CC_595720F4AE9A,0.14667170345783234
CC_595DD9352D1A,0.11867222189903259
CC_59605A740FEA,0.17486775815486907
CC_5961FA0A97ED,0.030985884740948676
CC_59620FD3713F,0.19818294048309326
CC_59628D797949,0.4421297609806061
CC_5966AAB8330A,0.7664724588394165
CC_596C001B0828,0.06572454199194908
CC_596E8E230877,0.06442316919565201
CC_5971EF075BF0,0.2031567633152008
CC_59783D3A62FC,0.1757271945476532
CC_59797E676623,0.08044382929801941
CC_597A3975BA20,0.37203168869018555
CC_597D2050AC07,0.06405787616968155
CC_5981145C6288,0.17580551505088807
CC_5981D60B6F66,0.10180642902851104
CC_5985084B4858,0.17001159787178038
CC_598591E3E589,0.09402974545955659
CC_599256E05A0B,0.11701203286647796
CC_5992FDA6B3F0,0.15262678563594817
CC_599462E87CCF,0.10161681622266769
CC_5996F214A014,0.06136317327618599
CC_5999674FD3A6,0.2945993602275848
CC_5999A18D6688,0.0810057356953621
CC_5999CAD4E859,0.33263762593269347
CC_599A2C545F05,0.1940026491880417
CC_59ADBC0765F7,0.04077660776674748
CC_59AE1ED18EE5,0.012612179666757584
CC_59AED9C57185,0.4421297609806061
CC_59AFAABC619C,0.15860465466976165
CC_59B3E5922AED,0.19904215037822723
CC_59B40016503B,0.33677089810371397
CC_59B4D47E53D5,0.49107365012168885
CC_59B52E03A2DD,0.4058412194252014
CC_59BD370A7A56,0.030985884368419647
CC_59BD8594EFA8,0.09503336101770402
CC_59BEA0024DCE,0.19716708362102509
CC_59C04BE99C59,0.16731471717357635
CC_59C562681EAA,0.12297731935977936
CC_59C5A653C200,0.16150793433189392
CC_59C6631D3F5D,0.08501021564006805
CC_59CE67E07837,0.012309149280190468
CC_59CF26DE0916,0.16176186203956605
CC_59D2D98951F7,0.23300212919712066
CC_59D2EC8B28A3,0.6457394599914551
CC_59E456FAAA54,0.604318630695343
CC_59E6ACEDC7B5,0.16733266413211823
CC_59E7B8727FF8,0.2628657728433609
CC_59ED20E6529B,0.14314291328191758
CC_59F406619831,0.591011780500412
CC_59FB4385703F,0.21795170307159423
CC_59FFFD0F57B9,0.1716924399137497
CC_5A013CB43F65,0.08495026156306267
CC_5A0339AC2651,0.2247426837682724
CC_5A03BCF9550E,0.091718690097332
CC_5A04BC8EB3C7,0.1569514274597168
CC_5A076EFF11BF,0.08006270676851272
CC_5A08C2022BE5,0.22078817486763
CC_5A0AF639240C,0.09305696934461594
CC_5A0F0547321D,0.15599317848682404
CC_5A12A6C81144,0.30929251909255984
CC_5A142F4CEF76,0.26872839629650114
CC_5A15269194A4,0.2540877163410187
CC_5A15457FAF7B,0.16460685133934022
CC_5A154F5F054E,0.05845727026462555
CC_5A163F467726,0.15695143043994902
CC_5A16CB731879,0.14571927189826966
CC_5A176AAA3069,0.5670973479747772
CC_5A1996EFFED3,0.15003679245710372
CC_5A1B8FD9D64F,0.17637983560562134
CC_5A1E5E3D1C9C,0.11714156866073608
CC_5A1E990E2B1E,0.16299413442611693
CC_5A20001063C9,0.09049421101808548
CC_5A23FB5B2E1C,0.6194925546646118
CC_5A24DE065436,0.1538366436958313
CC_5A286536F2A5,0.06129722967743874
CC_5A2F49A569FA,0.1486343801021576
CC_5A325901B64D,0.10219831019639969
CC_5A348D51A7B2,0.04371379688382149
CC_5A34A9B1E1CB,0.12967173010110855
CC_5A373A5207AF,0.14952525347471238
CC_5A37EC2D820F,0.07652582451701165
CC_5A39DB502062,0.7954432845115662
CC_5A3E351ABF54,0.2160121440887451
CC_5A49178E08A2,0.12271293401718139
CC_5A4B37559FBB,0.7318333148956299
CC_5A4BAF53AC62,0.1766612261533737
CC_5A55ECB92CE6,0.1559931755065918
CC_5A57C040113A,0.15911619663238524
CC_5A595524D8FD,0.07618878334760666
CC_5A5A56574DFF,0.05077660605311394
CC_5A5C08953FF9,0.3437567949295044
CC_5A5C3F778D36,0.17073419094085693
CC_5A5C8434C5D5,0.04282834716141224
CC_5A5E93C6F4B6,0.5918462991714477
CC_5A5F1C1F7905,0.16395237743854524
CC_5A6308822D47,0.35338063836097716
CC_5A6328755008,0.5238003671169281
CC_5A64FCA23152,0.07611748725175857
CC_5A6829EE9022,0.7458471298217774
CC_5A685DF58C92,0.10824517011642457
CC_5A6FF2EB1FB4,0.061297230422496796
CC_5A72971F070B,0.06886378079652786
CC_5A7527137CA0,0.046855039149522784
CC_5A75D981E7EA,0.6421284198760986
CC_5A8034E0BF87,0.16395238041877747
CC_5A817C6BF339,0.08745051473379135
CC_5A83E62880C7,0.07019668146967888
CC_5A868AAEC96F,0.09182130247354507
CC_5A8A56929FCC,0.15262678265571594
CC_5A8B5A192355,0.5707424521446228
CC_5A8B5D66B70A,0.07313616722822189
CC_5A8B83CCF918,0.08190231919288635
CC_5A8CA07E4060,0.16299412846565248
CC_5A8D5ABC0BAD,0.10351639986038208
CC_5A8EE1A345A0,0.41541537642478943
CC_5A8F8A4826E6,0.03125615417957306
CC_5A8FCB3BD9A8,0.28836363554000854
CC_5A95288103D2,0.1038975328207016
CC_5A9662EA2300,0.07900210022926331
CC_5A9A5BBD5CF1,0.11356489956378937
CC_5AA00D592A24,0.35359628200531007
CC_5AA31ACE2332,0.015642482787370682
CC_5AA45B599FFD,0.1751999020576477
CC_5AA6A0FA7E65,0.1072438508272171
CC_5AA711CA5FC8,0.7290268898010254
CC_5AA7778DA9DA,0.07067253291606904
CC_5AA7F5C04668,0.15911619663238524
CC_5AAA6C1A1622,0.10351640433073044
CC_5AAAC9C03C17,0.7042203545570374
CC_5AAB972054B0,0.8023504853248596
CC_5AACCAEFC895,0.08703079372644425
CC_5AB12E5BC79E,0.14345619678497315
CC_5AB175CB4372,0.19143935143947602
CC_5AB226B6C59A,0.20339976251125336
CC_5AB243D0F844,0.06572454124689102
CC_5AB5C0E3C42B,0.2630562722682953
CC_5AB73E728978,0.6835343956947326
CC_5AB83BF50C80,0.11297187060117722
CC_5AB94738B2C2,0.27862959504127505
CC_5ABDA2B7C93F,0.18338822424411774
CC_5ABE0879FE8C,0.15905226171016693
CC_5ABEA15B5CC5,0.02451748363673687
CC_5ABF14322ED2,0.5860256433486939
CC_5AC23189FB34,0.08862113207578659
CC_5AC23D140081,0.1934706449508667
CC_5AC7586E4E6F,0.19886952936649321
CC_5AC77388ED13,0.188381227850914
CC_5AC865E71599,0.1401292622089386
CC_5AC9707D7537,0.7177991986274719
CC_5ACF8EA85E56,0.1536397933959961
CC_5AD2546163C0,0.34235202670097353
CC_5AD50914D294,0.10204047858715057
CC_5AD55E10E239,0.2826908051967621
CC_5AD7F12D1D22,0.12394638508558273
CC_5AD8FE1989CB,0.13041431009769439
CC_5AD9338E7F37,0.21017817854881288
CC_5AE27B88549B,0.06420439630746841
CC_5AE4CDC380A1,0.7407545685768128
CC_5AE6F64CFDB5,0.18420531004667282
CC_5AE736DE11AC,0.5072641134262085
CC_5AF0BAF709D0,0.16395237445831298
CC_5AF2E2D5946A,0.15599317848682404
CC_5AF4CC9631C0,0.5481779098510742
CC_5AF508D5CAEC,0.041046877205371854
CC_5AF60F813344,0.04309861734509468
CC_5AF932FFDCDB,0.17607606649398805
CC_5AF94ED5611A,0.09366139322519303
CC_5AF9BAF31FEB,0.06800309643149376
CC_5AFA0C04BC94,0.39920220971107484
CC_5AFAB8A64F35,0.14055292308330536
CC_5AFC1261EB93,0.20610564947128296
CC_5AFE5DF7AF95,0.15868671238422394
CC_5B0195BA39EE,0.11761528104543686
CC_5B026017070C,0.18575548529624938
CC_5B0404833850,0.039715158939361575
CC_5B04A9399C65,0.08559961169958115
CC_5B0507769BB6,0.05823723077774048
CC_5B0807571581,0.1809486359357834
CC_5B0A9D311BEE,0.15599317848682404
CC_5B0E9706A537,0.2708995223045349
CC_5B0F40C0E1CB,0.6457394599914551
CC_5B1245524940,0.17234691381454467
CC_5B13FDA05B61,0.09703622311353684
CC_5B14FAB82984,0.1431429162621498
CC_5B176732FBCE,0.015642482787370682
CC_5B23092E7BB2,0.09020019024610519
CC_5B23CA791DF0,0.22977547645568847
CC_5B2E241BBCDC,0.09416399747133256
CC_5B2E9C1C079A,0.12031047940254211
CC_5B2F80EB5A5E,0.12915565967559814
CC_5B2FD478D867,0.17507272064685822
CC_5B3336343694,0.342659729719162
CC_5B341E3A6C32,0.8454487681388855
CC_5B380570454D,0.19929072856903077
CC_5B3A879E3664,0.804059624671936
CC_5B47219287FA,0.03901805952191353
CC_5B4A365E3F47,0.07701009064912796
CC_5B4F89D9EB61,0.20912931561470033
CC_5B5206396D60,0.16730043590068816
CC_5B534A342317,0.1450719341635704
CC_5B54612A98D6,0.1668211191892624
CC_5B5711F842EE,0.06572454124689102
CC_5B5B6AAF96C0,0.16950006484985353
CC_5B5C2F4A96D5,0.10322286486625672
CC_5B5DE032454E,0.0734301671385765
CC_5B643C5EB4C3,0.1045154482126236
CC_5B6F725BD2B8,0.2564364641904831
CC_5B77AB677EB6,0.4378751039505005
CC_5B794ECEC735,0.07703509777784348
CC_5B7975BD5165,0.06129722818732262
CC_5B7AFB39BC79,0.1624825894832611
CC_5B7C6876A878,0.18041459321975709
CC_5B7D4A522B9A,0.7736855626106263
CC_5B81AB4FE5D6,0.18500095009803771
CC_5B81CC5219C7,0.038953300938010214
CC_5B826E2BDCB1,0.07701009064912796
CC_5B8CF69570A7,0.2338043600320816
CC_5B943E99D363,0.041046877205371854
CC_5B95668CAEEE,0.3329754710197449
CC_5B96F6F9E12B,0.6804713010787964
CC_5B985FF12590,0.702693521976471
CC_5B99A61F9BEC,0.11176002472639084
CC_5B9BA65EEDDE,0.05107596144080162
CC_5B9C2D63BD82,0.12579380124807357
CC_5BA10AB47E93,0.30401204228401185
CC_5BA1B065C54F,0.07326194122433663
CC_5BA67C7C142C,0.12461782842874528
CC_5BA9DAF61609,0.13936712443828583
CC_5BAC82095106,0.2273748904466629
CC_5BAF4779FCFF,0.6536320924758912
CC_5BB35F83900C,0.11000988334417343
CC_5BB5EF6A67F4,0.07031167149543763
CC_5BB9DF8AD50E,0.030319427698850633
CC_5BBD34998419,0.09198074489831924
CC_5BBEAC610014,0.14327245056629181
CC_5BC33A2851E1,0.29177272915840147
CC_5BC7E75A8ECE,0.11703887134790421
CC_5BC9D20125BA,0.17445353269577027
CC_5BCBB8067717,0.9032142758369446
CC_5BCE3F3C3A44,0.10747993737459183
CC_5BCEE77C9666,0.5845099925994873
CC_5BD9F156D4D1,0.1624825894832611
CC_5BDB5A10668E,0.0924815982580185
CC_5BDE39E4EC88,0.03554178960621357
CC_5BE077E6D969,0.605125093460083
CC_5BE1FAA48CB2,0.11185730248689651
CC_5BE23895CBBA,0.09803754091262817
CC_5BE396B6D08D,0.1629941314458847
CC_5BE4D4502607,0.06013630628585816
CC_5BEDB8A6CF7D,0.12209631949663162
CC_5BEE1177A0FF,0.09410665184259415
CC_5BF1307A7F59,0.11928311735391617
CC_5BF3E0C71712,0.3454754829406738
CC_5BF468725EE5,0.12083854824304581
CC_5BF6BB3DD54C,0.1283837988972664
CC_5BF7318B86BE,0.11122700273990631
CC_5BF7422D0E05,0.1072335422039032
CC_5BFE20440559,0.14327245056629181
CC_5BFEEAD87024,0.08448609709739685
CC_5C0019CA0253,0.06456969231367111
CC_5C0362270FBC,0.13874817490577698
CC_5C06DCFBCD08,0.14475723952054978
CC_5C072D2EB4A4,0.04282834641635418
CC_5C0BDC4C766C,0.2717581450939178
CC_5C0C3BE3FBBB,0.10161681771278382
CC_5C0E60EEF98F,0.12579380422830583
CC_5C0F0E4CB1E1,0.06456969082355499
CC_5C0F448526CB,0.06442317068576812
CC_5C132B8C9743,0.6665128707885742
CC_5C16A4120DE8,0.6841720700263977
CC_5C18971A9B33,0.5708647608757019
CC_5C1926C3E99F,0.05166259855031967
CC_5C1A4FB9D9E6,0.9749999880790711
CC_5C23A07D8C1F,0.1461427703499794
CC_5C26CF126E7D,0.0379056341946125
CC_5C290BBFF8AE,0.33186073899269103
CC_5C293CDAE97F,0.07312352359294891
CC_5C296B48A610,0.16798713207244872
CC_5C298CD9EE0F,0.04801596030592918
CC_5C29B0BF7A46,0.38599575161933897
CC_5C2B402F9C5E,0.05943721234798431
CC_5C2B9A1B45F1,0.08400889486074448
CC_5C2BC3B2FED6,0.17646008729934692
CC_5C2F04DB89B0,0.11587306559085846
CC_5C3010524162,0.15599317848682404
CC_5C34E33B048C,0.18922811150550842
CC_5C37520DF4A0,0.17169244289398194
CC_5C376E472146,0.06405787542462349
CC_5C3A694E5AFF,0.16299412548542022
CC_5C3A81F8243E,0.8727926135063171
CC_5C3AF119C7C4,0.11666872203350068
CC_5C41AA1FB124,0.3108272910118103
CC_5C41FE749450,0.06886378228664398
CC_5C44F9B51B15,0.14154347628355027
CC_5C46C165D942,0.13044861257076262
CC_5C46CFF1EE93,0.10251508802175521
CC_5C477BB76B50,0.14715038239955902
CC_5C485C3DA5A2,0.032572302222251895
CC_5C516C1148AE,0.14018230140209198
CC_5C51F8276A09,0.23672518730163575
CC_5C5617ECA2C1,0.864992618560791
CC_5C580B327945,0.05823723077774048
CC_5C663668AEAC,0.07651566863059997
CC_5C667B5EEEDD,0.092511285841465
CC_5C66F7AEC29F,0.3873583137989044
CC_5C69819D7461,0.09712855070829392
CC_5C6F6F2284FD,0.17169244289398194
CC_5C744FF98F4F,0.1039400652050972
CC_5C770EBB3461,0.15599317848682404
CC_5C7F06684789,0.1395782634615898
CC_5C84A8D32615,0.7256489038467407
CC_5C858310418F,0.257238632440567
CC_5C862C8893FC,0.14617572724819183
CC_5C884D5AE0D1,0.048015961050987245
CC_5C8BF72EE97C,0.29170226454734804
CC_5C8D2E2570B7,0.27441383600234986
CC_5C92441E4873,0.10351640582084656
CC_5C94AFD90D8F,0.13519913256168364
CC_5C9A3A5972D2,0.4604214608669281
CC_5CA39EB0D4BB,0.0640578731894493
CC_5CA622E85D86,0.2498878836631775
CC_5CA6B98B4D1D,0.1405529260635376
CC_5CA7779A4DC3,0.017945512756705286
CC_5CA86661E034,0.34802687764167783
CC_5CA8D72C31B3,0.7575854539871216
CC_5CA96B6ABDE9,0.21300206780433656
CC_5CAF4EE6F709,0.07899127900600433
CC_5CB0235932CD,0.12475038319826126
CC_5CB4416E3F3E,0.0612636961042881
CC_5CB51A71FC54,0.10046378672122955
CC_5CB95D3BDABA,0.8219156861305237
CC_5CBEB5A028DA,0.15242852568626403
CC_5CC2F1284079,0.16666024923324585
CC_5CC532F130D3,0.07885558009147645
CC_5CC637E6BB84,0.2889669328927994
CC_5CC659C18E07,0.12754875272512436
CC_5CCCAEFE921D,0.838905644416809
CC_5CCD14D6A09C,0.2921034932136536
CC_5CCE36EBE90D,0.08134346604347228
CC_5CCF357F22F3,0.13120996057987214
CC_5CD363DD397D,0.6860268712043762
CC_5CD695656E50,0.06129722967743874
CC_5CD9F6C42400,0.7222965359687805
CC_5CD9F7929A94,0.07900210022926331
CC_5CDD82609046,0.5517889440059662
CC_5CDE83909CA3,0.21636693477630614
CC_5CE0209928C3,0.15262678563594817
CC_5CE1F5EF25C1,0.14734723269939423
CC_5CE38FB1FC14,0.04566754028201103
CC_5CEAAE5E9F46,0.0824940875172615
CC_5CEBC021F126,0.15956380665302278
CC_5CF5768AAF0A,0.09924401938915253
CC_5CF7EBCE6347,0.11587306410074234
CC_5CF91901487C,0.15809401869773865
CC_5CF9C109AD5B,0.15809402465820313
CC_5CFA5D49672D,0.11464855074882507
CC_5CFBD438A9E7,0.07664516270160675
CC_5D00634357DD,0.11038188189268112
CC_5D00C4D5A1D6,0.09696289822459221
CC_5D01A320B2B0,0.14855059683322908
CC_5D01CF7EF458,0.1304846376180649
CC_5D01E1B3E69B,0.1629941314458847
CC_5D07AA646FC2,0.30474103689193727
CC_5D07BD529B9D,0.19550400376319885
CC_5D08443DC98C,0.15599317848682404
CC_5D0981460B48,0.23464395999908447
CC_5D0BA107CCCC,0.061297228932380675
CC_5D0DFDB2AEBA,0.13409494012594222
CC_5D105FB14122,0.10462169051170349
CC_5D1507277E09,0.23882455825805665
CC_5D181CAEDB3F,0.16567307114601135
CC_5D198F5A1180,0.16395238041877747
CC_5D1F9C5DBD70,0.6457394480705261
CC_5D2163C060DF,0.06405787542462349
CC_5D21CBB7067F,0.17625554502010346
CC_5D21D056205D,0.035812058672308925
CC_5D232B046F4E,0.048906779289245604
CC_5D242E21B70B,0.27275483012199403
CC_5D27DEF780D1,0.17934016287326812
CC_5D27FCD94B14,0.7110424280166626
CC_5D283EC78B09,0.09382408112287521
CC_5D293D15F2B6,0.14314291775226592
CC_5D2D017AF1D6,0.16299412846565248
CC_5D350A871E79,0.0949676975607872
CC_5D358E8C178D,0.10331074148416519
CC_5D38D84E8D8A,0.1461427703499794
CC_5D3F7518D7C9,0.09517807811498642
CC_5D45F1965198,0.7407545685768128
CC_5D5EFDC391D3,0.0386830311268568
CC_5D5FA7F8B4B1,0.08184171468019485
CC_5D63F45D2D8B,0.16395237743854524
CC_5D65DAD9AD02,0.73240567445755
CC_5D6808135562,0.14055292308330536
CC_5D6A1F1B4074,0.16851548254489898
CC_5D6AE381D455,0.12474204301834106
CC_5D6B6FBEE669,0.08865222781896591
CC_5D6C5793DAB9,0.1754952073097229
CC_5D6F6F62B809,0.6812649726867676
CC_5D71AA649B07,0.20794631838798522
CC_5D7289D1BDF0,0.05846966430544853
CC_5D7B4BA1B14B,0.4378751039505005
CC_5D7DBFFA54C5,0.1431429147720337
CC_5D7FE1565CC1,0.6812649607658386
CC_5D82002E7CDB,0.7452255249023437
CC_5D83ED3C3B37,0.24746889472007752
CC_5D8897786E61,0.16460685133934022
CC_5D89F71AD5DB,0.1247420385479927
CC_5D8E8294AF15,0.08311062455177307
CC_5D9194CFC6C1,0.131634484231472
CC_5D925BFC4F1B,0.4421297550201416
CC_5D93B25F7F37,0.11745290011167527
CC_5D94C757E368,0.25418609380722046
CC_5D9515D31969,0.15351026207208635
CC_5D95465C3024,0.10980324745178223
CC_5D9685C82529,0.06703616976737976
CC_5D98DB000C5B,0.18487245142459868
CC_5D9A64B839FC,0.23453725278377532
CC_5D9F5514282C,0.12825544625520707
CC_5DA022E7E265,0.188381227850914
CC_5DA054D56100,0.10938055962324142
CC_5DA23FDDA040,0.16395238041877747
CC_5DA306818774,0.05726320445537567
CC_5DA42C2CB592,0.4234874188899994
CC_5DA50F130465,0.5873145937919617
CC_5DA5F089CCEB,0.11156317442655564
CC_5DA970C83BFE,0.167861008644104
CC_5DAD4AA04AED,0.5318184614181518
CC_5DADEE0F5194,0.4421297550201416
CC_5DAF36F4602D,0.10901066660881042
CC_5DB07ABD2D05,0.07169762253761292
CC_5DB377396A07,0.3748528778553009
CC_5DB4B96543F0,0.09422165751457215
CC_5DB91F6D3101,0.1716924399137497
CC_5DB95E21D5C5,0.31796762347221375
CC_5DB9B1DA19CB,0.1574629694223404
CC_5DB9FD593665,0.2728867530822754
CC_5DBBA9662E78,0.34225321412086485
CC_5DC10582A9E1,0.10335371196269989
CC_5DC4901D6B92,0.24800333976745606
CC_5DCAB9B2C00C,0.5708647608757019
CC_5DCCF7760702,0.0992440178990364
CC_5DCF17F1BBB2,0.23516337275505067
CC_5DCF723EF0D4,0.09213015884160995
CC_5DD01D0A73E1,0.11000988632440567
CC_5DD69CED90C9,0.2412709951400757
CC_5DD958933BD9,0.04104687795042992
CC_5DDC279E7767,0.16299412548542022
CC_5DE5DD373A92,0.16999366283416747
CC_5DE72B43679E,0.04566754028201103
CC_5DE7D1C5DBAD,0.05057064667344093
CC_5DECF885896B,0.06308384910225869
CC_5DF02B9F4833,0.2562530696392059
CC_5DF09228F9D8,0.4191429615020752
CC_5DF4883C4779,0.15003679245710372
CC_5DF78D304F25,0.07567500472068786
CC_5DF8B6DD67F5,0.08006270378828048
CC_5DFB33C455A7,0.09213015586137771
CC_5DFC6BF23093,0.15262678861618043
CC_5DFD9451C5F8,0.015642482787370682
CC_5E00BBA5763A,0.3126787006855011
CC_5E02A6D17A06,0.12653637379407884
CC_5E058C787204,0.6642608761787414
CC_5E06A3BD160F,0.06864500790834427
CC_5E06B7A2EBC6,0.42637612819671633
CC_5E086E76EB1D,0.12920024544000625
CC_5E160D13CA23,0.4789043366909027
CC_5E174FA7A70A,0.0820391982793808
CC_5E190CE28A23,0.0939619317650795
CC_5E1DE48881FB,0.14346929788589477
CC_5E21938FBACC,0.2559865236282349
CC_5E277DAA4280,0.6255883932113647
CC_5E2BCAB017F1,0.110381880402565
CC_5E2FF9AF864B,0.07425477653741837
CC_5E3216E8D190,0.015642482601106168
CC_5E37EF2502A1,0.07206291854381561
CC_5E3917AF48CF,0.17169243693351746
CC_5E3A3981313F,0.3071231544017792
CC_5E3B691FC7E8,0.07102708145976067
CC_5E3D30A3346E,0.0480159617960453
CC_5E3E70296436,0.143045637011528
CC_5E42511AA8D4,0.6472706079483033
CC_5E4297E83E8D,0.18419717848300934
CC_5E443C87A993,0.03971516042947769
CC_5E4841DF72EA,0.09324638396501542
CC_5E48A37DC71C,0.09760026931762696
CC_5E4916EFED10,0.680665385723114
CC_5E4A6AC389DF,0.1204837292432785
CC_5E4C3E73299E,0.2189328134059906
CC_5E4E183A2EEC,0.07321776896715164
CC_5E52A653854E,0.04616822525858879
CC_5E555B42B6A9,0.06703616976737976
CC_5E5570D4CF86,0.26500115394592283
CC_5E558D667BC3,0.17118090093135835
CC_5E5727A702B7,0.05916228145360947
CC_5E5C6DCFD183,0.019610485760495067
CC_5E5EC05EC6DD,0.738495123386383
CC_5E628C8E295D,0.777551817893982
CC_5E656C83B511,0.13567663133144378
CC_5E6682619020,0.28269081115722655
CC_5E6686C7B301,0.1624825894832611
CC_5E6A2C166D3C,0.6594541311264038
CC_5E6DB7B436AE,0.16395237445831298
CC_5E6F9BAE46D4,0.13054384291172028
CC_5E7633B995E0,0.7369029879570007
CC_5E7DFD9E6725,0.7452518820762635
CC_5E82E1E40509,0.29822309613227843
CC_5E8310B30EB1,0.13959483206272125
CC_5E83D33953A3,0.17868568897247314
CC_5E8789F1F9AD,0.7570748448371887
CC_5E8B1CFAA738,0.07213484793901444
CC_5E8C54BDF98C,0.07990037202835083
CC_5E9118F96223,0.046855039149522784
CC_5E919227DBDA,0.13247960656881333
CC_5E960547EF48,0.6891409635543824
CC_5E9BF43B2D38,0.15383664667606353
CC_5E9CC2CFD36D,0.20339976251125336
CC_5E9D62853571,0.07174907326698303
CC_5EA4BBE734B9,0.09560174345970154
CC_5EA515954990,0.061297228932380675
CC_5EA688CCF647,0.1461757242679596
CC_5EA690673CB8,0.6627434968948365
CC_5EA7A4CCA4D1,0.08960696756839752
CC_5EA8B94D289A,0.14475724399089812
CC_5EA9FE2236D1,0.09772860258817673
CC_5EAC0F0F5807,0.15809402167797088
CC_5EAF6204A1A7,0.08501021265983581
CC_5EB3569C7CC3,0.1174529030919075
CC_5EB68AE3EC7F,0.4091596305370331
CC_5EB690454F4A,0.14045564234256744
CC_5EBD699BBF9A,0.06129722967743874
CC_5EBE30A90DDF,0.16424477994441986
CC_5EBE3FBA744F,0.8113502025604248
CC_5EBF31D6F583,0.11846306174993515
CC_5EC255BF564D,0.10732571631669999
CC_5EC5BFBF00F2,0.10161681324243546
CC_5EC6FBE9D852,0.1431429162621498
CC_5EC91635BC11,0.15599317848682404
CC_5EC96E53702B,0.0632151186466217
CC_5ECBDB18CC6B,0.10351640284061432
CC_5ECCAB9B7B87,0.16798713207244872
CC_5ED363408294,0.1408793091773987
CC_5ED41C88E281,0.09707766771316528
CC_5ED96BBB90A5,0.10351640284061432
CC_5EDF8768EDFE,0.06572454050183296
CC_5EE14DCE51FE,0.1310812845826149
CC_5EE53BDECDD1,0.11675655543804168
CC_5EE581E6B41A,0.7407545328140259
CC_5EEA417426F2,0.37333459258079527
CC_5EEB94C361DC,0.05166259780526161
CC_5EEC42D71C9D,0.10110317766666413
CC_5EEDD57388CA,0.07280967980623246
CC_5EF3E852D5F1,0.24054094851017
CC_5EF40C00FC43,0.15391472429037095
CC_5EF559CBB186,0.17596116065979003
CC_5EF90A44E763,0.14734723269939423
CC_5EF9CFA900D6,0.23960691690444946
CC_5EFCC77C342D,0.11624506115913391
CC_5F03C10F15CE,0.06136317327618599
CC_5F046FFA86A0,0.05050167515873909
CC_5F0536576CED,0.27919475436210633
CC_5F062700F25F,0.04077660776674748
CC_5F0935413F35,0.30443800091743467
CC_5F0B3CFCDE51,0.17703430950641633
CC_5F0C31786014,0.0355417862534523
CC_5F0F8FDC65B2,0.14734722971916198
CC_5F165E4915B1,0.06950948014855385
CC_5F16ED0F56EB,0.204413091391325
CC_5F1C33254C43,0.07592144533991814
CC_5F257A47AC95,0.10523686558008194
CC_5F260ECF635B,0.1431429147720337
CC_5F287E798DA4,0.47259076237678527
CC_5F2C9AFF0C31,0.11665896624326706
CC_5F2F99236F7E,0.3654401898384094
CC_5F32A8E95857,0.18623175024986266
CC_5F39E48A6EDB,0.3091762185096741
CC_5F3DA05C7152,0.44212976694107053
CC_5F3EA31142CA,0.031096824258565903
CC_5F3F8046E54C,0.09707766622304917
CC_5F3FFF11DA12,0.1487872064113617
CC_5F4D01CA9E25,0.03020845465362072
CC_5F4FEDC32DBC,0.2609506219625473
CC_5F55030C9729,0.14067413210868834
CC_5F55B448763F,0.5464235186576843
CC_5F5915F1709B,0.07698204815387726
CC_5F63045FB439,0.16322580277919768
CC_5F63113CA34D,0.29154027700424195
CC_5F6693CD7407,0.015642482787370682
CC_5F67094E79B6,0.16395238041877747
CC_5F686C2CDCC7,0.05823723077774048
CC_5F6B737660D5,0.026611059531569482
CC_5F6E5D33DC52,0.16395237445831298
CC_5F6E7E7536A9,0.4490723669528961
CC_5F6FB62A8293,0.15211524665355683
CC_5F7640EC737D,0.03430820740759373
CC_5F77F0D3C4C6,0.13620736449956894
CC_5F79651C72F9,0.1565047174692154
CC_5F7B197549CC,0.23607483208179475
CC_5F81B91A3C11,0.06563029661774636
CC_5F823AC0BBFB,0.09668437540531158
CC_5F8284BDF4F6,0.1850009471178055
CC_5F8510F80BF6,0.10991260558366775
CC_5F86C7BBB540,0.2562530696392059
CC_5F88050340AE,0.14327245056629181
CC_5F8B72C21483,0.6841720819473267
CC_5F8C006EA439,0.08177306205034256
CC_5F8D41280BAA,0.19612675309181213
CC_5F9059C6B90E,0.44212976694107053
CC_5F908445BEA9,0.10801302045583724
CC_5F92ADF6D9E8,0.05823723152279854
CC_5F93816598FE,0.23017050623893737
CC_5F96DA4A0910,0.16395237743854524
CC_5FA00A194F62,0.10937958508729935
CC_5FA35A39E5C5,0.1569514274597168
CC_5FA710CAE099,0.13115413933992387
CC_5FAA42301A7E,0.17486775517463685
CC_5FABB81EE16B,0.16299412846565248
CC_5FAC26D11A7A,0.12373508960008621
CC_5FB240B6E24F,0.09330947250127793
CC_5FB394EFBE00,0.1154494047164917
CC_5FB57A14C62A,0.17607606053352357
CC_5FB5BC194DB2,0.2945993602275848
CC_5FBACA7F45F7,0.2559865236282349
CC_5FBAEDE75B8F,0.08261018246412277
CC_5FBF4AE91118,0.12474204152822495
CC_5FC087CA6A66,0.061297230422496796
CC_5FC0BD09D0BC,0.07304550036787986
CC_5FC5F264F115,0.16299412846565248
CC_5FC89B822190,0.30421397686004636
CC_5FCD35577769,0.6449458003044128
CC_5FCD7E88E5E9,0.012612179666757584
CC_5FD6369B65DE,0.6450842976570129
CC_5FD9AAEDB6AD,0.16364860832691192
CC_5FE98B946015,0.2493666172027588
CC_5FE9D2A58F1C,0.7042856812477112
CC_5FEBBA41A756,0.5595000505447387
CC_5FEC80143324,0.1624825894832611
CC_5FF19A49A1AA,0.04104687571525574
CC_5FF2518E9ECE,0.23312337696552277
CC_5FF3BC563935,0.12027837187051774
CC_5FF63EDAEFC7,0.07580296248197556
CC_5FFD3F514961,0.1907366544008255
CC_60011886B18D,0.08946336060762405
CC_60029C11BB31,0.09503335952758789
CC_6009B225BD4C,0.15436143726110457
CC_600C61B5434C,0.16520302891731262
CC_601C9DE2DDFB,0.20485480427742003
CC_601DD98C7995,0.14715038239955902
CC_6020E07CBE4F,0.06573783904314041
CC_602128E29F3E,0.10251508206129074
CC_602703C173C9,0.16611978113651277
CC_60283C805DC8,0.3948577642440796
CC_602D13BE194A,0.08644497245550156
CC_602D22FF9B90,0.5072641253471375
CC_602FDAE430CB,0.24789656102657318
CC_6030FAC6D779,0.16248259246349334
CC_603388F075F7,0.20607975721359253
CC_60376A8920BC,0.13539598435163497
CC_603A5F17571E,0.34235202670097353
CC_604002684874,0.37050843238830566
CC_6041A80E0759,0.09593162834644317
CC_6042573740CE,0.16344083845615387
CC_6044D44E0C41,0.20683854222297668
CC_6046BF850936,0.7498177766799927
CC_604A516F77ED,0.0600238524377346
CC_604C11E16B1B,0.05126814544200897
CC_604F471816AA,0.27661001980304717
CC_604F77EC7832,0.17726088762283326
CC_6052E7EA9070,0.24376686215400695
CC_60575B31C16B,0.0731893539428711
CC_605963A1D8D6,0.05050167292356491
CC_6059CB778E95,0.03735131323337555
CC_605B09C3CBA4,0.16520302891731262
CC_605B760C80FD,0.7620827794075012
CC_605ED147BEF2,0.15391472429037095
CC_605F5C926875,0.13254451751708984
CC_6064FBCD4095,0.12484539747238159
CC_60674897B248,0.13369051814079286
CC_606977217704,0.6055018305778503
CC_606D66F88AD6,0.03020845502614975
CC_606F1F918A72,0.06420439630746841
CC_606F374ED436,0.773980188369751
CC_6071A9625DCF,0.7519822716712952
CC_6073863E8915,0.06563029587268829
CC_60761F2762D7,0.27423285841941836
CC_607878304942,0.33293586373329165
CC_60788A418952,0.0468550406396389
CC_6079C534A9D1,0.10728675425052643
CC_607A1C301E47,0.15599317848682404
CC_607ED94D671E,0.039715158939361575
CC_608580335870,0.061297227442264554
CC_6085F311526E,0.03257230147719383
CC_608AB553667B,0.07019668146967888
CC_6090AA35A3B8,0.1536397933959961
CC_6092617B069E,0.6627434849739074
CC_609459082614,0.1721215546131134
CC_6096B142B1E2,0.33186073899269103
CC_609703576DFA,0.16965404748916627
CC_60971DC45872,0.22124831080436708
CC_60998D5A29E3,0.05472259670495987
CC_609F9D794C70,0.2248733401298523
CC_60A05F8F1482,0.2828932642936707
CC_60A3420FF02E,0.15746296048164368
CC_60A4E94F0764,0.14075500816106795
CC_60A52D1FF3C5,0.8206703305244446
CC_60A7824A13A6,0.6282791495323181
CC_60AA6C659516,0.11000988483428956
CC_60ACF2FBCD5F,0.11745290011167527
CC_60AD71AC1C1B,0.07016515433788299
CC_60AEA1F73E71,0.0502941220998764
CC_60B08AFF7B2B,0.1743713766336441
CC_60B1C9D28605,0.15383664071559905
CC_60B4B03A9535,0.11217621564865113
CC_60B7F81357C9,0.7690903663635253
CC_60B81EE374B7,0.25192185640335085
CC_60BA0D6846D2,0.6052022218704224
CC_60C05AEFD1CB,0.07244370728731156
CC_60C498112E99,0.19020915329456328
CC_60C4C35DB3CB,0.041046877205371854
CC_60C643AB1FE1,0.4929877698421478
CC_60C9946B65E7,0.24868871867656708
CC_60CC681BA68F,0.6627435207366943
CC_60CD88CA20AA,0.4234874188899994
CC_60D09A6226CF,0.2633100003004074
CC_60D187C49A4D,0.11624506115913391
CC_60D555D44603,0.16500342786312103
CC_60DF28C07E2E,0.09651744812726974
CC_60E34B2EBBDD,0.2640571057796478
CC_60E3C5858095,0.04309861809015274
CC_60E436F164B4,0.11855855137109757
CC_60E68F7AF367,0.11708263009786606
CC_60EF0DB49CD5,0.1379201665520668
CC_60F03570608F,0.30401204228401185
CC_60F1031D47AD,0.17169243693351746
CC_60F1AEDA015B,0.28364554047584534
CC_60F2B82989FB,0.12474203556776046
CC_60F781520041,0.36300897002220156
CC_60FC218827D9,0.17507272064685822
CC_61000758BD8C,0.1363043636083603
CC_61010C992C0A,0.7170665621757507
CC_6101798A8245,0.13943399786949157
CC_61023172E7F4,0.06886378228664398
CC_61090C7C5EE7,0.05420190244913101
CC_61093F3D8676,0.6255883812904358
CC_6109D89BC155,0.08644497245550156
CC_610BC8339FB6,0.17066607475280762
CC_610FB78752DA,0.12440621107816696
CC_6113FCAAE1EF,0.15599317848682404
CC_611FC470A7EF,0.06456969231367111
CC_612073F1E9F0,0.07155110388994217
CC_6121D533F3BD,0.05050167515873909
CC_612286E3EB1F,0.06129722967743874
CC_6124ECE0820B,0.06129722967743874
CC_61256FE29999,0.05980250835418701
CC_6129896E07F1,0.35759358406066893
CC_612AD26AB030,0.15211524367332457
CC_612C22592825,0.10690205246210098
CC_612D82D53287,0.3374506950378418
CC_612FF340B1E6,0.4055657029151917
CC_6131274895B5,0.12187310606241226
CC_6133953D7210,0.1536397933959961
CC_6133AFADBCD1,0.1624825894832611
CC_6135926E46E1,0.17004052698612213
CC_613A503E0941,0.11565127521753311
CC_613B546BDB4D,0.1711808979511261
CC_613CF1EC1E43,0.33516027331352233
CC_614021684547,0.0868112713098526
CC_6147FCD5A15E,0.10055778324604034
CC_61495114B408,0.11038187742233277
CC_614C04C88F69,0.06442317217588425
CC_614D3E1159DA,0.1034642368555069
CC_615288A88E7B,0.11460343897342681
CC_615464811440,0.1431429162621498
CC_615C10F60DEC,0.10958622097969055
CC_615DE73BFCC4,0.15866877734661103
CC_615E08467F56,0.1624825894832611
CC_615EA8D2C93D,0.12431837618350983
CC_615EC3CADF8B,0.08823889791965485
CC_615F83779A48,0.08195759654045105
CC_6167B1898866,0.16395238041877747
CC_616A119D9795,0.167332661151886
CC_616D418B38B3,0.10251508355140686
CC_616EF9719CA9,0.048583317548036575
CC_6172674DF945,0.06405787542462349
CC_617A4D01F055,0.28390310406684877
CC_6181D6D9D1DF,0.0871765673160553
CC_61850FB039A4,0.16490931808948517
CC_618B4F0FE660,0.1475323900580406
CC_619209DCE38B,0.3040634304285049
CC_61980A11C43F,0.47890433073043825
CC_619989735632,0.07768990844488144
CC_619D1FE26800,0.16395237743854524
CC_619F90F60778,0.12431837916374207
CC_619FA8EDDE2C,0.03928070124238729
CC_619FCFAD4011,0.5626816809177398
CC_61A1857C4FC6,0.08299179300665856
CC_61A30FCAFC1D,0.16344083845615387
CC_61A330EC8D44,0.1843464732170105
CC_61A38D97007D,0.10473572313785554
CC_61A5692AA650,0.18621549904346466
CC_61A63BA9C63F,0.16647322177886964
CC_61A682FE9FCA,0.6841720700263977
CC_61A72F992ADC,0.1371609702706337
CC_61A9FFAE9470,0.09302842766046523
CC_61ABF44DCF1B,0.15809401571750642
CC_61B4E7C3A876,0.025652551278471946
CC_61B530CD33B7,0.04652005583047867
CC_61BB9A22D678,0.13664943724870682
CC_61BF6485310B,0.12560202181339264
CC_61BFBC5D3D29,0.49107365012168885
CC_61C1F71FEC20,0.27713524699211123
CC_61C278587396,0.1842830628156662
CC_61C4A48F60C0,0.21459020674228668
CC_61C724A27D66,0.01824742294847965
CC_61CA81CA495E,0.27533518671989443
CC_61CBEAC71844,0.2885308384895325
CC_61CD0AB80E4E,0.057076307386159895
CC_61CF32B74A00,0.205587700009346
CC_61DC930A9BDC,0.16395237147808076
CC_61DDF50F4293,0.1072438508272171
CC_61DF4D34EC9B,0.15599317848682404
CC_61E04FE5D349,0.45066132545471194
CC_61E93A9F25EC,0.31363709568977355
CC_61EE07C127EB,0.5657663464546203
CC_61EE3C33DE24,0.15809402167797088
CC_61EE503A3388,0.09287901371717452
CC_61EE895A926F,0.1257938027381897
CC_61F047CE0DAE,0.058894529938697815
CC_61F386A73926,0.1624825894832611
CC_61F4D3B5C233,0.07129121571779251
CC_61F5CC077AE1,0.08012031316757202
CC_61F5F26C3E46,0.26386340856552126
CC_61F7B219A3B1,0.046855039149522784
CC_61F91759D81D,0.6841720819473267
CC_61FD2EC9C2DD,0.32618590593338015
CC_6201A0297C0C,0.6275993466377259
CC_6202E4782501,0.7766332507133484
CC_62033D8F0EB5,0.08560431003570557
CC_6210E9ED6E3D,0.19268315732479097
CC_621238FE3B79,0.10937958359718322
CC_62183B2D5AB7,0.040776607021689414
CC_621869BD42B3,0.0983555868268013
CC_6219A7B37E44,0.16460685431957245
CC_621C3FDED659,0.3119067907333374
CC_621D3A06B544,0.08954936265945435
CC_6220B11E59EC,0.01918414980173111
CC_6221C4CEE5E7,0.17212155163288118
CC_62225BCECE98,0.1698904275894165
CC_62261DF9AF77,0.06289787963032722
CC_622945AA63AF,0.18635905981063844
CC_622A575BB937,0.3426597356796265
CC_622B70F0EAF6,0.22979134321212769
CC_622FE65463B1,0.19786315262317658
CC_623015D7FA69,0.04104687795042992
CC_6238A097CBA3,0.6799822449684143
CC_623B5CF8761E,0.07016515135765075
CC_623C71EC3835,0.37795722484588623
CC_623ECE90F97B,0.16460685431957245
CC_623F394742BB,0.08220235109329224
CC_62401CE4D5BA,0.11855855137109757
CC_62411E9C9F1F,0.11117489486932755
CC_6244D7BE3069,0.07732461392879486
CC_62477D8ED8C6,0.22658562958240508
CC_624AD49F5039,0.08663141578435898
CC_624C697F8FFE,0.16344083845615387
CC_624CD89D6412,0.11448547393083572
CC_624E27490179,0.5606002748012543
CC_6251084C5028,0.05637721493840218
CC_62575D28F444,0.4421297490596771
CC_625765750873,0.4421297609806061
CC_6257B327DF7C,0.16666024923324585
CC_62589B1BC045,0.22620897591114045
CC_625A629E8237,0.2071060448884964
CC_625DD3FD82F4,0.1276584178209305
CC_626298EB88E6,0.4414549648761749
CC_626406407709,0.08447854667901993
CC_626644AD00BF,0.02329670563340187
CC_62672F50686D,0.31267871856689455
CC_6269A628DAC8,0.9264285922050476
CC_626D648928BE,0.11772048622369766
CC_626F69FD6818,0.2718395352363586
CC_627EF4807864,0.07900210171937942
CC_6284803FF4AB,0.1363043636083603
CC_62866610BC9D,0.17572719752788543
CC_628A8FF4E6D2,0.11637459695339203
CC_628ABDB50E9E,0.159563809633255
CC_628AD2B813F5,0.04104687795042992
CC_628B24765A40,0.21930769681930543
CC_628C4F280031,0.08722674250602722
CC_628CD11886B4,0.4910736382007599
CC_629062C995B9,0.7570748686790466
CC_62942040AE91,0.040776608511805534
CC_629478DBA13B,0.13775508105754852
CC_6295C8A1A453,0.10046378821134568
CC_6296A9282A2B,0.04664748497307301
CC_629752CF5894,0.16424477696418763
CC_6298E7345317,0.10958622097969055
CC_629C7144A086,0.06992078423500062
CC_629C91E4C5AE,0.5125066339969635
CC_629D0A01DB73,0.14087930768728257
CC_629EC2C1AD3F,0.23257952630519868
CC_62A535235562,0.14055292308330536
CC_62AF63EFC5EA,0.7620828032493592
CC_62B32FFE805E,0.16666024923324585
CC_62B35E72FD93,0.10661520808935165
CC_62B42BB84850,0.16395237743854524
CC_62B68A5E3BEC,0.09218776226043701
CC_62B6CE7C5586,0.04104687795042992
CC_62B796AEE645,0.13175388425588608
CC_62B8555A0BEB,0.1596592992544174
CC_62B9E92ADD0B,0.15818099677562714
CC_62BD1788DE86,0.67551691532135
CC_62BD9CD530AD,0.8206703662872314
CC_62BDF11655F6,0.1033107429742813
CC_62BEF6EDF3BB,0.017945513129234314
CC_62BF999F860E,0.0510759599506855
CC_62C95DADF27D,0.6052022099494934
CC_62CBBE5529C7,0.06582194417715073
CC_62CDB0BE4148,0.17572719752788543
CC_62D10BE07C84,0.3121985197067261
CC_62D719CE817F,0.10351640284061432
CC_62D84FA3C5C8,0.7205689072608947
CC_62DCA8358995,0.06694248989224434
CC_62E33499B1CF,0.24190088510513305
CC_62EA86503043,0.7110424160957336
CC_62EC25DB659E,0.13946668654680253
CC_62F03A013FCA,0.06405787467956543
CC_62F17284D37A,0.16463058590888976
CC_62F56A426FC9,0.626106595993042
CC_62F81D5F4E7D,0.068678218126297
CC_62F82E6F4A53,0.09406943172216416
CC_62F90F96E72D,0.6620883822441102
CC_62FCA13D1F3F,0.702693521976471
CC_630023881ACB,0.14910158962011338
CC_63022EFC1995,0.08997581154108047
CC_6302909DACFF,0.07732461243867875
CC_6302C5FEB27B,0.04295191876590252
CC_6304E5CBCCAC,0.07428919821977616
CC_6307387814FD,0.6449458241462708
CC_63085C7D29C5,0.18134861886501313
CC_63096DA6A37A,0.1298012688755989
CC_630A56D73FCA,0.07703509628772735
CC_630BA25A56E5,0.18799575567245483
CC_6312AD0559D4,0.0892937108874321
CC_6312F3F37C5C,0.21208009421825408
CC_63141CBD6FC2,0.7498177766799927
CC_6315863515D1,0.184027561545372
CC_6315D34FDC19,0.1672857940196991
CC_6319C2E46071,0.10796624422073364
CC_631C7D55088B,0.9136416912078857
CC_631FE32C30FB,0.0430986188352108
CC_63200D1ACD51,0.13004196286201478
CC_6323123A2626,0.17392518222332
CC_6323A55116F1,0.12407468855381013
CC_6324CC2A1688,0.03581205904483795
CC_6324D56D2CCA,0.16344083845615387
CC_632AFA2154CB,0.7575854539871216
CC_6330AF3C51B2,0.07600708901882172
CC_63311745DECA,0.09707766622304917
CC_63315A3ED86F,0.04077660776674748
CC_6333D4B3F705,0.15436143428087234
CC_6334662BD0DE,0.10351640433073044
CC_6337D5ABA3DD,0.08316823095083237
CC_6344C7BEFCCC,0.06417365744709969
CC_63455B6BF379,0.24930816292762756
CC_63468B4B2F66,0.14346930086612703
CC_634774D61E5B,0.21866291761398315
CC_634FAE670492,0.09599443525075912
CC_634FEDD72039,0.20339975953102113
CC_63503D078B3D,0.16893218457698822
CC_6352C930E78C,0.05245564579963684
CC_635542F23896,0.16728579699993135
CC_63567A92295D,0.7413497924804687
CC_6357FF155364,0.04685503840446472
CC_635A05142AA8,0.13894071727991103
CC_635FBB564661,0.645739471912384
CC_63610577E7CF,0.3335865557193756
CC_6361DFB16AB0,0.2945993602275848
CC_6362B6E5E289,0.16395237743854524
CC_636630045385,0.2945993602275848
CC_6366B6A08E67,0.6449458241462708
CC_636A3AD7E6AF,0.32391437888145447
CC_636DFECF5742,0.1984865754842758
CC_63715477AC58,0.15383664071559905
CC_63722928B97F,0.05353532359004021
CC_63722950D0A9,0.2827532231807709
CC_637473924111,0.09591365754604339
CC_6374A1C335F7,0.6302115082740783
CC_637935C9270C,0.037905634939670564
CC_637B1CB29E82,0.05726320371031761
CC_637EE0EFB31E,0.1034642368555069
CC_638613D9902F,0.7452518939971924
CC_638A699C5229,0.16344083845615387
CC_6393DD5AAFDC,0.16299412846565248
CC_63964B01A92E,0.2826908051967621
CC_639B00920868,0.45053128600120546
CC_639B58127BBF,0.10790201872587205
CC_63A4A3AC8395,0.49107365012168885
CC_63AB9E51C085,0.17234691679477693
CC_63ABFA861C36,0.5824145793914794
CC_63ACAD487D97,0.1350696012377739
CC_63ADBF969BAC,0.05263662487268448
CC_63B33F3229C4,0.0734301671385765
CC_63B5BF219125,0.6423367142677308
CC_63C43321A9B6,0.2970302999019623
CC_63C745DD780B,0.06164239495992661
CC_63CCB151B20F,0.4101215064525604
CC_63D488E02EA6,0.11857272982597351
CC_63DCAFDBEC41,0.052636624127626416
CC_63DFA40012C1,0.15538209974765776
CC_63DFEB6735DA,0.0952356830239296
CC_63E4E44048C1,0.31363709568977355
CC_63E886099AAC,0.149632328748703
CC_63E972A4955B,0.046855039149522784
CC_63EC059DF8F3,0.1629941314458847
CC_63EE271E1021,0.05823723003268242
CC_63EFED94FCF7,0.17934560477733613
CC_63F25BF3EAAC,0.7407545685768128
CC_63F558F740D3,0.06405787467956543
CC_63F5F93AF4ED,0.3579407215118408
CC_63F8EF30F9ED,0.2614319741725922
CC_63FB6F43CE66,0.27273014187812805
CC_63FBC6AA1592,0.1539147213101387
CC_63FC9D0B4E9E,0.10958622246980668
CC_63FE4F48DD24,0.06354198195040225
CC_6401198D2933,0.0934109166264534
CC_64018F3B66CA,0.38688687682151796
CC_6402B248D851,0.3873583137989044
CC_64032402162F,0.1833730936050415
CC_640793060DCF,0.07427199631929397
CC_6408E54EDAFE,0.6421284198760986
CC_641849D9265B,0.11448547691106796
CC_6418CDA17FEA,0.14314291775226592
CC_641AE5C02708,0.1707341969013214
CC_641BBFEF7FC1,0.2007414937019348
CC_6420BC28F63B,0.15530642867088318
CC_64216406C7DB,0.642603063583374
CC_6421D66532DE,0.16344083547592164
CC_6424165DD30B,0.3800026893615723
CC_64241D80DB11,0.39485777616500856
CC_64283517D896,0.0874462902545929
CC_642A86ADEB68,0.0514757014811039
CC_642DC6501DFA,0.05882256478071213
CC_642FB473974B,0.0480159617960453
CC_6437166A2EF6,0.10971575528383255
CC_6437A97B2202,0.07155110239982605
CC_643C69A90D24,0.10958622395992279
CC_643CDB07B55C,0.16666025221347808
CC_643D24009571,0.29459935426712036
CC_643E80426955,0.5776571750640869
CC_64410CF07EB3,0.1634408414363861
CC_6443F834372F,0.059162279963493346
CC_644A39C1772E,0.1541513293981552
CC_64521B6F7560,0.21344610452651977
CC_6452323DB518,0.10234681069850922
CC_645424FA8551,0.13735612630844116
CC_6458E3EB862B,0.28836363554000854
CC_645D241A15E9,0.39920220375061033
CC_64643C202222,0.14952525347471238
CC_64685DDF2A10,0.09693294763565063
CC_6468A5D85023,0.14560455977916717
CC_6469FEE3ABEB,0.5824145674705505
CC_646AC5A1C138,0.15911620259284973
CC_646BF97A9A73,0.2119573324918747
CC_646F53B55EA3,0.7620827913284302
CC_646FCB423C23,0.7413498044013977
CC_64700B18C878,0.16892115771770477
CC_64707467FF3D,0.09182130247354507
CC_6470B1561E5F,0.17703431248664855
CC_64715BCF201C,0.36701738834381104
CC_6473CB6CB17E,0.6182578563690185
CC_647479336549,0.31788247227668764
CC_647697E6E5FB,0.2189022719860077
CC_647DCC61FCDC,0.1266164243221283
CC_647F6420A6A4,0.14336032271385193
CC_64883BBF2290,0.1760067492723465
CC_648B7696CBA0,0.162994122505188
CC_648B8BD684A7,0.15973345339298248
CC_648C2B2DA3DF,0.7620827913284302
CC_64912329ACF3,0.14106446057558059
CC_64938A66D1D6,0.1760067492723465
CC_649455879D59,0.6434359431266785
CC_64947E996543,0.7452255129814148
CC_6495A8365EF4,0.1031474843621254
CC_649694CB191A,0.09819997549057007
CC_649716555C7C,0.2262089729309082
CC_64979C732365,0.04685503989458084
CC_64996DBFFA99,0.05432814434170723
CC_64AC8B69B624,0.05047532543540001
CC_64ADBF6B2091,0.838905644416809
CC_64B12CF3CCC0,0.13539598435163497
CC_64B3EEB7A836,0.6335262656211853
CC_64B4C3D7B1BA,0.10641383081674576
CC_64B5DD24DCEC,0.176661217212677
CC_64B66CE28968,0.12126221507787704
CC_64B6B1685785,0.7330008983612061
CC_64B7A1E8551E,0.15599317848682404
CC_64B81E700EE2,0.16774992048740386
CC_64BC28CFC089,0.18955184817314147
CC_64C43C2CA5B4,0.16299412846565248
CC_64C4ADCBD9AF,0.11772048771381378
CC_64C6791DE88C,0.8400057077407836
CC_64CB0D42D881,0.717799186706543
CC_64CB5A85F20D,0.10811029970645905
CC_64CBC2ECA307,0.061297228932380675
CC_64CDCC31215E,0.24080251455307006
CC_64D042AA3A98,0.09693294763565063
CC_64D377F85B5D,0.03047872520983219
CC_64D400D257B7,0.14055292308330536
CC_64D428F67A07,0.3747540473937988
CC_64D8390E01A5,0.1779937744140625
CC_64D94729469F,0.06442317143082618
CC_64DB7DE22B3F,0.06548264846205712
CC_64DE220E2B3F,0.7575854539871216
CC_64DE5B10D69A,0.0581353634595871
CC_64E78E632762,0.041046877205371854
CC_64E8CA77A9D8,0.1565047174692154
CC_64EA1782419C,0.06769423857331276
CC_64ED78299A30,0.025631476566195487
CC_64F0684AE2E0,0.609906530380249
CC_64F1B593A628,0.20607976019382476
CC_64F1E384C3D6,0.4283976018428802
CC_64F358BD635A,0.16395238041877747
CC_64F4B9320680,0.690928840637207
CC_64F518D35568,0.12189031690359116
CC_64F838BD8176,0.7519822716712952
CC_64F875F16D4E,0.1797601193189621
CC_64FD63E84B98,0.1174529030919075
CC_64FEB56A236C,0.12352271974086762
CC_65057E040ABB,0.09503335952758789
CC_6506AE958EB0,0.15391472727060318
CC_6508A0DFA047,0.16395237445831298
CC_650A34C1F02D,0.061297228932380675
CC_651846AFC668,0.6569076776504517
CC_651A41C9BA80,0.1919225871562958
CC_651E1C885465,0.13663222938776015
CC_65210372E9E7,0.2708995223045349
CC_65212CFFCC55,0.10501653403043747
CC_652EEFF2A39E,0.1357837051153183
CC_6531180BE590,0.1350696012377739
CC_6531E3C35674,0.11745290011167527
CC_6531EEFD7586,0.19222320914268493
CC_6536B6234662,0.012612179666757584
CC_653BE665DD58,0.45429906249046326
CC_653CB16A14CE,0.20174030661582948
CC_653F3B34CE66,0.10893557518720627
CC_654138F52651,0.37475405931472777
CC_6543C10A8793,0.6427732706069946
CC_65493A8C43B0,0.3494944930076599
CC_654FDAE35315,0.19081660509109497
CC_65535066810F,0.0853636234998703
CC_655B02A2967B,0.20839463770389557
CC_655BA62F4F61,0.13444481939077377
CC_655D484C94B8,0.06950948163866996
CC_655D937D8015,0.13830940276384354
CC_6560982B1463,0.16395237743854524
CC_65629D5BDD53,0.548853623867035
CC_65643A7468E4,0.1077442392706871
CC_65654A161207,0.42348742485046387
CC_65681C2F6D53,0.1148596614599228
CC_656CF961AAA2,0.6265628695487976
CC_657003D1AFA8,0.4234874129295349
CC_65787E61B4B8,0.17569560706615447
CC_657C00542E81,0.17794668078422546
CC_657E93154D6C,0.1408793091773987
CC_657EA4BC4367,0.07226062417030335
CC_6582056FA5A0,0.10824516862630844
CC_6584CC094F0B,0.28048170506954195
CC_65861BAB3725,0.07944251149892807
CC_65880CA58C96,0.15599318146705626
CC_6588A5C5308D,0.11000988632440567
CC_658E20E5E1C7,0.10858490467071533
CC_6591EF98C8D9,0.7691882252693176
CC_659684C73C10,0.315228471159935
CC_659A8E672431,0.40496441125869753
CC_659E67F3AFE6,0.0960763469338417
CC_65A6095D2BB5,0.08644497245550156
CC_65A9A023FBBE,0.33345633149147036
CC_65AB13517959,0.22201676964759826
CC_65AC322F9CD3,0.2352551281452179
CC_65ADF71D26C5,0.17307980060577394
CC_65AED0DFC85E,0.33392093777656556
CC_65AF1525F44C,0.009278846159577369
CC_65B9B4D2BBD9,0.23601528108119965
CC_65BCD8EEBF52,0.8139187574386597
CC_65C1E1F9119C,0.09765787571668624
CC_65C1F0F5CB50,0.07848556637763977
CC_65C32C0A5E4B,0.33798643946647644
CC_65C48C8D8294,0.7154763460159301
CC_65D385EFBBA2,0.8036803841590882
CC_65D4B881617E,0.15860555768013002
CC_65D4F2B2B7DD,0.08619683086872101
CC_65D535957842,0.26135966181755066
CC_65D62649F769,0.10351640284061432
CC_65DAB955631B,0.3119067847728729
CC_65DFF6AD3C56,0.04991503730416298
CC_65E2C45F00DF,0.11772048473358154
CC_65E4063C0FA8,0.3128910779953003
CC_65E6C9E7C2BE,0.16299412846565248
CC_65E931EB9637,0.10532597154378891
CC_65E94F723B3A,0.0657245434820652
CC_65EBB27554F2,0.10394006818532944
CC_65ECCF5C087B,0.15487297773361205
CC_65ED5632B51F,0.0612972266972065
CC_65EEE4D6685C,0.10297613739967346
CC_65F11504FD99,0.1253701388835907
CC_65F20619372B,0.1341717705130577
CC_65F2A27A2C71,0.15599318146705626
CC_65F61AA5B35E,0.14648690670728684
CC_65F62689F342,0.7430610179901123
CC_65F74692710F,0.5794115781784057
CC_65FCB2B8736F,0.16299412846565248
CC_65FDBEDE47AF,0.13506959974765778
CC_65FE2D69BFBC,0.4103451073169708
CC_66000D4B6371,0.015611882507801055
CC_6602F0A1C8E4,0.6896138429641724
CC_6603B1397AFE,0.15746296644210817
CC_660540F9B05D,0.01918414980173111
CC_6605A95C0FA1,0.037635364755988124
CC_660B34C8BEA7,0.2011182725429535
CC_6611BA680DD3,0.16534695625305176
CC_6619ADFCE20C,0.661949872970581
CC_661E788B18EA,0.7110424280166626
CC_661ED70EA2FF,0.18487246036529542
CC_661EEE1B87F4,0.09144895076751709
CC_661F0AFA690D,0.003125
CC_661F67324987,0.08311062753200531
CC_662442868A14,0.7956834554672241
CC_662C37A0A39F,0.6841720819473267
CC_662CEB5EF582,0.7110424518585206
CC_662D8CBDCE44,0.8036803960800171
CC_663138730B8A,0.07531538158655167
CC_66387DFE06F9,0.7463577628135681
CC_6638CB984238,0.10958621948957444
CC_66391FE8F900,0.08523784428834916
CC_663BC23423F2,0.16666024923324585
CC_663C29B9CBC0,0.320709091424942
CC_663E308761AF,0.30258956253528596
CC_663F65570861,0.11453201472759247
CC_6641FB3D1973,0.1362354040145874
CC_66443E07C339,0.26788082122802737
CC_664A9C9CEE31,0.1693391889333725
CC_664AFA1C747F,0.050475326180458066
CC_664EB4E7D43B,0.20859427750110626
CC_6652E9A9EB4F,0.04539727084338665
CC_66546F618907,0.12878275364637376
CC_6654D096AF8A,0.11780768781900405
CC_6659BD09090A,0.16682111322879792
CC_665ABEB839F3,0.20934028923511505
CC_665F5A0435EA,0.07891318202018738
CC_666300E15AB9,0.14715038239955902
CC_66646CEE1B27,0.1773941069841385
CC_66670B0A806B,0.11038187593221664
CC_6667AEE2434B,0.10419981628656387
CC_666B9B49E2FE,0.11097212731838227
CC_666FF40CC03D,0.07662930488586425
CC_66702E769C10,0.6468006134033203
CC_6671D8B1A11B,0.07561739832162857
CC_6674D4FBB74A,0.05726320445537567
CC_667804E1DAE2,0.4268916606903076
CC_6678E38AF7B8,0.1259843647480011
CC_667C13B7CA2A,0.4242051184177399
CC_667F4F324AB2,0.5488380491733551
CC_668139E78028,0.16364860236644746
CC_66872746124B,0.43463030457496643
CC_668930507CEB,0.06780094653367996
CC_668C0A60DD9C,0.16666025221347808
CC_668CC8F2265C,0.2826908051967621
CC_6695639CD663,0.5535954475402832
CC_66965430FE66,0.08311062902212143
CC_669BCE78FC43,0.11444729864597321
CC_669FAD541B40,0.33070473074913026
CC_66A1E0F6800E,0.012612180039286613
CC_66A306B4CE9E,0.16395238041877747
CC_66A48672D574,0.28132752776145936
CC_66AAC0860357,0.1624825954437256
CC_66AB225359DB,0.1912699043750763
CC_66AD619251DD,0.1763798326253891
CC_66B09936DABC,0.025531720370054245
CC_66B37C9DDC3A,0.6054915070533753
CC_66B724079738,0.17385984659194947
CC_66BF18D91E45,0.08439367413520812
CC_66C78801823B,0.17600674629211427
CC_66C9334085A3,0.0192636139690876
CC_66CA261790FA,0.11207669526338578
CC_66CAD118194F,0.07586395442485809
CC_66CE1FEC6CA8,0.7619012951850891
CC_66DDAE066923,0.7458207488059998
CC_66DE9C3B6689,0.03895330168306828
CC_66E26A77AC68,0.14012925922870637
CC_66E90798BF24,0.2720414698123932
CC_66EA801670CE,0.052194122970104215
CC_66EF49F1F6CF,0.5879579901695251
CC_66F19DAB6417,0.16299412548542022
CC_66F505D54F71,0.7222965240478516
CC_66FA222A056F,0.11998849362134933
CC_66FA54E8B3D3,0.050067702680826186
CC_66FE6C45C6F4,0.09402974545955659
CC_67016E46A61F,0.06990996152162551
CC_670458DF7918,0.5055097341537476
CC_670556720BDB,0.03047872558236122
CC_6707B68A4774,0.5353372812271118
CC_670999DB5A1E,0.10980422496795654
CC_67232143508F,0.4191429793834686
CC_67246B4ED7B3,0.09048502147197723
CC_672BC5712B93,0.4234874188899994
CC_672C5FE5666A,0.0756053775548935
CC_672CE82F984C,0.11576319932937622
CC_672E6FF02B79,0.09883232116699218
CC_672F08B35608,0.16299412846565248
CC_673F09D8B541,0.12431837469339371
CC_674024202AA1,0.026007328554987906
CC_67450C7E7B6A,0.15383664071559905
CC_67466E16A16F,0.08317390531301498
CC_6747DCEC0AE3,0.6449458122253418
CC_674AE1C0023F,0.405841201543808
CC_674BA24E77B6,0.15402179807424546
CC_6750DE77FBD4,0.0642043948173523
CC_675379CAA2A7,0.16798713207244872
CC_6753C5556922,0.05245564579963684
CC_675509BA0BE4,0.11319529712200165
CC_675572D4E506,0.09887872338294983
CC_675A43EF2993,0.26386340856552126
CC_675EBCA976AB,0.14715038537979125
CC_6767F72D9180,0.44363570809364317
CC_676B165DAE74,0.7216357707977294
CC_676CE1A21AA8,0.1410282701253891
CC_676D79D64486,0.7110424160957336
CC_677B2907D328,0.19029274880886077
CC_6780098C459A,0.6689981818199158
CC_6781E42C1EF8,0.04487471729516983
CC_678407AE22AF,0.09302842915058136
CC_67894871B242,0.13057074695825577
CC_678ABD3B112E,0.08824194520711899
CC_678B02C37B1B,0.07639459073543549
CC_678BF1851E70,0.10300276577472686
CC_678BFEC8C384,0.058794251084327696
CC_67933515F7BF,0.10167441964149475
CC_679BC21319EF,0.0905196264386177
CC_679C9EEFA91B,0.1586046576499939
CC_67A3FB218182,1.0
CC_67A65C2E3D91,0.07035985887050629
CC_67AABDFBDCB3,0.14734723269939423
CC_67AD2013EB3F,0.16395237743854524
CC_67AD8FC139ED,0.10501983612775803
CC_67AFFBD44509,0.4789043486118317
CC_67B1189A3913,0.11772048324346543
CC_67B1BE13BB47,0.19171281158924103
CC_67B1C7C433F6,0.4789043366909027
CC_67B33C21BC0A,0.08402824252843857
CC_67B568E5D485,0.04083823412656784
CC_67B6CA2DA7EC,0.0625043548643589
CC_67BAB47232A4,0.08255168944597244
CC_67BED50A9C94,0.09367201328277588
CC_67C367B1D794,0.06703616976737976
CC_67CA635EE77F,0.15472762882709504
CC_67CAEEB3FC0C,0.1624825894832611
CC_67CC77F868CC,0.38867021203041074
CC_67D238646559,0.1189719021320343
CC_67D47A2617D9,0.1636486053466797
CC_67D480F0697A,0.2633421361446381
CC_67D87C9585C0,0.11846262663602829
CC_67D906DB251B,0.1760067492723465
CC_67D9D038EDF1,0.0797986090183258
CC_67DD96D6A45F,0.17234691381454467
CC_67E0E0EE74B7,0.08193361461162567
CC_67E8F57A6D75,0.07155110239982605
CC_67EA5D2E0BC1,0.0926605612039566
CC_67F32FA6B3A8,0.14919254630804063
CC_67F3B67612CC,0.6627435088157654
CC_67F430F40919,0.17234691381454467
CC_67F44AF126E7,0.5202279448509216
CC_67FCE789C26D,0.07860752046108246
CC_6800B7EF8E7D,0.15860556364059447
CC_6804090809F4,0.717799186706543
CC_6805BEA482DA,0.2690007150173187
CC_680FA7ADF687,0.5507908463478088
CC_6812C7B13B66,0.8206703424453735
CC_68134EFAC106,0.07191639840602874
CC_68149EEA2D25,0.2914168119430542
CC_68185556DA27,0.7407545447349548
CC_681AD64466CE,0.27441384792327883
CC_681F6AD4AE98,0.13464593440294265
CC_681FBF9521A0,0.040318813174963
CC_6822AB43A21A,0.27682828307151797
CC_682379EFCDCA,0.11417834758758545
CC_682630946491,0.47890435457229613
CC_682681E09B45,0.20116552114486694
CC_682868E6D0CA,0.053616569936275484
CC_682BEC5D14B2,0.7564796209335327
CC_682C3858C755,0.23609477877616883
CC_682D45019B36,0.7256489157676697
CC_682E10BDB84E,0.015642482787370682
CC_68342C2CD6AF,0.06405787542462349
CC_68349820EDF9,0.7508550882339478
CC_683AEA1D74B8,0.22137027382850646
CC_683C556F3929,0.07312352508306504
CC_683DA0D65DE7,0.7407545685768128
CC_683DDA6A18C7,0.16395238041877747
CC_683EB3E0E3AF,0.20601825118064881
CC_68411AE2B64E,0.3466530978679657
CC_6844B6E445D7,0.10481521338224412
CC_68468D0B3865,0.053535322099924086
CC_684EBB4538B9,0.07321777045726777
CC_684F94F5A2BF,0.3223037600517273
CC_68509ABC103C,0.1510428801178932
CC_68527890A428,0.13735612630844116
CC_6852ACD5C8B5,0.16460685133934022
CC_68541FFC06DF,0.15860555768013002
CC_6854BF0E7B3A,0.04801596030592918
CC_685595790369,0.11883505433797836
CC_68562BC8108D,0.3409143269062042
CC_685EF665541F,0.7758419990539551
CC_6867B3248C01,0.5414261519908905
CC_6869BC55B2BC,0.07343016564846039
CC_686DBF96689E,0.05245564505457878
CC_686DCFCAF1AB,0.6178709149360657
CC_6875A0C7B038,0.09505877643823624
CC_68778D187B74,0.5845576584339142
CC_68783B5283D1,0.061297228932380675
CC_687D5DAD6014,0.12522883266210555
CC_687E653D5B9A,0.08006270825862885
CC_687F60B70952,0.16682111620903015
CC_6886D19D1C40,0.7110424518585206
CC_688731C529A9,0.03954138532280922
CC_688A4C98C162,0.1624825894832611
CC_688C1222A108,0.0676942378282547
CC_688CF57094A8,0.18799575865268708
CC_688DF448C1CE,0.626106607913971
CC_6896128CFEDE,0.15650471448898315
CC_689BC1EE05A4,0.061297227442264554
CC_68A12AF63D62,0.04487471878528595
CC_68A34A27A91B,0.06563029736280442
CC_68A49C869570,0.1996024250984192
CC_68A68371D005,0.26941896677017213
CC_68ACFE419F59,0.31211790442466736
CC_68B034838BDC,0.1797132521867752
CC_68B265C9489C,0.06405787467956543
CC_68B40052A1CF,0.16892116367816926
CC_68B492696B4C,0.6257692098617553
CC_68B52515DF05,0.16395237743854524
CC_68B76CB11DC2,0.7110424280166626
CC_68B78BB06BC2,0.1657020002603531
CC_68BF0C12506C,0.07442489564418793
CC_68BF3BD32C96,0.2122146487236023
CC_68BF96B41CFE,0.23047094345092772
CC_68C0F220DBA9,0.17073419094085693
CC_68C1ACD861CD,0.3146226108074188
CC_68C7135E0AE7,0.7668705344200134
CC_68CAFC191630,0.29693250060081483
CC_68CBF57A5BC6,0.10606794357299805
CC_68CD6C4A8D09,0.16299412548542022
CC_68D03EAD1B68,0.6721535325050354
CC_68D28971FE5E,0.2979886829853058
CC_68D2BB6DF9CF,0.06442317143082618
CC_68DF3B1FDA6C,0.07174907475709916
CC_68E0146B7958,0.16395237445831298
CC_68E26BDF5B91,0.184027561545372
CC_68E2E8ABF6CC,0.16570200324058532
CC_68E352B16B0E,0.7620827794075012
CC_68E3F21E8747,0.15383663773536682
CC_68E4A9CE65F2,0.03508842587471008
CC_68E5A38A9FDA,0.3194062352180481
CC_68E87E827989,0.12579379677772523
CC_68E9C68F43EB,0.1713886648416519
CC_68EA84632A7E,0.060323205590248105
CC_68EED2A17D2B,0.008630358800292014
CC_68F40665E2E9,0.07487805783748627
CC_68F54937BE03,0.0744357168674469
CC_68F90B4225F5,0.1815751910209656
CC_68F9E99BDA08,0.39320815801620485
CC_68FB4441B662,0.14365445524454118
CC_68FBAECEFDAA,0.33525007367134096
CC_68FE792C1436,0.16299412846565248
CC_69017C732DFF,0.24350515604019166
CC_690385DE9014,0.45429906249046326
CC_6904BFAB8102,0.15071692168712617
CC_69068E93BD7C,0.08096097707748413
CC_69070CB634E8,0.07701008766889572
CC_690B6325A4EF,0.0734301671385765
CC_690EC5DC9486,0.04793471768498421
CC_6911F8AF8FF2,0.0824940875172615
CC_6912EFFF714C,0.5125066637992859
CC_6913D2FBF143,0.2096495121717453
CC_69176ECAD8C0,0.019184150174260138
CC_69182CCD02E0,0.16395238041877747
CC_69199F77436D,0.1154494047164917
CC_691BB091F4B1,0.05287018269300461
CC_691CC5FCBAAB,0.13247960805892944
CC_6921DE0E336A,0.02262224778532982
CC_69231106E3E0,0.17437137961387633
CC_69237502A244,0.07554777562618256
CC_692471232A94,0.14868172109127045
CC_692A91971E02,0.417844557762146
CC_692C0F9A1169,0.14352646768093108
CC_692D6D406B2B,0.15746296644210817
CC_692E2E0D0BAC,0.13519959151744843
CC_692F61F36E61,0.10373440235853196
CC_693209A56143,0.10824516713619232
CC_6932F0432539,0.4234874129295349
CC_6932FEF179AE,0.07321777045726777
CC_694036FEB699,0.08012030869722367
CC_694087A29B0F,0.07256947979331016
CC_6941BBA972AF,0.1191590115427971
CC_69434AB552F0,0.0556966207921505
CC_6945F09EE995,0.034397397004067895
CC_6947D897EB7C,0.12537013739347458
CC_695011EC6CA1,0.10695993602275848
CC_6957920C6F49,0.14018229246139527
CC_695C5B845FD2,0.45429906249046326
CC_695D088A758B,0.7345930218696595
CC_695D420B9A12,0.03334973081946373
CC_695E1B82521C,0.12427276819944381
CC_696404EFD990,0.05415522567927837
CC_6965FE4706F9,0.1935276597738266
CC_696887CAA9DD,0.17913902401924134
CC_696C965A2540,0.16248258650302888
CC_696D784429CF,0.17234691381454467
CC_696F2D66A2D4,0.16728579998016357
CC_69707E33235B,0.8693404078483582
CC_6974EC6839AE,0.12012294232845307
CC_69774FF5B0B7,0.00927884578704834
CC_697EC98313DB,0.20173284709453582
CC_69821D3F613C,0.15472762584686278
CC_6984A9C1B696,0.1754952073097229
CC_69878DB176BC,0.06405787542462349
CC_6989BBF7A40F,0.11866562515497207
CC_698B24CCAC6D,0.12743539363145828
CC_698BA3F709EF,0.11975100189447403
CC_698BD67E7EE9,0.061297227442264554
CC_698D1AD18611,0.05166259780526161
CC_698DB84F8F86,0.22698308229446412
CC_698E179C5F2E,0.06824329495429993
CC_698ECFA37D54,0.2422175168991089
CC_699472340212,0.07312352657318115
CC_699A2EDDCD3B,0.110381880402565
CC_699A58B7D87D,0.10485018789768219
CC_699B583B9C43,0.052636624127626416
CC_699C5393E3EB,0.04104687795042992
CC_699E22601934,0.4910736560821533
CC_699F59D52F5E,0.07612532526254653
CC_69A692D85387,0.12967173308134078
CC_69A74ACB984D,0.6710923910140991
CC_69A8214506D7,0.06129722967743874
CC_69A8AA95FC43,0.48009021282196046
CC_69ABAA8AEA67,0.05569662302732468
CC_69AC03EB0487,0.20110377669334412
CC_69B1173EFF47,0.17794243693351747
CC_69B54102C1AE,0.11666872203350068
CC_69B674F2D9B3,0.06144374832510948
CC_69B919991D50,0.04685503765940666
CC_69B9C694E239,0.1565047174692154
CC_69BADFCBA9D1,0.19400265216827392
CC_69BD91999FC3,0.10251508504152299
CC_69C166A4933B,0.04868303202092648
CC_69C49FE88552,0.18382642567157745
CC_69C8E2EA182E,0.3399678528308868
CC_69CBF61BA994,0.1750258594751358
CC_69CCA2FA0084,0.1294238269329071
CC_69CD58AF5F89,0.30545367002487184
CC_69CE881542E7,0.10255247354507446
CC_69CFCA78EF10,0.06456969082355499
CC_69D57DBB6494,0.07144408971071244
CC_69D6B6E71E6F,0.1636606752872467
CC_69D75D46E610,0.1411939948797226
CC_69D88406816E,0.1427192509174347
CC_69D96257B061,0.0959690198302269
CC_69DC8B86DB60,0.6925209760665894
CC_69DD0D6CB1CC,0.5452425837516784
CC_69E0D45B481B,0.2052985668182373
CC_69E13AAF0287,0.6888202071189881
CC_69E6CA4BA165,0.15262678563594817
CC_69E70B30BD80,0.05539727061986923
CC_69EFE0AB9FA4,0.5919286608695984
CC_69F1803DE0A9,0.03457847610116005
CC_69F719B0F305,0.16519046127796172
CC_69F7237CAB9F,0.10431205779314041
CC_69F7DBF6FD01,0.7407545447349548
CC_69FA57001125,0.5603208780288697
CC_69FBD8759225,0.20944446921348572
CC_69FC895E5541,0.6991403341293335
CC_6A00699842D4,0.09693295061588288
CC_6A03D74F0719,0.5097325801849365
CC_6A061C46FE5B,0.27713524699211123
CC_6A080650CC48,0.1538366436958313
CC_6A08246D89F4,0.04566754028201103
CC_6A120D55B5F9,0.4025423228740692
CC_6A14095033C2,0.586025619506836
CC_6A189A969595,0.16395237445831298
CC_6A19746C0DC4,0.35769240856170653
CC_6A19F5E9A0E5,0.7620827913284302
CC_6A1A43B543FA,0.14123405814170836
CC_6A1B223E0761,0.05667656734585762
CC_6A1E136745EE,0.11075870543718339
CC_6A20DFDB9966,0.17575874626636506
CC_6A2121E75EA0,0.1757271856069565
CC_6A2D3E0B8994,0.6220073938369751
CC_6A30D0E5AD22,0.14734723269939423
CC_6A31BF5985FA,0.7071274638175964
CC_6A34D98F8F91,0.06129722967743874
CC_6A35FB28673B,0.6246209979057312
CC_6A38B1A69BC4,0.35765191316604616
CC_6A38B7DE0CEA,0.0582372322678566
CC_6A3D027F0926,0.06885735988616944
CC_6A40BA89C9FB,0.34770908355712893
CC_6A4189969A8A,0.12474204152822495
CC_6A45D850EBFE,0.07945971786975861
CC_6A47683C0DC3,0.05569662153720856
CC_6A4CBC1735DE,0.07780427038669586
CC_6A4DB70B6846,0.9209937691688538
CC_6A51E799DACE,0.07213484942913055
CC_6A5C4D268706,0.05166260004043579
CC_6A5C5D7C6CDE,0.7940772652626038
CC_6A6036128C41,0.09989292770624161
CC_6A62D1D309AF,0.06342443004250527
CC_6A643E725866,0.31267871856689455
CC_6A65A2FDFAB6,0.13739710599184035
CC_6A661FEFB6A5,0.350152450799942
CC_6A6C9CB2E91E,0.09286573827266693
CC_6A706D97F751,0.1553700178861618
CC_6A7232D59F1C,0.06587106287479401
CC_6A77F7E0AFAB,0.06129723116755485
CC_6A78D63C7B88,0.3040120482444763
CC_6A8668936512,0.26334214210510254
CC_6A872C1EF0B3,0.4191429793834686
CC_6A88029C385E,0.162994122505188
CC_6A8B550A481F,0.4177804231643677
CC_6A8CF4A7C65F,0.06442317143082618
CC_6A8E4C02227B,0.14556647688150406
CC_6A9C4F55DB51,0.4789043486118317
CC_6AA454A3055C,0.09128986597061158
CC_6AA6C43174D2,0.1629941314458847
CC_6AAE950ED1DA,0.20179135501384735
CC_6AAFB4D46D66,0.14715038239955902
CC_6AB6A1FEC0C0,0.7468263864517212
CC_6AB8535E1917,0.14715038239955902
CC_6AB9FCF7993D,0.4652824878692627
CC_6ABA8380DD61,0.1750258594751358
CC_6ABB5DB4E475,0.13916532695293427
CC_6ABB8FA70605,0.6745424509048462
CC_6AC66F95C550,0.24005588591098787
CC_6AC7F69E33A6,0.4679208993911743
CC_6ACAB4B6CE54,0.3705084264278412
CC_6ACBAC70F77D,0.12716465294361115
CC_6ACF08D13AC6,0.15599318146705626
CC_6ACFE1296766,0.08946336060762405
CC_6AD1B293BFC5,0.07435876876115799
CC_6AD534027B30,0.18838123083114625
CC_6AD62350E590,0.11606162041425705
CC_6ADC1CA18525,0.10823895633220673
CC_6ADC9F011F87,0.15436143130064012
CC_6AE453FD268A,0.05610228106379509
CC_6AE804C71613,0.6231035828590393
CC_6AE845EE7579,0.1351991355419159
CC_6AE9D0068FD7,0.04077660627663136
CC_6AEC86D7375B,0.06898955404758453
CC_6AEE03D0B9A3,0.7026935338973999
CC_6AEF26D98312,0.15809401273727416
CC_6AF0F156FB89,0.21048885881900786
CC_6AF5F5173925,0.16248259246349334
CC_6AFADD9FFFA8,0.041046878695487975
CC_6B040C43432B,0.5106567919254303
CC_6B0623523263,0.13369044661521912
CC_6B06501B1544,0.1544117659330368
CC_6B06E38FA7D8,0.18287540674209596
CC_6B0E89069CE6,0.1716924399137497
CC_6B0FA22EB394,0.08948370069265366
CC_6B15B0520C94,0.13759230226278304
CC_6B16EBB73F1A,0.058135364949703214
CC_6B18A7A99677,0.04005525857210159
CC_6B1FC5D49048,0.6085843563079834
CC_6B221E1CEDF2,0.16395237743854524
CC_6B2762A90AB2,0.6022925496101379
CC_6B2F3CAD34E1,0.11569781750440597
CC_6B2FDDD0D7FF,0.10958622395992279
CC_6B335F5747C8,0.16570199728012086
CC_6B391A38EE5C,0.03901805952191353
CC_6B48AB9FFB8E,0.12703790366649628
CC_6B49E1F42DEC,0.09482540041208268
CC_6B4EAAF8FE1E,0.2238199770450592
CC_6B51F020B477,0.17869113385677338
CC_6B5368966426,0.2844516396522522
CC_6B553898B0C2,0.22674784064292908
CC_6B592B8827BD,0.08864303827285766
CC_6B5CBDCE0927,0.10958622097969055
CC_6B5D73B32D06,0.13409494310617448
CC_6B622825525D,0.14952525347471238
CC_6B64D19754F2,0.15746296644210817
CC_6B6A36116FDF,0.10187043696641922
CC_6B70C0BC12C0,0.08316823244094848
CC_6B76927A2B17,0.07554777264595032
CC_6B7738F7F381,0.02661105915904045
CC_6B776D13A55A,0.037635364755988124
CC_6B777349CC2E,0.06862426102161408
CC_6B7D2901D7DF,0.2732939660549164
CC_6B7DFD2E96BF,0.08165544122457505
CC_6B810A71085A,0.7569902300834656
CC_6B819B2A7873,0.07442097291350365
CC_6B8387800ACA,0.1716924399137497
CC_6B840E57A9BD,0.08096097260713578
CC_6B8DC490BE3A,0.16516153216362
CC_6B8DC861D19E,0.08592782616615295
CC_6B8E93EB69B4,0.057076308876276016
CC_6B904745C120,0.3121191501617432
CC_6B91E2BA4D8A,0.10071049034595489
CC_6B97895A9B33,0.10690205246210098
CC_6B98D3CDB2D9,0.1636486053466797
CC_6B9EF56EE88C,0.7730903029441833
CC_6BA0B35D71CC,0.6229518294334412
CC_6BA5F4BB1C36,0.024622247740626334
CC_6BA85D376EA3,0.19024759531021118
CC_6BA8FAF791E9,0.13260914236307145
CC_6BACE1E465D0,0.08280861228704453
CC_6BAF777D4CDC,0.08295681327581406
CC_6BB434F24B65,0.0926605612039566
CC_6BB4A898E048,0.16395238041877747
CC_6BB5DB7F431A,0.1565047174692154
CC_6BB62B9D3BC3,0.3466531038284302
CC_6BB9FC5315D3,0.3040120542049408
CC_6BBCC6F0325F,0.07518746554851533
CC_6BBEEED3E64F,0.25430275201797486
CC_6BC144859881,0.03895330205559731
CC_6BC36AC21F48,0.05823723077774048
CC_6BCB06C6B112,0.1239463821053505
CC_6BCB74BE94ED,0.312678724527359
CC_6BD0AC4A160F,0.26788082122802737
CC_6BD1B1B9B064,0.31374394297599795
CC_6BD26F209C34,0.14055292010307313
CC_6BD2E853A289,0.10071048885583878
CC_6BD36A7B2F0D,0.13894753456115722
CC_6BD42003FC37,0.15650472044944763
CC_6BDB50210B5D,0.30422440767288206
CC_6BDB5CF39811,0.39920220971107484
CC_6BDC0EB2386D,0.10351640284061432
CC_6BDC2C155F52,0.2552536308765411
CC_6BDD851D812F,0.16712769567966462
CC_6BE2980F780B,0.10858490318059921
CC_6BE9E964B01E,0.009278846159577369
CC_6BED2C1B62B0,0.07701009213924408
CC_6BEE01374922,0.04890677854418755
CC_6BEE6E47AF58,0.08196229338645936
CC_6BF062B294AC,0.10904595702886581
CC_6BF10C1DB435,0.1132132962346077
CC_6BF47B5A43C7,0.07663714289665222
CC_6BF4C88378D0,0.1160026028752327
CC_6BFAF634010B,0.08006270676851272
CC_6BFBE309A968,0.24798907935619355
CC_6C0321D3D47E,0.46792089343070986
CC_6C0395B27B58,0.6992777347564697
CC_6C0683C38C71,0.11745290160179138
CC_6C08CBA93460,0.15650472044944763
CC_6C0D5D157D4C,0.20530810654163362
CC_6C11350A7134,0.1287827491760254
CC_6C11A4CB1719,0.1913397192955017
CC_6C14140B60A2,0.07639459073543549
CC_6C14E56AD78D,0.15211524665355683
CC_6C1A7287CA0F,0.8389056324958801
CC_6C20703AA012,0.14055292159318925
CC_6C2431507647,0.17703431248664855
CC_6C29AA0F5F1D,0.1264097884297371
CC_6C29F4D1D068,0.17637983560562134
CC_6C2AB7D1FF45,0.05245564579963684
CC_6C2B91997047,0.08751400858163834
CC_6C2F09109795,0.14378398656845093
CC_6C2FFB25BE2A,0.7637753129005432
CC_6C302F0CE13B,0.18988257944583892
CC_6C327D9208AE,0.2089306116104126
CC_6C32D3CB3100,0.1673147201538086
CC_6C34FF640DED,0.14068245589733125
CC_6C35640D5E9A,0.5860256314277649
CC_6C35F94301D3,0.11315184831619263
CC_6C3D2D058882,0.22172505557537078
CC_6C3E5AA1AC3B,0.025652551278471946
CC_6C436801274C,0.09251128137111664
CC_6C44ED518620,0.3989648163318634
CC_6C45E1B0FD68,0.6702987551689148
CC_6C4CCCCDE7EF,0.14346930384635925
CC_6C4D6820D258,0.07768990695476533
CC_6C5137B95704,0.06970561146736146
CC_6C514E72E87B,0.15695142447948457
CC_6C523A9AA694,0.16344083845615387
CC_6C53DE145D18,0.4421297490596771
CC_6C5AC579CFD1,0.21399763524532317
CC_6C5DD5D530FB,0.41914297342300416
CC_6C624859D400,0.03895330131053924
CC_6C6D321EF665,0.10351640284061432
CC_6C6D3705F652,0.06954187229275703
CC_6C6F9D117EDB,0.3512078195810318
CC_6C723182C131,0.15746296644210817
CC_6C729FA363C0,0.036220702901482583
CC_6C72C51B5B84,0.18434647023677825
CC_6C75AEAC877D,0.5464235186576843
CC_6C760954209D,0.13371436893939972
CC_6C77066F627C,0.4910736620426178
CC_6C7830F1A337,0.5680471301078797
CC_6C7F3129653C,0.19317282736301422
CC_6C7FD16E66B1,0.09707766473293304
CC_6C8577483349,0.07057707458734512
CC_6C876DADE62F,0.06693166717886925
CC_6C87C0D7ED2D,0.11823135316371917
CC_6C87E6E2BC35,0.0640578769147396
CC_6C89C270BEAF,0.13405944257974625
CC_6C8E3423161A,0.10351640433073044
CC_6C8F77F8D8C6,0.04104687795042992
CC_6C9214A1DD8B,0.07098138928413392
CC_6C9FD5C95754,0.5654823422431946
CC_6CA433C0AB49,0.10161681622266769
CC_6CA473EDED32,0.0871765673160553
CC_6CA85B0A97E0,0.10431205928325653
CC_6CADF14E6490,0.26941896677017213
CC_6CB074AA615F,0.1624825894832611
CC_6CB0985AB80C,0.11684934049844742
CC_6CB0D1D0665E,0.15211524665355683
CC_6CB66B0F96A9,0.03868303149938583
CC_6CB7A2BE9A17,1.0
CC_6CB7DEB209C3,0.14456038773059846
CC_6CB84A025863,0.05050167515873909
CC_6CBD141A4C20,0.14346930086612703
CC_6CBD5FCE0D70,0.3073355138301849
CC_6CBD9A546B98,0.10150614678859711
CC_6CC1F00B55FE,0.03334973007440567
CC_6CC2568521F0,0.21576687693595886
CC_6CC2697A8F81,0.09406943023204803
CC_6CC2F849ECAB,0.10710075050592423
CC_6CC7949FE0AC,0.3000304102897644
CC_6CCB0E9FC922,0.1035164013504982
CC_6CCB1499C679,0.49107365012168885
CC_6CCE085E7BDF,0.28269081115722655
CC_6CCF9B03A597,0.09412703663110733
CC_6CD21BF9564D,0.7377553224563599
CC_6CD994CE0BBA,0.09705042988061904
CC_6CDD1680D5D5,0.7052694082260131
CC_6CE26487B08D,0.2938019156455994
CC_6CE4408DD719,0.061297228932380675
CC_6CF4543028F2,0.59812051653862
CC_6CFAC13BECA9,0.7870696663856507
CC_6CFB229D4798,0.10332915037870408
CC_6CFCCC14E98D,0.09136223196983337
CC_6D0144C0A2A1,0.051475702226161955
CC_6D047CCD0431,0.080960975587368
CC_6D04A83FA41C,0.18009388744831084
CC_6D0D60891DF7,0.14910158962011338
CC_6D12C5313B22,0.10538544952869415
CC_6D154DA6CFE7,0.06405787542462349
CC_6D1766FC0E2D,0.16634472012519835
CC_6D1B20FDD21C,0.7436333656311035
CC_6D1D42E6F08E,0.09213015884160995
CC_6D20E9F1AA1D,0.6452831864356995
CC_6D2B44A13FBC,0.025652550905942918
CC_6D2D11C107A1,0.00722389817237854
CC_6D2DCD2CC154,0.14702084809541702
CC_6D2E5C1E20BA,0.10891128927469254
CC_6D30E86C8176,0.07900210171937942
CC_6D328B90AFC8,0.804059648513794
CC_6D33A92F805B,0.10295755714178086
CC_6D3D0D73F405,0.38386258482933044
CC_6D3D169DF931,0.10219378620386124
CC_6D3FCBC535E1,0.06679596975445748
CC_6D426B7E0B26,0.7458471179008483
CC_6D43FFA10D55,0.070304224640131
CC_6D4656DA87BD,0.11437164396047592
CC_6D48E64A2153,0.16299412846565248
CC_6D4CC44D737E,0.4789043366909027
CC_6D4E7B45ABE4,0.19129579067230223
CC_6D4EBEEB97E3,0.18386946320533754
CC_6D5302CBB19A,0.012612179666757584
CC_6D5357B211DB,0.05930880308151245
CC_6D54AF1CCF55,0.16460685133934022
CC_6D553E991745,0.06257029846310616
CC_6D56C46EE16C,0.05245564579963684
CC_6D56FDEF9404,0.62166508436203
CC_6D5DA9F7A0FD,0.10762097090482711
CC_6D5F5DC2818B,0.5881210088729858
CC_6D5F7F62F168,0.2559865236282349
CC_6D60AFA34B93,0.47890434265136717
CC_6D61F92F59F1,0.15340318977832795
CC_6D683A9376AF,0.14346930086612703
CC_6D6C5D17FD9F,0.17213939428329467
CC_6D6FF8132FAE,0.1590522676706314
CC_6D73BF89386E,0.15869252979755402
CC_6D73DBF6C301,0.24988788962364197
CC_6D759B412950,0.5650292158126831
CC_6D79459F82B9,0.17169243693351746
CC_6D7C4F16959C,0.09837466478347778
CC_6D9139670225,0.16395238041877747
CC_6D969AA5ECA2,0.1802884727716446
CC_6D97F1886BB5,0.11033626794815063
CC_6D9E0A0B2C5C,0.061297228932380675
CC_6DA550291FBD,0.10538545101881028
CC_6DA9A64970C0,0.2539052963256836
CC_6DAC231470D0,0.2788316547870636
CC_6DB12FB6B6C3,0.1559931755065918
CC_6DB442B29815,0.16519046127796172
CC_6DB800D891E3,0.08865222781896591
CC_6DB8DD48754D,0.14123405814170836
CC_6DBE43F7AE91,0.05845726951956749
CC_6DBF6D74D7E1,0.1266164243221283
CC_6DC52041115A,0.1520619958639145
CC_6DCB6F04DCFD,0.5405879616737366
CC_6DCC2761B581,0.09509096443653106
CC_6DCDBF850407,0.037635363265872
CC_6DD1EDC405B8,0.15650471448898315
CC_6DDF5C1BFC5D,0.16248259246349334
CC_6DE93AB05B38,0.3610412061214447
CC_6DEB558FE790,0.13382005840539932
CC_6DF0CCD00A36,0.07428919821977616
CC_6DF36686EA4E,0.3127119421958923
CC_6DF6310D7EEE,0.07919334322214126
CC_6DF9059A5700,0.13735612630844116
CC_6DFF90E03FA0,0.3117134392261505
CC_6E000A66D14D,0.09386705309152603
CC_6E004F76F90A,0.03790563717484474
CC_6E009178D1DC,0.10958622097969055
CC_6E00BCD9059E,0.7339977979660034
CC_6E01463B2748,0.0726270854473114
CC_6E08189EDC3A,0.16248258650302888
CC_6E0F04D7C91B,0.5374049842357635
CC_6E0F8AB7C277,0.27175815105438234
CC_6E1253819338,0.16344083845615387
CC_6E12C184F840,0.2214620292186737
CC_6E131F068F36,0.17001160085201264
CC_6E14E59BBA79,0.14715038239955902
CC_6E198580405F,0.089127117395401
CC_6E1BC97819D8,0.16520302891731262
CC_6E1C8B96DCB3,0.8675547122955323
CC_6E1CA1A1536F,0.7956834673881531
CC_6E1D6BC405AE,0.16460685431957245
CC_6E1FF3EED0B3,0.10811029821634292
CC_6E2147F003D5,0.20068651139736177
CC_6E224EC66804,0.14952525049448012
CC_6E22C232C350,0.13508504033088684
CC_6E2430FC56CA,0.2898812711238861
CC_6E247A95E9EF,0.4835081994533539
CC_6E27534D038F,0.14025879204273223
CC_6E2A3ED14751,0.18337308764457702
CC_6E2A9DF57E52,0.21309131681919097
CC_6E2E1FE7E40C,0.22003796994686126
CC_6E2E56C5E1C5,0.22512806355953216
CC_6E3249727979,0.731833302974701
CC_6E360D8A3349,0.16344083845615387
CC_6E3630145EE4,0.10351640284061432
CC_6E36D9EACC5E,0.1363043636083603
CC_6E39F838CD39,0.16299412846565248
CC_6E3D53767B28,0.6452832102775574
CC_6E3DA074126F,0.04096563272178173
CC_6E3E67A487AA,0.1543741673231125
CC_6E3EF35BD2E5,0.1569514274597168
CC_6E3F9D236C11,0.17234691977500916
CC_6E447971505E,0.14313884526491166
CC_6E466C975E9A,0.15262678861618043
CC_6E4985106668,0.04180348254740238
CC_6E4B30ED7CF8,0.09695836454629898
CC_6E4D296B7939,0.11185730695724487
CC_6E52863341ED,0.12431837469339371
CC_6E52C2EC1CAE,0.15487297773361205
CC_6E5BA9DA26F4,0.159867063164711
CC_6E641C435270,0.11587306708097458
CC_6E667941AC4A,0.06442317068576812
CC_6E672636A2F3,0.06155110336840153
CC_6E6AB92AD008,0.1716924399137497
CC_6E6DF29051D0,0.17637983858585357
CC_6E7106410101,0.1574629634618759
CC_6E715BA6657D,0.14327245056629181
CC_6E71BE313C58,0.16682111620903015
CC_6E78C472A91F,0.3121191442012787
CC_6E7918E08139,0.33186073899269103
CC_6E7FFAFB2DAE,0.07155110388994217
CC_6E83E43F4297,0.5327782809734345
CC_6E87AC5CBCAB,0.46930367350578306
CC_6E89F1CC0821,0.7256489038467407
CC_6E8A58A8B22A,0.21408420503139497
CC_6E8B5E65065A,0.3705084264278412
CC_6E8C61BFCA8F,0.15809401869773865
CC_6E8C99C99E4E,0.24200380146503447
CC_6E8DF0A1F736,0.2419008880853653
CC_6E938A61F47B,0.10203883796930313
CC_6E98BCBC2549,0.16614871025085448
CC_6E9A32537693,0.07955564856529236
CC_6E9B28B6382E,0.2351897180080414
CC_6E9FA42F62B3,0.012309148907661438
CC_6EA0407AF0B4,0.10351640284061432
CC_6EA4BF9D8B43,0.07256947979331016
CC_6EA6DDEB54CE,0.2571064233779907
CC_6EA99680D50B,0.10351640433073044
CC_6EAB03D9A4A8,0.19755255281925202
CC_6EADCE71C525,0.06344914436340332
CC_6EB16BDF3C69,0.04013761132955551
CC_6EB755019E00,0.25873696208000185
CC_6EBB2E2B3BE9,0.1295113205909729
CC_6EBBF4EED0ED,0.06442317143082618
CC_6EC1EEAFC389,0.10997828394174576
CC_6EC3BCCD6C5F,0.413094562292099
CC_6EC671937917,0.5853145837783813
CC_6EC9A666AD3F,0.28269081115722655
CC_6ECD4E11FF5C,0.6053801774978638
CC_6ED0C5D3AEDF,0.4072830080986023
CC_6ED92198F7B8,0.3489748120307922
CC_6EDB939C378C,0.6034859418869019
CC_6EDBDC0DE552,0.09378299489617348
CC_6EDC12D321DC,0.10405590534210205
CC_6EDCC6770ED7,0.07518746554851533
CC_6EDE8624307D,0.17828160524368286
CC_6EE01E672807,0.1888585150241852
CC_6EE168BDA38F,0.3480268716812134
CC_6EE2D22346C8,0.4679208993911743
CC_6EE77A2EADC0,0.08006270676851272
CC_6EE8C6B8E126,0.16634471714496613
CC_6EF2E8D6626F,0.626106607913971
CC_6EF75FCE719E,0.3589713215827942
CC_6EFF52032822,0.1586046576499939
CC_6F01966E75A1,0.2771352410316467
CC_6F041DE9209B,0.025798993930220605
CC_6F06774F1F16,0.08644497245550156
CC_6F06B90BA110,0.38267112970352174
CC_6F0796D1794D,0.08780131861567497
CC_6F0A5A3116B1,0.6306039452552795
CC_6F0B2C33FAE3,0.17572719156742095
CC_6F0E1A92A9B1,0.2219393938779831
CC_6F0FF5AEE79D,0.1629941314458847
CC_6F12E2C02049,0.17160010039806367
CC_6F203155FC2D,0.6194593608379364
CC_6F2083495108,0.11982831805944442
CC_6F21AA1B4F32,0.15599317848682404
CC_6F2205F5E91F,0.22723272442817688
CC_6F22E5DEF6E8,0.18220299780368804
CC_6F24E727F772,0.31267871856689455
CC_6F2760B199C9,0.08560430854558945
CC_6F2868388408,0.07138309925794602
CC_6F28DAB9793E,0.0740293100476265
CC_6F2972D21143,0.15746296644210817
CC_6F29EE202B8D,0.07701008915901184
CC_6F2B6E3E9440,0.06563029736280442
CC_6F2C27E67DA2,0.1848819375038147
CC_6F2F3A802ED4,0.15003679245710372
CC_6F3310501E1A,0.24777307808399202
CC_6F356772C89A,0.24863373041152953
CC_6F3940DC0BA4,0.1271279588341713
CC_6F3DB2C989CB,0.18036209046840668
CC_6F3E56A25D1C,0.20854550302028657
CC_6F40CE34D294,0.041046878695487975
CC_6F449421B0E8,0.1565047174692154
CC_6F473153196E,0.035812057182192804
CC_6F486CBFD386,0.2826908051967621
CC_6F4A9AB95952,0.09868580251932144
CC_6F4F8B475AD1,0.055696622282266614
CC_6F55DEE94996,0.7302411675453186
CC_6F580FFC99D5,0.17066607475280762
CC_6F5C53963A4C,0.17507271766662597
CC_6F5C89684419,0.39485777020454405
CC_6F5C8DB2D438,0.14862017035484315
CC_6F5D9DBA205D,0.17234691381454467
CC_6F5F59AAA68E,0.7570748448371887
CC_6F63CE03C83B,0.08560430854558945
CC_6F644BBC7DAE,0.05361656919121742
CC_6F64C2AF7BEA,0.07944251000881195
CC_6F667733B0CF,0.14063969552516936
CC_6F6AA3ADB7CE,0.050294119864702225
CC_6F6B98ABDA80,0.08103792071342468
CC_6F6D66E4E817,0.055696622282266614
CC_6F748B6381C0,0.15956380665302278
CC_6F76DF143430,0.14012925922870637
CC_6F7833427CEF,0.15905226469039918
CC_6F78D885E653,0.2498878836631775
CC_6F802591850B,0.19741449058055877
CC_6F804F449FE1,0.11920231878757477
CC_6F819642D3B0,0.012309148907661438
CC_6F81B8AAB2FC,0.05002385042607784
CC_6F838A13C8F5,0.10351640433073044
CC_6F86DC977977,0.6302115082740783
CC_6F878C919F84,0.41914297342300416
CC_6F8817FF7C5D,0.15599317848682404
CC_6F8D9A027A34,0.10351640284061432
CC_6F8E2C767F62,0.08811959028244018
CC_6F9017844300,0.32574758529663084
CC_6F91F6D4DD3A,0.7822062253952027
CC_6F92FED838F4,0.1999879240989685
CC_6F937E943111,0.037905634939670564
CC_6F93C7CFA7EB,0.5163567066192627
CC_6F96690A4E5D,0.12040597051382065
CC_6F969BB2559C,0.16299412846565248
CC_6F9B6C47D808,0.5738677740097046
CC_6FA1B9573590,0.031096824631094932
CC_6FA1FE657D98,0.1565047174692154
CC_6FA3666A932E,0.7452255129814148
CC_6FA77A51DC9F,0.6841720819473267
CC_6FAADB321DC2,0.07905970513820648
CC_6FAB2BD386B2,0.05823723077774048
CC_6FADEFF9CEF8,0.1265363797545433
CC_6FAE4C784329,0.18515201807022094
CC_6FB0C90BBC75,0.41784456968307493
CC_6FB6C1F547B9,0.6131052494049072
CC_6FB7ACBA9CAE,0.07434680163860322
CC_6FB9912F8E4E,0.11059890240430832
CC_6FBB0BE37C6B,0.27645508050918577
CC_6FBE4E6CD341,0.16642101407051085
CC_6FBFD8F65951,0.14734723269939423
CC_6FC0CDA1E45F,0.5124112010002136
CC_6FC134BB8A05,0.15860555768013002
CC_6FC18F82A532,0.14327245056629181
CC_6FC32134094C,0.15014386773109437
CC_6FC3ECFCF2E0,0.3501524567604065
CC_6FC9C0CD2718,0.07031167149543763
CC_6FC9DB8CD128,0.03867296501994133
CC_6FCDB113F719,0.6446280598640441
CC_6FCEF85771A8,0.3136266767978668
CC_6FCFC4CC0393,0.14912168681621552
CC_6FD3254F11F3,0.048080720007419586
CC_6FD4DA46D18F,0.07123658210039138
CC_6FD60B1552FD,0.08187858611345292
CC_6FD939ABAA06,0.17234691679477693
CC_6FD95DD593BA,0.015642482787370682
CC_6FD9DB98354E,0.14702084809541702
CC_6FDB30626BCE,0.6384581804275513
CC_6FDC65C50975,0.10251508504152299
CC_6FDF03CDD4FF,0.7835091710090637
CC_6FE6C21D1E9A,0.6472155690193176
CC_6FE6E5E900CA,0.08954936265945435
CC_6FE70FA6EAA0,0.0480159617960453
CC_6FE7135BE6CE,0.17630262970924376
CC_6FE72BC2A906,0.5460334420204163
CC_6FEE1D89D55D,0.4234874129295349
CC_6FF03AF08941,0.6856988787651062
CC_6FF2190E9605,0.13550870716571808
CC_6FF64B548373,0.17976011633872985
CC_6FF6CBDA0BDE,0.048015959560871124
CC_6FF70EFADFC2,0.6925209760665894
CC_6FF848364B3F,0.06800309270620346
CC_6FFABFE2C48C,0.15985531210899354
CC_6FFCF51D0517,0.1629941314458847
CC_7001FCB0D011,0.28904380202293395
CC_70035092BB10,0.7463577270507813
CC_700D672479EB,0.22258291840553285
CC_700E0701217C,0.07951972633600235
CC_700FAA8232D3,0.1405529260635376
CC_7011D7B0851E,0.45591755509376525
CC_7013B8BA9159,0.10122396424412727
CC_701442114B87,0.19013353884220124
CC_7014577FF979,0.4142810761928558
CC_7014A84CCEF3,0.14948249161243438
CC_701624FC4B4E,0.06032320335507393
CC_7018615825CA,0.11130668073892594
CC_7018AA1DB649,0.1326021209359169
CC_701C73586F38,0.5125066578388214
CC_701CB89E3912,0.1406824544072151
CC_701EFBD90203,0.10334812998771667
CC_70214EE1BBA0,0.17967002987861633
CC_70221F5E6718,0.3031838834285736
CC_7025B45A2AB4,0.052636624127626416
CC_7025DE3C1081,0.34859699606895445
CC_702A29A687F6,0.09386705160140991
CC_702D0C6DAB28,0.7963335514068604
CC_702FE2011D04,0.0926605612039566
CC_70345F02D0DC,0.1953028678894043
CC_703462C6B77A,0.16179514229297637
CC_7037AB51C352,0.4421297609806061
CC_703A69A00D63,0.13267075270414352
CC_703ED3CF3F53,0.059162279963493346
CC_704075C5A523,0.39475895166397096
CC_7040B6BE6D19,0.10339857488870621
CC_7044917378E3,0.25544343888759613
CC_70454E73F4B8,0.3814918577671051
CC_704637949F40,0.07428919821977616
CC_704659DBF12B,0.10142956376075744
CC_70491F19265C,0.4789043366909027
CC_704CCE985672,0.1464918613433838
CC_7052934EE4FD,0.3705084204673767
CC_7057916A18F7,0.16395237743854524
CC_705D946D5DD3,0.06427552476525307
CC_705EDE2EB5E9,0.16344083845615387
CC_70628F01D184,0.2605155110359192
CC_706590F87F73,0.06831292137503624
CC_70664DC3CDC0,0.2943992972373962
CC_7066DBBC8A1F,0.09482540190219879
CC_7067B7410BFD,0.16299412548542022
CC_706B0C7FA966,0.11291546970605851
CC_707FD7B1BB4C,0.1898825764656067
CC_708725ADEA94,0.13468895256519317
CC_708CFAA499FE,0.7169937491416931
CC_708D72179C87,0.3058834195137024
CC_708E44A9E203,0.17572719752788543
CC_7090EB20CADF,0.14532986879348755
CC_70930A260B94,0.12352271825075149
CC_70937720B3D3,0.08829935044050216
CC_70962C576615,0.6465604186058045
CC_709761099BF3,0.8268583178520202
CC_709B16F08328,0.7458471298217774
CC_709B656A3731,0.27986417412757875
CC_70A5031978AD,0.08006270676851272
CC_70AD212D013F,0.03125615417957306
CC_70AE2F39A0AB,0.1716924399137497
CC_70AED8B49D09,0.08282863050699234
CC_70B27966ACBF,0.7433411478996277
CC_70B8BAFB621D,0.256373530626297
CC_70BE645B7A5C,0.03334973081946373
CC_70BEDDDEC34D,0.016153846681118012
CC_70BF2596BE09,0.5422035694122315
CC_70C199A93FA2,0.043836605921387675
CC_70C68157C827,0.07975599318742752
CC_70CFDE0E2707,0.1574629694223404
CC_70D25B84FE5F,0.18903386890888213
CC_70D31F27BAB3,0.31206833720207217
CC_70D3C8AF15D2,0.05707630962133407
CC_70D57752B3DF,0.6457394599914551
CC_70E3173D948C,0.09266056269407272
CC_70E3466FBBA4,0.2935424089431763
CC_70ED82C6AFDE,0.06860859245061875
CC_70EEA83F27AD,0.06679596975445748
CC_70F0EE8D69F6,0.015850816294550894
CC_70F668032F6A,0.0726147711277008
CC_70F7C0501B92,0.46514365673065183
CC_70FBDBDDC2DA,0.16344083845615387
CC_70FD6520E48E,0.3705084204673767
CC_71058D189805,0.08888421803712845
CC_710642FFD95D,0.19943686425685883
CC_710A65A33895,0.19753828644752502
CC_710C598116B0,0.49107365012168885
CC_710F3E623A74,0.06442317068576812
CC_711042AB5534,0.1156950369477272
CC_71132DBF492F,0.21079533100128173
CC_7113F0DEE9F6,0.09798608869314193
CC_71161F8EC238,0.5650440931320191
CC_7118852483F1,0.11173787117004394
CC_711AC37F1D5A,0.0655642606317997
CC_711E2DE1D512,0.1040726751089096
CC_7120A01BA38D,0.08647039234638214
CC_71252D9D5389,0.27713524699211123
CC_712A0768D512,0.4178445637226105
CC_712B09D37522,0.04775351285934448
CC_712CEF828ACD,0.11743569821119308
CC_712EFDDC8F76,0.15650471448898315
CC_7132564FFAFE,0.14797910004854203
CC_7136E77877CA,0.08224126249551773
CC_713D4E47BB94,0.06405787616968155
CC_713DE784F4EB,0.24145036339759826
CC_7140067D83C5,0.3917027533054352
CC_71407E3597BD,0.08554670214653015
CC_7141A7E02150,0.1559931755065918
CC_71438B55AB64,0.07244370430707932
CC_7143C117A541,0.078951745480299
CC_7144D344845D,0.4066429674625397
CC_71456D7BB15B,0.07275822758674622
CC_7149D13DA449,0.2757755607366562
CC_7152820721A2,0.38083361089229584
CC_71543C33E402,0.8999480366706848
CC_7155EBB065A5,0.06129722818732262
CC_71579E6A8F2A,0.10431206077337266
CC_715F9A700E90,0.10046378821134568
CC_716270439D20,0.21668141186237336
CC_7165CF007ED5,0.4344708561897278
CC_71667FFBF793,0.14702084809541702
CC_716893AAB4BB,0.16395237445831298
CC_716C1EA3AF99,0.06013630628585816
CC_71717566BFB2,0.07739590853452682
CC_7178E9DBF194,0.08585653156042099
CC_717EE6BEFDE4,0.07739590853452682
CC_717F33D0F559,0.18533628582954406
CC_718213B89BCF,0.053354120999574664
CC_71845E889975,0.06555227488279343
CC_71847482F521,0.10251508504152299
CC_7184BDC51437,0.6045170426368713
CC_71851405D596,0.17138866186141968
CC_7187D19F6EA2,0.49187825322151185
CC_7189BE364CD7,0.5374842047691345
CC_719022FBB86C,0.2899941921234131
CC_719257A082C1,0.6649955153465271
CC_719A5398F43F,0.06420439630746841
CC_719D0B95C139,0.06800309270620346
CC_719DE1B4952C,0.1405529260635376
CC_719EC7F80791,0.2631023466587067
CC_71A5E64518FA,0.06032320335507393
CC_71A7F34F8BC7,0.2883636295795441
CC_71A95B3B8879,0.1266164228320122
CC_71A9C8992534,0.07456396594643593
CC_71AE60F778E1,0.12894635647535324
CC_71B0A6BD2225,0.5452844083309174
CC_71B25CF4BEEC,0.4492785632610321
CC_71B4BBD24100,0.11538616120815277
CC_71B6B0F6F158,0.06405787467956543
CC_71B7981218C3,0.0411116361618042
CC_71B8C9B5DE24,0.7234844326972961
CC_71B97387D463,0.11117489635944366
CC_71C0AE51AF80,0.06158251985907555
CC_71C0B9E76FA4,0.15860555768013002
CC_71C2E1B7391B,0.18560535013675689
CC_71C8F520E3A9,0.061297230422496796
CC_71CCBEF2D420,0.0836023822426796
CC_71CCDD962EDD,0.17507271766662597
CC_71CEFD39AD0B,0.18573383390903472
CC_71D0743372CE,0.15746296644210817
CC_71D2B9ED7923,0.11353948265314102
CC_71D75F6FCB4D,0.3542893767356873
CC_71DA512F92DA,0.0843395784497261
CC_71E0D60FCC86,0.10668525397777558
CC_71E6A7DEBE53,0.0092788465321064
CC_71EB1484F33C,0.012820512801408768
CC_71EF5DE2015B,0.2638812601566315
CC_71F014546391,0.5929844379425049
CC_71F2D673B052,0.07019667997956276
CC_71F377A5B0E7,0.39920220375061033
CC_71F83F37BA3B,0.10958621799945831
CC_71F8634E1CCE,0.10155115276575089
CC_71F880C897A3,0.17234691083431244
CC_71F8F9570E91,0.15599317848682404
CC_71FE463377E4,0.09849853813648224
CC_7201F3E59278,0.7457625150680542
CC_720484026ED6,0.16460684537887574
CC_720636B23667,0.690928840637207
CC_720743C9B2C6,0.1535102590918541
CC_72074CA2AF1E,0.20589810907840728
CC_720EEC7DA729,0.026611058786511422
CC_720F86670142,0.09599443525075912
CC_720FD4FE6D12,0.09144894927740096
CC_7212DAE9D48A,0.14012925922870637
CC_721378401C2C,0.2945993661880493
CC_72192CF7A8EF,0.09787332266569138
CC_721E4E7E295E,0.19875772893428803
CC_7220BDEAFE36,0.07042691558599472
CC_7220EABD2D26,0.11468257308006287
CC_722128C4B26A,0.1905352234840393
CC_72220F0857D7,0.11666872203350068
CC_72250776D2BF,0.17073419094085693
CC_7227D7752768,0.33957656621932986
CC_72310A84BF95,0.7407545685768128
CC_723215556F1A,0.06129722818732262
CC_7233B3EE8C9F,0.13378697037696838
CC_723B23D721A4,0.9353271961212158
CC_723B30E93028,0.1586046576499939
CC_723BA8294C47,0.1414874792098999
CC_723DAB9D2037,0.1760067492723465
CC_723F650E0EB1,0.17905878126621247
CC_7240E8D19BCF,0.19081660211086274
CC_7248EFE3E6FE,0.08311062753200531
CC_724ECCCA1ECA,0.19886952340602876
CC_725491B2E717,0.016444650199264287
CC_7254BA25E935,0.0756053775548935
CC_72608D514A63,0.04371379688382149
CC_72627D53AD7D,0.14346930086612703
CC_7263CA86CEE0,0.056377215683460234
CC_7263D9D68CB8,0.2889788746833801
CC_72644954BD47,0.03515925426036119
CC_726453717B0D,0.6810293674468995
CC_72660AA2766F,0.1540218025445938
CC_726BABDFAD59,0.19428805708885194
CC_726BD2FCCEB1,0.02451748326420784
CC_726DA0BD446D,0.5973268568515777
CC_7272365A030C,0.5477878332138062
CC_7272908DB5EE,0.1716924399137497
CC_727506DAB9ED,0.04487471878528595
CC_7275121FB49E,0.01615384630858898
CC_7275E868E5D1,0.08006270527839661
CC_727C3199073C,0.15905227065086364
CC_7284300BA410,0.30277984142303466
CC_728499B6419A,0.11353948712348938
CC_728907594C2E,0.13457098007202148
CC_728BE2D4B653,0.45311320424079893
CC_728BEBECE959,0.26334214210510254
CC_72911427B140,0.046855039149522784
CC_729511DAC39D,0.10288826227188111
CC_72971B6C943E,0.14055292010307313
CC_7297304989F8,0.21357710063457488
CC_72988E7B3F1E,0.18149217665195466
CC_72990BCF575A,0.06129722967743874
CC_729C779F050C,0.14526877999305726
CC_72A17EDDFDBE,0.14055292010307313
CC_72A216E69746,0.051662597060203555
CC_72A372ABEF72,0.7519822835922241
CC_72A5DE2D95DE,0.10167441964149475
CC_72A68A9C5308,0.016153845936059952
CC_72A7338CE31A,0.1565047174692154
CC_72A8A69A836C,0.12850159108638765
CC_72A8BDF8966A,0.35678117275238036
CC_72B00FE093EE,0.14108202159404754
CC_72B04CE3905E,0.08743240535259247
CC_72B1183AA636,0.37011815905570983
CC_72C000CA77F2,0.05263662487268448
CC_72C008D593DD,0.17971325516700745
CC_72C22160AC20,0.1155789390206337
CC_72C4AB28C057,0.11930032074451447
CC_72C93D22367B,0.11822335720062256
CC_72D24852BBDA,0.1257938027381897
CC_72D2FDF8EE9E,0.12105261981487274
CC_72D8FE817E68,0.09388033300638199
CC_72D90C81B97C,0.7363306403160095
CC_72D9234A3691,0.046855039149522784
CC_72DA0C4D9F50,0.7380088567733765
CC_72DC50FAA69C,0.14346930086612703
CC_72E93409D10A,0.17898092567920684
CC_72E99BF04CB6,0.6896138548851013
CC_72E9E6F17C3C,0.6627434968948365
CC_72EB0FF655CA,0.645739471912384
CC_72EDF54A4FDE,0.09291640371084213
CC_72EE74428267,0.1493896484375
CC_72F5EA30A87D,0.05050167515873909
CC_72F6213280BD,0.15211804509162902
CC_72F7B4B18C6E,0.13291871398687363
CC_72F901EA4FDA,0.14734723269939423
CC_72FB87E6D3A9,0.5527232050895691
CC_72FC3AEE2704,0.06405787467956543
CC_72FEF68678DC,0.10314748585224151
CC_7303D5B9C5FB,0.22210170030593873
CC_7308D6A37A5C,0.11957195103168487
CC_730ECFE46D86,0.188381227850914
CC_730F09DC987B,0.11528112888336181
CC_7310BA3BD485,0.16299412846565248
CC_73117FE4AFB9,0.07155110388994217
CC_731302C10CD3,0.03307946063578129
CC_731460E0F3DD,0.3609969258308411
CC_7318034A8F89,0.10991260409355164
CC_7319522C28F4,0.35765191316604616
CC_731990EA0123,0.15415133237838746
CC_731A49B8BD74,0.7222701430320739
CC_731F7C539215,0.0763945922255516
CC_73204A446507,0.07463775053620339
CC_732F34B1A9AF,0.14346930086612703
CC_732FD61B5E20,0.08603350669145585
CC_7332F871673F,0.167332661151886
CC_73348DDF3941,0.1340422362089157
CC_73350B4B782B,0.29459935426712036
CC_7336A7F85243,0.3394737482070923
CC_7338D7AEE155,0.1140236347913742
CC_733A38B437D4,0.06129723116755485
CC_733B7F16D286,0.020198387280106544
CC_733E8B9F9AE7,0.07662930488586425
CC_733F59F54A86,0.7026935458183289
CC_73440A97E746,0.10351640284061432
CC_7348FB28B71D,0.08671394139528274
CC_734973D0A1AC,0.6472155570983886
CC_734B5BC60218,0.06129722967743874
CC_735028581015,0.18434647619724273
CC_735207CB45A9,0.2248736798763275
CC_73540016DBF3,0.17776720523834227
CC_73573843EF65,0.10904082357883453
CC_73575F53527D,0.4789043366909027
CC_7359CC1033E5,0.1184405505657196
CC_735BF5D70D15,0.07549162656068802
CC_735D95259F29,0.10377618968486786
CC_73617CBFC95C,0.20558769404888153
CC_7362463E3F01,0.2351633757352829
CC_7364AF94A4E0,0.3947936356067657
CC_73668048D3E9,0.009278846159577369
CC_7366D4F1C409,0.06129722818732262
CC_736BB4EAA2B0,0.16163704097270964
CC_736C5B90E7C8,0.12910913825035095
CC_736F5902A3B8,0.4825588345527649
CC_73707F79F8CA,0.1431429162621498
CC_7370B9B0009F,0.18007305562496184
CC_7370C9EA2D49,0.13337853997945787
CC_73785108A639,0.15860466063022613
CC_737868D99F09,0.15599317848682404
CC_737EBA230FDF,0.1942284345626831
CC_7380B9F41D7B,0.2574806779623032
CC_738A3FC70F3A,0.26900070905685425
CC_738B782A9BC8,0.1624825894832611
CC_738F2628C6FA,0.1586046576499939
CC_738F7422A932,0.15421608984470367
CC_73959FC1322C,0.7519822716712952
CC_7396054B7A64,0.4421297609806061
CC_7396E9A18B25,0.2543685078620911
CC_73990B309C21,0.01564248204231262
CC_739A873AC1CA,0.17073418498039244
CC_739B6D8C84B1,0.3705084264278412
CC_739B9A9B9364,0.1140764370560646
CC_739D3F67A3F8,0.26196460127830506
CC_739DC64A0A85,0.0793180413544178
CC_739FCA17D595,0.18069413900375367
CC_73A0770FD990,0.09224460572004319
CC_73A0AE1D27EC,0.18225112557411194
CC_73A3AC053841,0.13752334117889403
CC_73A7195222A4,0.7620827913284302
CC_73A83D099950,0.2687152802944183
CC_73A85D76C0F1,0.15262678265571594
CC_73AAB6C7DDD4,0.43787511587142947
CC_73AB6D3A0D44,0.6450843334197998
CC_73AD259C36C8,0.1833730846643448
CC_73B008C32E66,0.6091025710105896
CC_73B602EACE08,0.09402974545955659
CC_73B93DCE29E1,0.1239463821053505
CC_73BE0F7D2503,0.9188035130500793
CC_73C0FBFB87A4,0.24209832549095153
CC_73C31728E9F7,0.10958622097969055
CC_73C5892C10C4,0.19004814326763153
CC_73C646CAB298,0.32715182304382323
CC_73C6DE4837DE,0.09693294763565063
CC_73C833009177,0.6035235404968262
CC_73C88B74E97F,0.16344083845615387
CC_73C8BCA2C31A,0.11098235696554185
CC_73C914C1495A,0.1356766328215599
CC_73C99848AFFE,0.49688286781311036
CC_73CB1BAC1991,0.12967173308134078
CC_73CC7EF46B78,0.2486002504825592
CC_73CEE9AC086C,0.6680396914482116
CC_73CF09E82ACA,0.4421297609806061
CC_73D8CB1FC6F5,0.19530287086963655
CC_73DA243FF5DB,0.16299412548542022
CC_73DCD5C5CC95,0.15599317848682404
CC_73DE7D63A964,0.15122503340244292
CC_73DEBA8A8057,0.10255247354507446
CC_73E0E35D9524,0.8405452013015747
CC_73E2BC9DBD1C,0.05166259780526161
CC_73E59CA68C87,0.19136917293071748
CC_73ED5FF4A9AC,0.04104687795042992
CC_73EEC820F370,0.671092402935028
CC_73EF36B5BD9B,0.11624506115913391
CC_73F073699CBF,0.12462883591651916
CC_73F2E1EDFF3F,0.15746296644210817
CC_73F3C66E3331,0.09922777861356735
CC_73F4D6C8E3EE,0.12953623086214067
CC_73F7B5A1EA5A,0.17507272064685822
CC_73F9653D5295,0.1716924339532852
CC_73FE7C590B6C,0.13280599117279052
CC_73FFD3E43959,0.21294754147529601
CC_740261687A52,0.08317390829324722
CC_7405293AC2C2,0.727836263179779
CC_740AD2817106,0.04342974275350571
CC_740B50645099,0.02289251796901226
CC_74113163318E,0.07016515135765075
CC_74117781CD22,0.7620827913284302
CC_74124E7B9AB9,0.10146871358156204
CC_7415D0F5C976,0.36701738834381104
CC_7417D6D0E13D,0.1702226519584656
CC_741924B36949,0.15014386773109437
CC_741B787A6955,0.01918414980173111
CC_741E11EC830F,0.15211524665355683
CC_7420CCFBA5A8,0.276308074593544
CC_7421E5DFBD85,0.18903387188911439
CC_7423774937FD,0.061297230422496796
CC_74292D2A27B9,0.048015961050987245
CC_743B4A204799,0.7620827794075012
CC_74412A3D8A53,0.05050167441368103
CC_74421A6937B9,0.33206268548965456
CC_7448501B3A27,0.5286971271038056
CC_7448FB8BF8F4,0.06405787467956543
CC_74493667E33C,0.32730443477630616
CC_744A3E7741B7,0.17572719156742095
CC_744CC52AC57E,0.49107365012168885
CC_744E6A3DD063,0.7452518939971924
CC_745098D07F81,0.020975816622376443
CC_7450DE5CB6BA,0.07346774712204933
CC_745169388F78,0.1624825894832611
CC_7453412FCB1C,0.11950953304767609
CC_7457398EA077,0.05845726877450943
CC_745774475025,0.12565249353647232
CC_745CEA8506F5,0.055696622282266614
CC_745D694707A0,0.12352271974086762
CC_745DB0437387,0.8389056324958801
CC_7460571CFB84,0.041046877205371854
CC_74625769DFBE,0.2019980728626251
CC_74690AA4D839,0.16299412548542022
CC_746920ECEDD1,0.584271252155304
CC_7469DA4908CC,0.11666872650384903
CC_746E0C2E14CB,0.8219156742095948
CC_746FA04E0166,0.17338990569114685
CC_74701109E0AD,0.15003679245710372
CC_74720001988C,0.15472762584686278
CC_7473A9AF5AA7,0.09144895076751709
CC_747DF4989E23,0.11633289605379105
CC_7481ECFA2EB3,0.18931525349617004
CC_7482349B2827,0.6627434968948365
CC_7485234EB699,0.7786935091018676
CC_74863EFDAF6F,0.11080554127693176
CC_748C352920FC,0.5315973579883575
CC_74944226FDE7,0.04104687795042992
CC_749507553669,0.009278846159577369
CC_7496630FE47F,0.26386340856552126
CC_749706730559,0.697018313407898
CC_74990B119896,0.12394638359546661
CC_749BE1EB5B27,0.08311062753200531
CC_749D35BEF776,0.1494715005159378
CC_749EFE5438E0,0.05823723077774048
CC_749FA145A878,0.6257692337036133
CC_74A5385993B3,0.08939028382301331
CC_74A583E5A398,0.0758029654622078
CC_74A6BD43EEAC,0.07280968129634857
CC_74A7EB40367D,0.18617956936359406
CC_74AEDA3F0A2B,0.14702085554599761
CC_74B32D6E58D6,0.28132752180099485
CC_74B3FB584EFF,0.27122130393981936
CC_74B45446BF3C,0.1244217336177826
CC_74B921BCA877,0.1574629634618759
CC_74C48B2F04C3,0.39920220375061033
CC_74CE421BCC80,0.09596901834011078
CC_74CE822FE0F9,0.17234691381454467
CC_74CF7DE940CC,0.07875321805477142
CC_74D56B7868AE,0.04685503765940666
CC_74E19D228329,0.15053134113550187
CC_74E1F8682D8F,0.6627435088157654
CC_74E3CC3283AB,0.15211524665355683
CC_74E61AC71DAF,0.18041459321975709
CC_74EBE81FEED9,0.07905970513820648
CC_74F1F99DB34D,0.06526500061154365
CC_74F4106869D9,0.044693513214588164
CC_74F5570A9B87,0.2826908051967621
CC_74F692443C78,0.07428919970989227
CC_74F9FE7197EF,0.16395237743854524
CC_74FC37207D3B,0.2055278718471527
CC_75013F8AE022,0.1940026491880417
CC_75041EB0E895,0.6457394599914551
CC_7506270210D8,0.07312352061271668
CC_750AED01B546,0.7741961479187012
CC_75123C22B3CC,0.15599318146705626
CC_75142008F9B5,0.062205002456903455
CC_751975A2A8AE,0.17660641372203828
CC_7522E284A13A,0.06860859096050262
CC_75238B4020E6,0.12951898723840713
CC_7527C57FF36C,0.04476146288216114
CC_752944244318,0.5903176069259644
CC_752A189E5C19,0.25114781856536866
CC_752BC0A1002C,0.5492281138896942
CC_752BDE3A989F,0.6236936688423157
CC_752EB42279FB,0.45591755509376525
CC_752EB7FA76DC,0.15653332471847534
CC_752FB43DE510,0.10255247205495835
CC_75315F9224E8,0.1636485993862152
CC_753890A49D89,0.13247960805892944
CC_753976C3E44E,0.14249464571475984
CC_753F816AFCFC,0.08196229338645936
CC_75408147363A,0.4800902247428894
CC_75436D6E484A,0.1657020002603531
CC_754694D8B58C,0.06442316994071007
CC_7546BE644D35,0.15809401869773865
CC_75503C1546BC,0.17666122317314148
CC_7554A03876CF,0.3119067907333374
CC_755686810F42,0.2994693726301193
CC_7557DED01D95,0.05472259595990181
CC_7558E930BC61,0.7752467513084411
CC_755B5B811458,0.11038187891244888
CC_7560491CB3CF,0.16299412548542022
CC_7563F65D5EF8,0.1657020002603531
CC_75643FE75B19,0.5423423528671265
CC_756B6D38C25A,0.31267871260643004
CC_756C71838329,0.09561008661985397
CC_756CD9BF9519,0.1330847829580307
CC_7571D6BC8D35,0.2968583643436432
CC_757366EB3851,0.21648429632186889
CC_757F38E0D1FF,0.24011218845844268
CC_75805C66D322,0.07019668146967888
CC_7580A4C0154D,0.030985884368419647
CC_7581029AB58D,0.14769437313079833
CC_75836AA41529,0.08744628876447677
CC_758BEAE6FAAC,0.23083075881004333
CC_758C1F1E8C48,0.3031838834285736
CC_7593434EEC05,0.112176214158535
CC_75962314F66C,0.16395237743854524
CC_759A036DEE72,0.0480159617960453
CC_759BE4F26FCB,0.1716924399137497
CC_759E668C117A,0.08274910897016526
CC_759EAD1BD1E1,0.1716924399137497
CC_75A017C6408D,0.27311296463012696
CC_75A6FD4B3CF9,0.0514757014811039
CC_75AABAF7AEA4,0.03790563568472862
CC_75B755891900,0.10907189399003983
CC_75B771EE677B,0.05823723077774048
CC_75B81DBAA1F1,0.717799186706543
CC_75BBB0766E4D,0.09589879214763641
CC_75BD543D05F1,0.16798713207244872
CC_75BD6F075E74,0.7657833695411682
CC_75BDB6153238,0.18069414794445038
CC_75BE39D4D04D,0.15860465466976165
CC_75BE7C09AF96,0.44493411779403685
CC_75C53449D957,0.6026922941207886
CC_75C562414B47,0.16666024625301362
CC_75C93950F1AE,0.04890677854418755
CC_75CCBC0DE001,0.15047025084495544
CC_75D20A8ABA7A,0.29135746955871583
CC_75DDCC22589D,0.03895330168306828
CC_75DE7BF6470E,0.07346774935722351
CC_75E01A79543C,0.10351640433073044
CC_75E21BCFFC22,0.08096097707748413
CC_75E33B027F7C,0.07555490434169769
CC_75E79BCA96A7,0.3406630575656891
CC_75E8D5971B45,0.29618498086929324
CC_75ED3B3959D3,0.47890432476997374
CC_75ED3C769A32,0.1954404056072235
CC_75F232B66237,0.07434607073664665
CC_75F49E9053DA,0.05263662338256836
CC_75F800FCDB9E,0.03554178811609745
CC_75F8523D69AC,0.1791820615530014
CC_75FBFE63EC5E,0.10900856554508209
CC_75FDA73A68E9,0.07306486815214157
CC_75FE20AF1BE6,0.1852213203907013
CC_7601F194310C,0.0612972266972065
CC_7605062B0B94,0.12733203172683716
CC_76050CC6228A,0.07648278176784515
CC_7606B8BFE29C,0.39485777020454405
CC_7607DD0F714A,0.061297228932380675
CC_76087D32BBFF,0.2003708928823471
CC_760B538B6A7D,0.39485777020454405
CC_760E2D6E30E7,0.1565047174692154
CC_760E48AD6228,0.302279657125473
CC_761098F7E57C,0.7407545804977417
CC_7611DE9C93C4,0.09803754240274429
CC_7615ADBF0A44,0.12821355164051057
CC_761DC0D49C10,0.13071488887071608
CC_761F84453931,0.12686276137828828
CC_76260D3CBEB0,0.6671680450439453
CC_7635B8F78D25,0.2189510852098465
CC_7637B6A86F32,0.869340455532074
CC_763918ED9C7B,0.08501021414995194
CC_763C54CE7E30,0.31289106607437134
CC_763DD28FFC0D,0.11428616493940354
CC_763FCB0EB559,0.14952525198459626
CC_764018D2D96B,0.04469351395964623
CC_7640207D6E2F,0.20496054291725158
CC_7643DCE0ACA6,0.15875030159950257
CC_76475041AEB1,0.041046878695487975
CC_7649F10A6261,0.671092414855957
CC_7652973E6EDA,0.7110424280166626
CC_76542009ED59,0.6619498610496521
CC_76551F3BD804,0.15014386773109437
CC_76568A6F635C,0.11624506264925002
CC_76584D2E330C,0.06405787542462349
CC_765B20096A61,0.24172706604003907
CC_765E07BA9969,0.14753238707780839
CC_7660185EF44D,0.1657020002603531
CC_7661C7CD14D9,0.16344083845615387
CC_766455D1D3D0,0.5327782928943634
CC_766471A171D9,0.1565047174692154
CC_766B70DE8370,0.14526877999305726
CC_76708AB37F87,0.19522595405578613
CC_76719373ADBF,0.14478867053985595
CC_76742ED9F408,0.16395237743854524
CC_767660303A7F,0.4679208993911743
CC_76790BD4207C,0.10314748585224151
CC_767DE89F76B9,0.4711582362651825
CC_7682BD98A0E3,0.06442317068576812
CC_768853FB2E53,0.1682666838169098
CC_768B74FFCFBC,0.07885558158159256
CC_768E7D1B0193,0.16520302891731262
CC_7694286E19C3,0.04487471953034401
CC_7697D9D99F00,0.06862426027655602
CC_769AE63C7B91,0.4190869152545929
CC_769AF9EA17C9,0.23035176694393159
CC_769E2EBC893B,0.6282791495323181
CC_76A0608EC3DC,0.17600674629211427
CC_76A3562F9A02,0.23290833830833435
CC_76AAD59B9B87,0.184027561545372
CC_76AD83147C95,0.16469148993492128
CC_76AE30B6449B,0.6103283524513244
CC_76B2A39A46C1,0.0514757014811039
CC_76B41F3CCC53,0.1366494357585907
CC_76B4D26AF9AA,0.30326602458953855
CC_76B56B4EE42D,0.16299412846565248
CC_76B90C1D7082,0.14365445524454118
CC_76B9D93DB39B,0.19919021427631378
CC_76BCF55C269A,0.11852809935808181
CC_76BF199F68DE,0.09505877941846848
CC_76C30BA02BA4,0.10161681771278382
CC_76C7CAB984B3,0.16728579699993135
CC_76CBB90BA659,0.11038187593221664
CC_76D4AE81ED3F,0.08744629174470901
CC_76D5D54ED9FD,0.10990551561117172
CC_76D913979B02,0.06405787542462349
CC_76DD58892058,0.31904796361923216
CC_76E14ED571CE,0.06740146428346634
CC_76E35EC75BE7,0.27692248821258547
CC_76E73F88D60A,0.16299412846565248
CC_76EFF513326F,0.09496770203113555
CC_76F204074848,0.07768990993499755
CC_76F2A6831B65,0.20934028327465057
CC_76F559D8CF25,0.16248259246349334
CC_76F6AF008B6F,0.6472155690193176
CC_76F8D6CCD70C,0.17073419094085693
CC_76FA5ED8C0AC,0.10435875952243805
CC_76FD05C2D4E1,0.284871780872345
CC_76FD7A1236BE,0.10394006669521332
CC_76FF46BA9696,0.10536382198333741
CC_7709F92F521A,0.16666025221347808
CC_770A0580ECC0,0.16364860236644746
CC_770BB54831E9,0.10901066660881042
CC_770BC24EFE8A,0.3934952139854431
CC_770BF659B4C2,0.14174459129571915
CC_770CA29C2CC6,0.14139085114002228
CC_770F334857BC,0.09509096294641495
CC_770F79072F81,0.6472155570983886
CC_770F852F85F1,0.1911896973848343
CC_7713A2D2E4BC,0.2559865236282349
CC_7717FD2D5AB7,0.005827407166361809
CC_77185E6B5117,0.290897935628891
CC_771C100F7D3D,0.07326922118663788
CC_771CE5EF1CA3,0.025652551278471946
CC_771DB4C84C72,0.7969287991523742
CC_7721F80300D3,0.7110424280166626
CC_77240000C4B4,0.08317390382289887
CC_77279B69212A,0.05944435521960258
CC_772CCC0E0030,0.7708340406417846
CC_7732A6F04CF3,0.7758419871330261
CC_77339E51B205,0.731833302974701
CC_7733A03B8E73,0.10855174511671066
CC_77348BAD853C,0.10958622246980668
CC_77375A29B8E1,0.14456038922071457
CC_773903228887,0.11606980860233307
CC_773B0904F93C,0.6190515041351319
CC_774766A0A6BD,0.1129718691110611
CC_774CCBB563C3,0.3329358696937561
CC_774DDF472B19,0.05126814693212509
CC_77534F53FBF7,0.1229773223400116
CC_775A474B0139,0.7042203426361084
CC_775D64EB7ED9,0.22701437771320343
CC_7764FE240C51,0.19444522261619568
CC_7767191FAF1E,0.1404464304447174
CC_776AD12EDA0E,0.16731471419334412
CC_776BF54223DE,0.4789043486118317
CC_776CD68A2ADA,0.5657663345336914
CC_777065F66489,0.13558114171028138
CC_7770BB184369,0.0466842420399189
CC_7770C7113315,0.11824855953454971
CC_7771621ACB9D,0.08294762074947357
CC_77751DCBFFBE,0.19391550421714782
CC_7775BD415A7B,0.0785442441701889
CC_777C994E07B8,0.12394638508558273
CC_777DCBE650D2,0.41914297342300416
CC_777F4E129651,0.7177991747856141
CC_7780812F2CDF,0.14327245056629181
CC_778332023EAF,0.061144398897886275
CC_77898C1FC099,0.2927704811096191
CC_7790BB425891,0.05845726951956749
CC_77911B19E200,0.14597415328025817
CC_77938AD61EA3,0.06740146726369858
CC_779466F6B626,0.09509096294641495
CC_779622EF85F9,0.23571560084819793
CC_779E56178E7B,0.6472155570983886
CC_77A20A8D98D8,0.17502585649490357
CC_77A28B281C31,0.06129722967743874
CC_77A29EB2E715,0.18762945234775544
CC_77A2F936A9A4,0.11694159209728242
CC_77A51F9A6F4D,0.1992048740386963
CC_77A72F42BF53,0.06129722818732262
CC_77A776AD6284,0.16248258650302888
CC_77AA83A12CBD,0.18487245738506317
CC_77AB63EB23DF,0.03736820556223393
CC_77AC2350322C,0.7234843969345093
CC_77ACA8B07B45,0.11196957975625992
CC_77AD03870441,0.08400889486074448
CC_77B3504AEED8,0.0410468764603138
CC_77B6357B6A73,0.06792733669281006
CC_77BAE9AF99EC,0.417844557762146
CC_77BB7E6BE8BB,0.04664748609066009
CC_77BF46AF3859,0.1350696012377739
CC_77BFAA0C00DB,0.06129722818732262
CC_77BFF0177A5D,0.5209093511104583
CC_77C1D0F2228B,0.21353295147418977
CC_77C39BA494B1,0.0680030956864357
CC_77C50FF98FD0,1.0
CC_77C8AB4B72E2,0.2697796285152435
CC_77CE8111BB70,0.9226624846458436
CC_77D4FD72BA4A,0.09399781674146652
CC_77D8EBC1E325,0.16570199728012086
CC_77DCEEAEA600,0.1760067492723465
CC_77DD3F221CE0,0.1431429162621498
CC_77DDB7CC4E17,0.05845726728439331
CC_77DEAAD7675D,0.8335539817810058
CC_77DFEDB03AA7,0.1999133497476578
CC_77E14B07A8C1,0.15860466361045839
CC_77E24E11BDB5,0.7519822835922241
CC_77E9B5117FC4,0.1035164013504982
CC_77F0B575D02E,0.33111472725868224
CC_77F4CFE5D1A2,0.09707766622304917
CC_77F63A695094,0.28836363554000854
CC_77F85AF82CED,0.0959316298365593
CC_77F9BC929379,0.15487297177314757
CC_77FAE55C9677,0.10866883099079132
CC_77FB6525D80A,0.5359073281288147
CC_77FCC5A3CA13,0.7575854539871216
CC_77FE10B20E36,0.2791923224925995
CC_77FE56ACC494,0.15169158279895784
CC_77FF1DD0B75D,0.11708398312330245
CC_78010F5FFDB2,0.08597018867731095
CC_78109C2115AE,0.16299412846565248
CC_78119B4E732C,0.05583453178405762
CC_781373D123F1,0.12431837618350983
CC_78176A2F7CF5,0.058237229287624356
CC_7819EF49AB71,0.08623916506767274
CC_781A24FEFC50,0.10821246951818467
CC_781BDEB35B82,0.06563029438257217
CC_781BDF019374,0.19550400376319885
CC_781F860DDD24,0.030985884368419647
CC_7830E80932B2,0.10038269609212876
CC_7833CD370245,0.1389475330710411
CC_783692068E23,0.10351640284061432
CC_78399E6B7FCA,0.15262678861618043
CC_783A0105A7E7,0.5055097281932831
CC_783C939A8A4C,0.05263662338256836
CC_78439CCEC51B,0.13247960507869722
CC_7844757EE3A0,0.8201751112937927
CC_784496FE87F9,0.27986416816711424
CC_7848D50BA0C9,0.09049421101808548
CC_7849E7EBC389,0.41904416084289553
CC_784F5C232246,0.205587700009346
CC_7850B8814744,0.870427405834198
CC_78510A1F493F,0.47890434265136717
CC_785213184145,0.2807919979095459
CC_785DCE2B695D,0.061488954722881316
CC_785F4C726988,0.040847455337643626
CC_7862CDD1178D,0.11772048771381378
CC_786708471B8A,0.07555392384529114
CC_78673E47CF86,0.07968333661556244
CC_786E9E47580A,0.07880366146564484
CC_7875098A2F10,0.09584408700466156
CC_78768CAF31DC,0.06679596975445748
CC_787A13F44B03,0.2720088005065918
CC_788423D7A203,0.18617957830429077
CC_788A702179CE,0.11741086542606353
CC_788BD5640D04,0.05823723077774048
CC_789686C59325,0.04476146325469017
CC_789978E89FE0,0.028225851804018022
CC_789A5A9064F6,0.13610029518604277
CC_789BD86BF11F,0.690928840637207
CC_789E94797F0A,0.1492512196302414
CC_789F20CF4E5A,0.08187858611345292
CC_789FA66D34B4,0.04357396475970745
CC_78A34DD9924E,0.15211524665355683
CC_78A5A387F20C,0.21262927055358888
CC_78A9BAF1B72F,0.24194762110710144
CC_78B1BC3AA6FD,0.17637984156608583
CC_78B20C57F6EC,0.005423408001661301
CC_78B6483F1716,0.10858490467071533
CC_78BEFEFFF92C,0.061297228932380675
CC_78C03C1DFD15,0.26895245611667634
CC_78C08678177D,0.1283837988972664
CC_78C5409B8B9D,0.1636486053466797
CC_78C6444B4D8D,0.04938212558627129
CC_78C733F222DE,0.15650471448898315
CC_78C7B1B185F8,0.147919861972332
CC_78C80E089F55,0.19938743114471436
CC_78CBD0186A56,0.18309353291988373
CC_78CC72F7F893,0.17572719156742095
CC_78CE12CE774F,0.16395238041877747
CC_78CF1276F439,0.13157779723405838
CC_78D0072BD559,0.11204583197832108
CC_78D40B7E0001,0.05637721419334411
CC_78DA9FB2EB6B,0.08006270527839661
CC_78DC40549336,0.34176316261291506
CC_78E0C6E07478,0.18828428983688356
CC_78E5CA7C2585,0.2243639647960663
CC_78E5DA164A12,0.058674917370080945
CC_78E5DF69BDDD,0.6131052374839783
CC_78E7E719DAA6,0.14628088772296904
CC_78E811BFC652,0.04104687795042992
CC_78EA5BADD8AF,0.19081660211086274
CC_78EC1DADEF0F,0.1956736147403717
CC_78F007052963,0.06032320261001587
CC_78F1B59484BB,0.33733644485473635
CC_78F3A3F11BEF,0.0652649998664856
CC_78F6DA8A6590,0.7222965240478516
CC_78F6E1930261,0.20002361238002778
CC_78FD56EADFF5,0.058728305995464324
CC_78FD8CC3D4EA,0.14398083984851837
CC_79002A7E89B1,0.5883496284484864
CC_790402E398B1,0.10494854152202607
CC_79067F7401F7,0.11714156568050385
CC_790CCAA7B0CD,0.08859462291002274
CC_790D963D77D4,0.24783309698104858
CC_7911633964AC,0.13409494161605834
CC_7914638BFD46,0.12838379740715028
CC_7916DF2ADE9F,0.15262678563594817
CC_791CA1CC32E9,0.23358292281627654
CC_791D1A5BC1DF,0.42967392802238463
CC_7920C5B69EC7,0.15262678563594817
CC_7920D6F4AC0D,0.06405787542462349
CC_79235586C7EB,0.2073444217443466
CC_793229DDD90F,0.7071274518966675
CC_793589C27E1D,0.11772048771381378
CC_793A1AF07F9A,0.809115183353424
CC_793A747B47A8,0.046855039149522784
CC_79426EA563D2,0.16299412846565248
CC_79433ED461BC,0.16733265817165374
CC_7946ADA661EE,0.07280967980623246
CC_79485D003BF5,0.7407545566558837
CC_794AE2B05025,0.05823723152279854
CC_794AF33FDF6A,0.15501852035522462
CC_794CC37E6BC7,0.1039400652050972
CC_79504A76576E,0.1962368905544281
CC_795439388051,0.25520760715007784
CC_795BF882A157,0.6841720819473267
CC_795D5FF1DA24,0.19998792707920074
CC_795E5F16B25F,0.58751300573349
CC_795EA9940909,0.1634408414363861
CC_7962BE7BA95B,0.16299412846565248
CC_79652729501D,0.12114854454994202
CC_7967480F85AD,0.7026935338973999
CC_79679E2F7C0C,0.037905634939670564
CC_796B852ADF17,0.07900210171937942
CC_796D5433F03F,0.7407545566558837
CC_796D7E6832A0,0.21417899429798126
CC_797055F5A1CC,0.11155355125665664
CC_79709C41D234,0.11846262663602829
CC_797306AC9262,0.1716924339532852
CC_79733503D857,0.20534470677375793
CC_7978F00AD4E5,0.6830171585083008
CC_798223AF546A,0.09993687123060227
CC_7983E3430B99,0.06885735914111138
CC_798664E81259,0.6100604653358459
CC_79869CCA9414,0.15211524367332457
CC_798FC91284D1,0.1431429162621498
CC_799095EAADE4,0.2996674656867981
CC_799203D25EBC,0.15911619663238524
CC_7992A1BC1755,0.07854424268007279
CC_79931E4D7D8B,0.34938052892684934
CC_7993F1B2F4C9,0.20860739350318908
CC_7996C41EA22A,0.09048502296209335
CC_799B014DCC41,0.15211524665355683
CC_799BECFA2B05,0.727304470539093
CC_799ED26CDD3F,0.4421297550201416
CC_79A158862745,0.0799003705382347
CC_79A1A4DB704F,0.5098273813724518
CC_79A6D8BD96A2,0.04229913502931595
CC_79A71A21500A,0.6054915189743042
CC_79A88097A81C,0.041046878695487975
CC_79AC7FEEAC81,0.09707766622304917
CC_79AD684316BF,0.671092402935028
CC_79B1EF3B154E,0.7463577508926391
CC_79B222892FCB,0.14327245056629181
CC_79BB9408D389,0.06123097613453865
CC_79C0C8FBA9D6,0.0886522263288498
CC_79C250C88F83,0.06405787616968155
CC_79C5046F6E7A,0.2119447559118271
CC_79C6B44005E2,0.6446280717849732
CC_79C861E35F91,0.21524891555309295
CC_79C9B3459852,0.06990996152162551
CC_79CDCAB6447C,0.14475723803043367
CC_79D22B4B36CE,0.26941896677017213
CC_79D25EFB0E2B,0.06148895248770714
CC_79D2A5E828B6,0.052636624127626416
CC_79D51B427AB2,0.1841843158006668
CC_79D77859453A,0.0290733877569437
CC_79D9CFE27A48,0.4531131982803345
CC_79DE7F658F49,0.3180389583110809
CC_79DF83F78D32,0.975
CC_79DFB9B07A8B,0.14734722971916198
CC_79E1CF345486,0.015642482787370682
CC_79E2A6041B0B,0.15599317848682404
CC_79E33CF583C1,0.2074865072965622
CC_79E3F809CC15,0.13522546142339706
CC_79E73D8EC073,0.07549632489681243
CC_79EB6EC324CD,0.10235239565372467
CC_79ECBEE287AE,0.14455346912145614
CC_79EEE1EFBBA0,0.07244370132684708
CC_79F7D864EE33,0.46792090535163877
CC_79FA8690AFFB,0.16364860236644746
CC_7A07A033899B,0.16682112216949463
CC_7A0CFB9EA5DE,0.07456396594643593
CC_7A0DE7C21CCC,0.06405787542462349
CC_7A0E0A118FBA,0.6257692337036133
CC_7A130A86E1FE,0.13405944108963014
CC_7A139260E925,0.8521920919418335
CC_7A13B98B1394,0.3211365520954132
CC_7A164FB665FC,0.068770781904459
CC_7A207150D67D,0.15860555768013002
CC_7A20DFD09504,0.04309861734509468
CC_7A23774E851F,0.169654044508934
CC_7A239068F94C,0.3704096138477325
CC_7A262D1F1874,0.10394006669521332
CC_7A279DCAD395,0.05845726802945137
CC_7A2A294B33F2,0.04096741676330566
CC_7A2C8C837D15,0.051475700736045835
CC_7A32F52EF80A,0.1266164243221283
CC_7A349E5FFD12,0.14944807291030884
CC_7A3504AFB302,0.6812649607658386
CC_7A369D37D6C0,0.15695142447948457
CC_7A36F63AFB85,0.11729682236909866
CC_7A39798FA320,0.06702906861901284
CC_7A3DB02CE66A,0.2805300772190094
CC_7A3E2690A049,0.051662597060203555
CC_7A3EA5635835,0.5748658955097199
CC_7A44E01FC5C6,0.11185730397701263
CC_7A4A2A077905,0.18337308764457702
CC_7A4A31162706,0.1473085731267929
CC_7A4C8F85AFD9,0.7407545685768128
CC_7A4CB82DFCEE,0.18059407770633698
CC_7A4E72D07C98,0.07211437076330185
CC_7A518DEDA305,0.29177272915840147
CC_7A52414D8378,0.31924666166305543
CC_7A54712FC095,0.370757645368576
CC_7A5495EAECFC,0.15934118628501892
CC_7A5F0BE711DD,0.3705084264278412
CC_7A60F36D8D1B,0.6627435445785522
CC_7A62079FDCB0,0.16395237743854524
CC_7A666B208A59,0.08560430854558945
CC_7A6ABFD973DF,0.04104687795042992
CC_7A6C03E1A70C,0.167332661151886
CC_7A6E605CB25A,0.6512785673141479
CC_7A6F7F029618,0.06250435411930085
CC_7A6FD388748C,0.7094503045082092
CC_7A7212BF92F3,0.11088301837444306
CC_7A73FFC7A94D,0.18293543457984923
CC_7A769E1502EA,0.0881849393248558
CC_7A793BB816E3,0.10293874889612198
CC_7A7A4EE08469,0.139077065885067
CC_7A7A94D65411,0.05453569889068603
CC_7A8094094E48,0.7508550882339478
CC_7A81AA7EFF91,0.26144333481788634
CC_7A8A1CA36F79,0.7870696902275085
CC_7A8F9323180A,0.10038269758224487
CC_7A91CCE0D106,0.015642482787370682
CC_7A9211892C37,0.690928840637207
CC_7A94AEFDF7FB,0.4421297490596771
CC_7A94CDFEEBF3,0.06870283782482148
CC_7A98838E9D2C,0.06129722818732262
CC_7A9B173ACB9E,0.06901030093431473
CC_7A9CDB1FC516,0.13623540103435516
CC_7A9F4E52D720,0.08492650985717773
CC_7AA027D2E854,0.11259987801313401
CC_7AA7DD0778AD,0.07191639840602874
CC_7AB3EE4002B8,0.27533518671989443
CC_7ABA77780139,0.16248258352279663
CC_7ABA7AFA948A,0.011908716894686222
CC_7ABA96ADEBB1,0.7413497805595398
CC_7ABEB07730CA,0.255791637301445
CC_7ABEBB434673,0.12537013739347458
CC_7AC50E981067,0.24734609425067902
CC_7AC7E522EAB8,0.6024885177612305
CC_7AC98D9E8AE3,0.23672518730163575
CC_7AC995228421,0.6046840190887451
CC_7ACA71042EDF,0.04104687944054604
CC_7AD0EE24A90C,0.17966561317443847
CC_7AD2A3C3888C,0.14327245354652404
CC_7AD6820AE34D,0.1166687250137329
CC_7AD7F30FA12E,0.10536382049322128
CC_7AD99E83E3D7,0.5614330649375916
CC_7ADD4E1B53F3,0.13457098007202148
CC_7ADE1531A4DA,0.08644497245550156
CC_7AE0020ABA45,0.1825869172811508
CC_7AE28274BA59,0.15746296644210817
CC_7AE3E542C7A4,0.2257550060749054
CC_7AE465A31D8B,0.7452518939971924
CC_7AED6EC98906,0.18759615123271942
CC_7AF357926673,0.4652825057506561
CC_7AF5720AF0C6,0.10578748732805252
CC_7AFC4B6E7D21,0.7674657940864563
CC_7AFCDBDD6118,0.08498297929763794
CC_7B0A20EABF45,0.06526500061154365
CC_7B0E6E8AA16D,0.08096097707748413
CC_7B14ACEAC066,0.07007090598344803
CC_7B17B75A726D,0.18421798050403596
CC_7B1986F97D56,0.09523568153381348
CC_7B1DC88CF191,0.1471503794193268
CC_7B260F8E992C,0.08975736051797867
CC_7B3785DBC946,0.16248258650302888
CC_7B37D34C4491,0.42348740696907045
CC_7B385ADE5583,0.0960763469338417
CC_7B387DEEEBD4,0.3468966603279114
CC_7B4BD740BDA5,0.1539147228002548
CC_7B4FB904898C,0.31363709568977355
CC_7B511C695B53,0.04104687795042992
CC_7B53E0011646,0.11280917972326279
CC_7B54BB813D19,0.1047357201576233
CC_7B558DDF5B1F,0.16666024923324585
CC_7B60C83472A4,0.3096481263637543
CC_7B63D93C3537,0.16460685431957245
CC_7B63DAB6D493,0.5209093630313874
CC_7B6562AD0782,0.1035164013504982
CC_7B67B6807572,0.14827656447887422
CC_7B6A8C09399B,0.14346930086612703
CC_7B71415C30D4,0.08034214377403259
CC_7B73D42749CB,0.15911619663238524
CC_7B76164AAB07,0.1629941314458847
CC_7B7783C2D708,0.08914899006485939
CC_7B7A0C575735,0.14587604999542236
CC_7B7D09AB2424,0.16395237743854524
CC_7B81B1E86540,0.11198683828115463
CC_7B8DF90568D7,0.7458471298217774
CC_7B952D7492CF,0.07149805277585983
CC_7B963E24B442,0.12415694445371628
CC_7B9B5399EFC9,0.6992777466773987
CC_7B9F1210A664,0.43077918887138367
CC_7BA3FAA97C85,0.17234691679477693
CC_7BA57ACB112F,0.47890435457229613
CC_7BA6D5DC49EE,0.07790835946798325
CC_7BA7B72331D1,0.10351639986038208
CC_7BB085D22312,0.10235239416360856
CC_7BB0D4BA710E,0.26752015948295593
CC_7BB5BE23D550,0.080960975587368
CC_7BB7BFC05D58,0.19349554777145386
CC_7BBCF37BCF9B,0.39485777020454405
CC_7BBEE42475C8,0.8036804080009461
CC_7BC001BD0E42,0.809115195274353
CC_7BC01E968D11,0.7857397675514222
CC_7BC1A8DCDB35,0.15977067053318023
CC_7BC6B0AC8549,0.10065288841724396
CC_7BC7F6883CDF,0.18321498334407807
CC_7BCAA8D56DD8,0.405841201543808
CC_7BCEE5E871E8,0.5135533392429352
CC_7BD155BDAFAB,0.10277913063764572
CC_7BD3CDE63147,0.49509480595588684
CC_7BD47C18AC6A,0.11935420781373977
CC_7BD51BAA3A93,0.10384927242994309
CC_7BD7F53439F9,0.10971575528383255
CC_7BD9566D64DC,0.06442317068576812
CC_7BD9E38A7CBB,0.2531347006559372
CC_7BDC0F551838,0.04872753843665123
CC_7BDF07D204ED,0.0933094710111618
CC_7BE0FBE33AB3,0.12521810233592987
CC_7BE41428C460,0.120310477912426
CC_7BE9CBA62B06,0.032214630395174026
CC_7BEAEE0E0F04,0.6710923910140991
CC_7BF20419194F,0.061297228932380675
CC_7BF37CD98F68,0.6627435207366943
CC_7BF415748214,0.46528249979019165
CC_7BF47F8658E8,0.1987577348947525
CC_7BF5EEFC1916,0.14538910388946533
CC_7BFB38240E74,0.13957826048135757
CC_7BFDC0A3E616,0.2859260648488998
CC_7BFE42336888,0.11250533014535904
CC_7C0087998C20,0.5776572048664093
CC_7C0103B86E90,0.15599317848682404
CC_7C0218F7CB39,0.11148135811090469
CC_7C022CBA838B,0.06877078041434288
CC_7C04C5193EB6,0.39485777616500856
CC_7C0A582A50B4,0.6856894969940186
CC_7C0EB7DD09AB,0.11544940173625946
CC_7C1081941C2D,0.10937958806753159
CC_7C135E0C350C,0.1314535215497017
CC_7C13903C037B,0.2470757007598877
CC_7C14385EE547,0.12394638508558273
CC_7C17680BD38D,0.10900856554508209
CC_7C1922B0A790,0.35696160793304443
CC_7C194A6BE7D2,0.10251508504152299
CC_7C1C4935DD4A,0.23295326828956603
CC_7C1CFDC659AB,0.19943685829639435
CC_7C1FD49B55BE,0.026327006891369818
CC_7C2254833858,0.22848443388938905
CC_7C2296BA2BC0,0.12733203172683716
CC_7C2604C72A30,0.18781855702400208
CC_7C27190E7E8E,0.06573784053325653
CC_7C27E621F26D,0.19349554777145386
CC_7C2CA0CDF6F7,0.11372191905975342
CC_7C2D4308738A,0.1574629694223404
CC_7C30F7A2DD0B,0.14944807291030884
CC_7C340220B3AC,0.13247960805892944
CC_7C3A18C15EB2,0.0824940875172615
CC_7C416C476FB9,0.7339977741241455
CC_7C42C57B3188,0.04136648252606392
CC_7C4691FD5816,0.07428919523954391
CC_7C4B54D9DF41,0.738495123386383
CC_7C4E20F25269,0.1440419301390648
CC_7C4E4B311429,0.15599318146705626
CC_7C53966C65CD,0.06129722818732262
CC_7C56DA052C9F,0.06824329644441604
CC_7C58202C2FF1,0.17169243693351746
CC_7C59FB6318F9,0.651064658164978
CC_7C5B46B5CCAF,0.07626400589942932
CC_7C5C942DA3F9,0.18419718146324157
CC_7C5E009DBB8F,0.1125025987625122
CC_7C5FA072FDC2,0.1586046576499939
CC_7C62A20E8CD5,0.12743539214134217
CC_7C6652DE1142,0.17572719752788543
CC_7C6EE4C6EA69,0.2945993602275848
CC_7C6F5C237B9A,0.2003708839416504
CC_7C7653BB17B2,0.5860256433486939
CC_7C7794933665,0.14066862910985947
CC_7C7829AD46E0,0.11038187593221664
CC_7C79F9A5809E,0.18988257944583892
CC_7C83C07EFC0F,0.19393539428710938
CC_7C83E9232C67,0.2729013621807098
CC_7C83EB0AE1F3,0.11647781133651733
CC_7C8586DA7066,0.16460685431957245
CC_7C88709957D4,0.29909747540950776
CC_7C959962854D,0.09596901834011078
CC_7C970A94D5E2,0.012612179294228554
CC_7C9A6E4EF0BB,0.2235766738653183
CC_7C9CDFB269BC,0.06144374832510948
CC_7CA035F15624,0.28391736149787905
CC_7CA05AA22DCD,0.08744629174470901
CC_7CA4E578DE34,0.14430892914533616
CC_7CA673788D33,0.27275483012199403
CC_7CA73CF2DDA1,0.15530642867088318
CC_7CA85F67B5DC,0.37180855870246887
CC_7CA86004B844,0.1590522676706314
CC_7CABA4EBE62E,0.07899127900600433
CC_7CAF331761BF,0.07989524602890015
CC_7CB08E2F8A78,0.7228283405303955
CC_7CB1413ECF02,0.14184847176074983
CC_7CB17532D3E5,0.11963316351175309
CC_7CB1E74A7C9E,0.039715158939361575
CC_7CB2C50185F4,0.3349261492490768
CC_7CBA90806C84,0.21077320873737335
CC_7CBED6EA85D3,0.11745462119579315
CC_7CC0C7C9692D,0.11117489486932755
CC_7CC1D5B1F8B3,0.0092788465321064
CC_7CC43B47C2B9,0.9264285564422607
CC_7CC7C93F94B4,0.09107441753149033
CC_7CCEA6BD51FB,0.23768816888332367
CC_7CD1FA278B26,0.16299412548542022
CC_7CD9EB1DE627,0.06824329495429993
CC_7CDA4323FDF9,0.05624880194664002
CC_7CDF501EA143,0.08579210340976715
CC_7CE09F9E5112,0.0824940875172615
CC_7CE2F784A666,0.33186073899269103
CC_7CE532774012,0.8219156742095948
CC_7CE572CFF953,0.04685503989458084
CC_7CEBFC19191E,0.16395238041877747
CC_7CEE68C9F8C0,0.061297228932380675
CC_7CEFCC809A46,0.12611208707094193
CC_7CF0A2986F18,0.08196229189634323
CC_7CF21E8649DD,0.49107365012168885
CC_7CF240376148,0.09291303008794785
CC_7CF25D8CE0D0,0.17840614020824433
CC_7CF352A56994,0.03004915751516819
CC_7CF35C1C0105,0.04309861734509468
CC_7CF49CD1681B,0.15243925750255585
CC_7CF5B25AB2FC,0.06740146577358246
CC_7CF6E9015D1D,0.22788142859935762
CC_7CFA23EEC2F6,0.08554670214653015
CC_7CFFE9BDA008,0.16364860236644746
CC_7D00DEEC59F7,0.14314291775226592
CC_7D015554F9DE,0.15650471150875092
CC_7D01C35513AF,0.10774423778057099
CC_7D03E3DB7F97,0.6091025471687317
CC_7D1166DB1B08,0.15956381261348723
CC_7D14B47A26F6,0.3948577642440796
CC_7D175B134A53,0.03581205904483795
CC_7D18950A3E46,0.4679209113121033
CC_7D19C2EE9340,0.08644027709960937
CC_7D1B28EDFCDF,0.17234691083431244
CC_7D1F04EB9253,0.7463577389717102
CC_7D1F9D955A8E,0.120310477912426
CC_7D25003DA7CD,0.14012925922870637
CC_7D25757FAD25,0.13258811235427856
CC_7D27BA4650BF,0.1443048506975174
CC_7D2A7462E04D,0.08954026699066162
CC_7D2CA2AA1DFA,0.4931652843952179
CC_7D2D62A88DAA,0.1565047174692154
CC_7D2F50645DC2,0.1634408414363861
CC_7D2FCF929468,0.1716924399137497
CC_7D3036ACBD2B,0.04469351395964623
CC_7D31DE6B0DFA,0.11624506115913391
CC_7D32A09A90DE,0.17004052996635438
CC_7D3AD4DC8018,0.5043288111686707
CC_7D3B7CC40D55,0.1356360360980034
CC_7D4059118027,0.1624825894832611
CC_7D40883593AA,0.13249504715204238
CC_7D42DEEF91C1,0.6231035947799682
CC_7D42E04E1F1F,0.23743882775306702
CC_7D43B6546972,0.19529759585857392
CC_7D447F8BD94A,0.7407545566558837
CC_7D4670E68BE8,0.05726320296525955
CC_7D4728794F2A,0.35070331692695617
CC_7D48EC19C177,0.2277515411376953
CC_7D48FDBC7167,0.1893152564764023
CC_7D4934BBAD6E,0.16299412548542022
CC_7D497B3F745C,0.11988494843244553
CC_7D49E9E16B70,0.2564222067594528
CC_7D4DD8CA7A98,0.10314748287200928
CC_7D546A6ABAB9,0.3395047068595886
CC_7D54843116ED,0.22680943608283996
CC_7D5511B666FC,0.7026935458183289
CC_7D571301DFE9,0.10873430222272873
CC_7D57AE094AFD,0.08859462440013885
CC_7D590B73ACE8,0.061297227442264554
CC_7D5BE48BFFB0,0.3610957384109497
CC_7D5D9ECFB3F9,0.0883963331580162
CC_7D62523AF7E2,0.13247960507869722
CC_7D66D5D4397D,0.039715158939361575
CC_7D7139C9BD88,0.14952525049448012
CC_7D76141DE78D,0.11624506115913391
CC_7D7A03CFF2FA,0.1739095002412796
CC_7D7B0A1FADA7,0.07747281491756439
CC_7D7BF6113AA6,0.1346459373831749
CC_7D7C1FB645A0,0.04371379613876343
CC_7D800171DF2D,0.11619945615530014
CC_7D84B7549390,0.08987953215837478
CC_7D8BE30EFB4B,0.06548264920711518
CC_7D8C41BD0A78,0.07938933745026588
CC_7D8FBA36B367,0.24037872552871703
CC_7D92ED939B40,0.06456969156861306
CC_7D9A08ECBBAC,0.10884029567241668
CC_7D9AB8BC22AA,0.5837663829326629
CC_7D9FB6E456DE,0.6435669302940369
CC_7DA178E7359C,0.09196746945381165
CC_7DA517063F78,0.3595096230506897
CC_7DA92D6AFDF8,0.09682207703590393
CC_7DAAD0F31BBF,0.12611271291971207
CC_7DACEDDFFBE8,0.18488957583904267
CC_7DB2244411B6,0.6484396100044251
CC_7DB4861B64B6,0.14617572724819183
CC_7DB6CEFD6D8D,0.17234691679477693
CC_7DB9DDD3A5DA,0.10958622395992279
CC_7DC1E7D78A79,0.09736170917749405
CC_7DC81FD42428,0.5680471181869506
CC_7DCDED690718,0.540580153465271
CC_7DCF1563DDEE,0.09772860258817673
CC_7DD0D06C1FCA,0.15911619663238524
CC_7DD26C08C4A9,0.7452519059181213
CC_7DD2D78F8679,0.19998792111873626
CC_7DD4A9A6E4AF,0.21134327054023744
CC_7DDEB81434DF,0.12838379591703414
CC_7DE1666FA226,0.06679596677422524
CC_7DE276F50FEA,0.29242339730262756
CC_7DE3E015694D,0.6363650321960449
CC_7DE47E7C522A,0.05867491662502289
CC_7DE488D13623,0.07454597279429435
CC_7DE492115113,0.18434647619724273
CC_7DEA2CB14992,0.16520302891731262
CC_7DEDB3FC8430,0.0904942125082016
CC_7DF31FA7E25B,0.012612179666757584
CC_7DF880F0B595,0.11659330427646637
CC_7E03D7483AB0,0.14224886298179626
CC_7E070A83E0ED,0.4531131863594055
CC_7E0D56F6DC5F,0.07256948053836823
CC_7E0F6CB1DF18,0.5830226063728332
CC_7E1036C6E6D2,0.27533518671989443
CC_7E1227A3D953,0.2055250197649002
CC_7E14D39F9871,0.14734723269939423
CC_7E17A95CB20A,0.14734722673892975
CC_7E19606F94D6,0.10300276428461075
CC_7E1F17A4F69A,0.14810863137245178
CC_7E2122F9329B,0.1565047174692154
CC_7E25CBE1A551,0.06129723116755485
CC_7E284E301DEA,0.18623175024986266
CC_7E29A702C891,0.15809401869773865
CC_7E2F570FB198,0.06046972274780273
CC_7E3383EE989D,0.2945993602275848
CC_7E346F7202A1,0.08006270676851272
CC_7E3482FD7B94,0.16373323798179626
CC_7E35DB5421E4,0.14475603103637696
CC_7E3AB9B91A20,0.2579650342464447
CC_7E3ACC31BEF0,0.054423244297504426
CC_7E3B32BE21E0,0.12157220989465714
CC_7E43DC905EA0,0.16519046127796172
CC_7E459336C5DA,0.2475583016872406
CC_7E49AE22203C,0.05472259595990181
CC_7E4A0A9C9BA2,0.23609477877616883
CC_7E4AD619309B,0.06456969082355499
CC_7E4D42802054,0.0364909753203392
CC_7E504CEA3BFD,0.14327245056629181
CC_7E53F255BFC0,0.006458333507180214
CC_7E55773C6B0A,0.16666024923324585
CC_7E5FBD1D4397,0.16344083845615387
CC_7E615F9E9F8A,0.08006270676851272
CC_7E689BD02410,0.03955954015254974
CC_7E6D7F468412,0.1913724809885025
CC_7E6F9B7EC0D1,0.3119067907333374
CC_7E777040F646,0.0744248941540718
CC_7E77C31C1AFD,0.05047532543540001
CC_7E78B86CA8F1,0.49107364416122434
CC_7E7B0F718150,0.120310477912426
CC_7E7C6A042A66,0.10351640433073044
CC_7E7DFACD8A7F,0.22307606041431427
CC_7E833855F64F,0.1035164013504982
CC_7E83BE9DD2B0,0.08644497096538543
CC_7E84A644B372,0.06588435918092728
CC_7E8701C8B9CC,0.15956380367279052
CC_7E8843266AC7,0.059162279963493346
CC_7E8C32042F5A,0.19459183812141417
CC_7E8CF4407085,0.0510759599506855
CC_7E8FB918C1A7,0.3912942707538605
CC_7E90DD88E9AE,0.5460334479808807
CC_7E982753B8A0,0.11972398310899734
CC_7E989F99D5C1,0.10351640433073044
CC_7EA034EBBE61,0.09693294763565063
CC_7EA0A63EEA55,0.22025079429149627
CC_7EA1F08CC24E,0.1035164013504982
CC_7EA50A141005,0.27311296463012696
CC_7EA6F0BE737C,0.06405787467956543
CC_7EA8C50ED6A5,0.16299412548542022
CC_7EAA539ACA1D,0.3940420985221863
CC_7EAC3181FE4D,0.0864967480301857
CC_7EAE623CD57C,0.1076696127653122
CC_7EB65C09DE9A,0.1363043636083603
CC_7EB8003E5B71,0.18093587160110475
CC_7EB938DD5ABE,0.1569514274597168
CC_7EBB6FAAD4F5,0.27161637246608733
CC_7EBB89621407,0.40584120750427244
CC_7EBCDFEE6B7C,0.26386340856552126
CC_7EBD5B68AC28,0.6671680331230163
CC_7EBDB049C6E1,0.17722156047821044
CC_7EC08A6D726C,0.41928636431694033
CC_7EC09E311414,0.09895002096891403
CC_7EC2C75BCB6E,0.16299412548542022
CC_7EC437260AE2,0.1025150865316391
CC_7EC5241B88F1,0.055696622282266614
CC_7EC7626D9304,0.1559931755065918
CC_7EC7BE95D068,0.09703622460365295
CC_7ECB2C8E558D,0.16299412846565248
CC_7ECE0233A9CC,0.1569514274597168
CC_7ECF7A15CDEF,0.15711935758590698
CC_7ED75B0563BE,0.11560751348733903
CC_7EDA3DD67B5A,0.5269427418708801
CC_7EDA5842C46F,0.13249505311250687
CC_7EDB5227E9EC,0.11040616035461426
CC_7EDB8A8769C4,0.06150969341397285
CC_7EDECA48843E,0.3705084264278412
CC_7EE137A10BD6,0.5586954474449157
CC_7EE3C8409E43,0.27713524699211123
CC_7EE3C9028F86,0.4234874188899994
CC_7EE5450CD4A4,0.0959316298365593
CC_7EE7726B2A9A,0.10251508355140686
CC_7EEE384CC9B5,0.17169244289398194
CC_7EFCB28E21B9,0.3705084204673767
CC_7EFD195DBAB3,0.2945993602275848
CC_7F01355F369D,0.22585273385047913
CC_7F01C4E32DA3,0.10352184027433395
CC_7F0714834945,0.040776607021689414
CC_7F095E66F8F3,0.5596786856651306
CC_7F0E1682BE49,0.058469662070274354
CC_7F11AD1BF565,0.16248258650302888
CC_7F1DFE779C1F,0.42689167857170107
CC_7F1EDA0A89DD,0.4526828110218048
CC_7F209C5C69F0,0.11544940173625946
CC_7F2436F8D3FD,0.0940297469496727
CC_7F2757FFA3E5,0.10958621948957444
CC_7F2A20D2B2EF,0.09521378576755524
CC_7F2D314375CD,0.0667959675192833
CC_7F2EF826695F,0.041046877205371854
CC_7F317AC4D3C0,0.2500703036785126
CC_7F31D17AC29D,0.06099787726998329
CC_7F3515DC0B32,0.6627435088157654
CC_7F35722CA65A,0.1025150865316391
CC_7F3663CCF9AA,0.1431429162621498
CC_7F37BE9DA154,0.05569662302732468
CC_7F3D475140A2,0.16395237445831298
CC_7F40AD64A07E,0.7339977860450745
CC_7F428E9EACC7,0.2839225471019745
CC_7F4883C3E768,0.7323336362838745
CC_7F4C2D3DC678,0.08187858909368514
CC_7F5141ADA63C,0.7620828032493592
CC_7F5305ADACB3,0.07744736224412918
CC_7F54F0A0FEE0,0.14365445524454118
CC_7F5B2B748959,0.42348740100860593
CC_7F5C0649CDC8,0.07075967341661453
CC_7F5C816FF4CD,0.15860556364059447
CC_7F5D145A6A92,0.1624825894832611
CC_7F6100F21562,0.18044614493846894
CC_7F63898D1D4B,0.44493411779403685
CC_7F651C9125C2,0.21427375376224517
CC_7F681AFC0FD2,0.16248258650302888
CC_7F68DBF12692,0.5678487062454224
CC_7F6A19BE3AB9,0.3392062604427338
CC_7F6B645D227E,0.46792090535163877
CC_7F6EBD10FE05,0.11272461563348771
CC_7F710BB6029F,0.09220379143953324
CC_7F72E9BEC608,0.1363043636083603
CC_7F7B0C39A977,0.25749167501926423
CC_7F7EF7B37397,0.20871157348155975
CC_7F8020D844B8,0.3820417523384094
CC_7F835D23CE88,0.10610639750957489
CC_7F83E551B218,0.23316884338855742
CC_7F878C2ECEA4,0.15211524665355683
CC_7F89CC19CA71,0.304763525724411
CC_7F8D9F4E5DD7,0.16923778057098388
CC_7F91ACBF8422,0.11038187593221664
CC_7F9337FBE219,0.07155110388994217
CC_7F94C38741B0,0.17234691381454467
CC_7F966BEA983E,0.21270893812179564
CC_7F9830EBA971,0.8036804080009461
CC_7FA21083FF9A,0.7502598404884339
CC_7FA2F086DA08,0.2044271022081375
CC_7FA4E77F6943,0.6627435088157654
CC_7FA6FA19093A,0.12910913825035095
CC_7FA708F27E6D,0.6619498610496521
CC_7FA82F26A3C8,0.08004796281456947
CC_7FAD77B06D6F,0.12611271142959596
CC_7FB3859D96FB,0.20721582770347596
CC_7FB5F366E42D,0.06713668331503868
CC_7FB8E01C165D,0.49107365012168885
CC_7FB9094A1CBF,0.16395237743854524
CC_7FC0A214662A,0.512506651878357
CC_7FC14DD37133,0.399125736951828
CC_7FC57CFE252A,0.17169244289398194
CC_7FC57FD13303,0.1392739161849022
CC_7FC84EFD9EFB,0.060535666346549985
CC_7FC91F51ED88,0.6404024243354798
CC_7FC9E6A68D10,0.25525363385677335
CC_7FCB0164338B,0.0468550406396389
CC_7FCBC3D755AA,0.2541750431060791
CC_7FCC5BC34328,0.09681512117385864
CC_7FCE535CF8B9,0.06129722818732262
CC_7FCE6EE1D24A,0.0862218275666237
CC_7FD13C3104BB,0.6671680331230163
CC_7FD9B7C393FF,0.07244370579719543
CC_7FDA04C08C57,0.09560927599668503
CC_7FDC17237ABB,0.6487329483032227
CC_7FDED1017471,0.7279817581176757
CC_7FDEF8370FF6,0.17875500321388244
CC_7FE64A537BA3,0.4234874129295349
CC_7FF006AB718E,0.10904082357883453
CC_7FF07D195F7F,0.06013630628585816
CC_7FF249691400,0.10958621948957444
CC_7FF2C44512D1,0.12427276521921157
CC_7FF39B488D74,0.48733593225479127
CC_7FFBD989F191,0.36487674713134766
CC_80049693FD2A,0.025652550533413886
CC_8008D9D9F99E,0.2559865236282349
CC_8018B73F7BE6,0.16666024625301362
CC_801CD79AEDB9,0.14346930086612703
CC_801E4B28D18F,0.10351640284061432
CC_801F49D3C717,0.3190479576587677
CC_8020C7D95AAE,0.16937888860702516
CC_8024958B90B6,0.17169244289398194
CC_802E147F7CA0,0.08647038787603378
CC_802EC342F298,0.06405787616968155
CC_8032B0BFD448,0.160170841217041
CC_8034D25FA589,0.7413497924804687
CC_8035FBC45512,0.08006270974874496
CC_803860B575ED,0.09266056269407272
CC_803ACD5C4708,0.18257190883159638
CC_803BE9BF9BB0,0.125738026201725
CC_803E5AF17274,0.16248258352279663
CC_803EE75F8E70,0.3092925131320953
CC_80449A7E7043,0.20072081685066223
CC_8046A5FCB01E,0.10142956525087357
CC_8046C8E17699,0.193172824382782
CC_804895AB2971,0.1634408414363861
CC_804A7B3ECB28,0.061297230422496796
CC_8050568C0845,0.18405300080776216
CC_8053F274F0CF,0.12619275897741317
CC_805A12FCF7D6,0.1343686208128929
CC_805BC9BB9887,0.09005366861820222
CC_805F6791D4CD,0.06442316994071007
CC_8064FA316A59,0.14854609072208405
CC_80663C90FE52,0.16395237147808076
CC_806A3D14548C,0.06217530742287636
CC_8070D2758ED4,0.09602317586541176
CC_8073256F4AE0,0.21365860998630523
CC_80748CBD06F4,0.4191429793834686
CC_8079546A19B2,0.2132212698459625
CC_80797DE058CE,0.16733265817165374
CC_807B9F02D55D,0.07136235535144805
CC_807CD4C6962E,0.05006770044565201
CC_807F815BF916,0.1634408414363861
CC_8081146154FC,0.1157757893204689
CC_80845D401D4C,0.0855721190571785
CC_8084B67F0989,0.16131253242492677
CC_8085881394F9,0.06129722818732262
CC_80864B8AFCAD,0.06032320335507393
CC_80892DCBB821,0.28724374771118166
CC_8089F641AD55,0.11743569821119308
CC_808E2E9F135D,0.18341704607009887
CC_8092994EAB58,0.05823723077774048
CC_8093D5827DDA,0.09707766622304917
CC_80973AA0D771,0.13395097851753235
CC_809795E4FEA3,0.11925871819257736
CC_8098627224D5,0.6536321043968201
CC_8098BE047A36,0.1624825894832611
CC_809BF70567ED,0.14436594098806382
CC_809D2F4CEB66,0.025652550533413886
CC_809E0C0369E6,0.26500115394592283
CC_809E148E215C,0.08022508621215821
CC_80A00159EC4C,0.671092402935028
CC_80A3E703A05E,0.13519913405179979
CC_80A673C7F619,0.34802687764167783
CC_80AC3E821EEC,0.07549162656068802
CC_80AED316AFD1,0.20846278369426727
CC_80AFC763C66E,0.18918123841285706
CC_80B0063340B2,0.3106386035680771
CC_80B0EE947298,0.101551154255867
CC_80B104DF00B8,0.15911619663238524
CC_80B301266F21,0.19595730006694795
CC_80B32EED2C79,0.06420439779758454
CC_80B63458AEEE,0.052636624127626416
CC_80B77981C0E8,0.2713674664497375
CC_80B88677EE5A,0.7508550882339478
CC_80B9F2F454BA,0.1386626273393631
CC_80BA37304E5F,0.7562767624855041
CC_80BBF83A986F,0.25695941150188445
CC_80C812F8F41B,0.34814040660858153
CC_80C9BE31077D,0.12649766206741334
CC_80CBEE89AE98,0.11908928900957108
CC_80D33E45C82F,0.717799186706543
CC_80D495DCECD2,0.22995950281620026
CC_80D855B63268,0.22172505557537078
CC_80D90BAF3FCD,0.12699776142835617
CC_80E0EFE21833,0.2318583071231842
CC_80E31CDA427F,0.06442204192280769
CC_80EC5AD6F917,0.060997876524925235
CC_80EFC70F5DA3,0.09787332266569138
CC_80EFD078D0B7,0.3365645170211792
CC_80F26EFCF8BF,0.1790587842464447
CC_80F565D1A985,0.18083770275115968
CC_80F628074B58,0.056676565855741504
CC_80FEA638CFCB,0.14910158962011338
CC_80FFBE226BCA,0.5598015785217285
CC_810806BBBF03,0.04479974582791328
CC_8108EBEFF33B,0.7452255129814148
CC_81108FA9AA59,0.2358948051929474
CC_811145633615,0.10032218545675278
CC_81124E3126CE,0.17600674629211427
CC_811342C6B3B8,0.23034245669841766
CC_811FABF47646,0.25587640404701234
CC_812302A472AB,0.29513847827911377
CC_8124F3A93151,0.08405365496873855
CC_812A978A99F7,0.47890434265136717
CC_812E82DB72E6,0.09651745110750198
CC_81300037B7F5,0.10966162383556366
CC_8131E0A7EAD7,0.08096097856760025
CC_8133629D7AA4,0.11721764355897904
CC_81348A46999B,0.7708340525627136
CC_8138AB6A817B,0.12967173904180526
CC_81394153D68F,0.3309054672718048
CC_813991A8E98A,0.10351640284061432
CC_81399EAA5F81,0.06999758109450341
CC_814224167666,0.6282791495323181
CC_814442A6B4F5,0.0948254033923149
CC_8147468B6511,0.15994318723678588
CC_8147EB63F4B5,0.23034245669841766
CC_8148826E388F,0.14734723567962646
CC_814CC0711E2C,0.15809401571750642
CC_81500D788784,0.08559961169958115
CC_81515A5E4B09,0.055696622282266614
CC_8153F4FD1399,0.47890433073043825
CC_8155689D2578,0.5879579901695251
CC_81559928DE06,0.16751073598861693
CC_815692CCC3EA,0.40584121346473695
CC_8157A2EBEEE4,0.08400889635086059
CC_815EDE57757D,0.15211524665355683
CC_8167D39172F3,0.205476838350296
CC_81729FA3F7ED,0.11136895269155503
CC_817393EC4CE4,0.04615861549973488
CC_81747B22BECF,0.26941896677017213
CC_817604F0BA47,0.11637459546327591
CC_8176ABD82B21,0.1197778731584549
CC_817A2E67F841,0.08006270527839661
CC_817DDA761DFD,0.17934016585350038
CC_81811029DB16,0.975
CC_81873180C1E4,0.14304563403129578
CC_8188077BCB45,0.09198845773935319
CC_81893FCA78C9,0.1629941314458847
CC_818D53E1EA71,0.5830226421356202
CC_818F6F3A96AE,0.3223037600517273
CC_818FD8C26684,0.1996024250984192
CC_8191557EE7CD,0.5525111854076385
CC_8196085184A4,0.057076307386159895
CC_819749F2D38C,0.3126787066459656
CC_819FBFF1AE70,0.15169158279895784
CC_81A0293CE59B,0.06032319962978363
CC_81A06F096871,0.20339975953102113
CC_81A6AD7422DE,0.06129723116755485
CC_81AA38A9E25D,0.16344083547592164
CC_81B17F3A8102,0.15599317848682404
CC_81B3585D4E14,0.14398083984851837
CC_81B411E3D0A4,0.1392739161849022
CC_81B54CFF9C22,0.07443571835756302
CC_81B5AA80E80A,0.49107364416122434
CC_81B9A6989333,0.5911240458488465
CC_81BB3541722B,0.1559931755065918
CC_81BC632A1A18,0.07648278325796128
CC_81C14C675561,0.11648897379636765
CC_81C24094C926,0.15921258926391602
CC_81C74F60D4F8,0.33192543387413026
CC_81C938374A65,0.04890678003430367
CC_81CB55C4C0DB,0.1048131987452507
CC_81CD43E3C7B7,0.5087415218353272
CC_81CF171DF295,0.14266961216926574
CC_81CF590724FC,0.11544940173625946
CC_81D078A57BA1,0.04991503581404686
CC_81D3792907ED,0.14327245056629181
CC_81D3E644D5BF,0.03230203129351139
CC_81D4A8732846,0.16923778653144836
CC_81D65454D4D9,0.3705084264278412
CC_81D886D0E847,0.30501155853271483
CC_81DA26986976,0.12159841805696488
CC_81E037C20B81,0.1280968025326729
CC_81E0F5ADF9A3,0.671092414855957
CC_81E279325770,0.19118970036506652
CC_81E40887F088,0.07732461243867875
CC_81E5A7C6C6C0,0.10339857637882233
CC_81EB3E88424E,0.05472259670495987
CC_81EE6AAFCF9C,0.0960763469338417
CC_81F74EAAE378,0.11038187742233277
CC_81FFF9A7E895,0.10279613137245178
CC_8205F17ED3D3,0.1534031867980957
CC_820ABA670559,0.14456039369106294
CC_82104AD50FDF,0.223678919672966
CC_8213F978EF06,0.08949289172887802
CC_82188BCB113C,0.10161681622266769
CC_821D50C36B40,0.06420439705252648
CC_822006ABAE34,0.3215318202972412
CC_822215A18B8A,0.17464239597320558
CC_8225547BFA5E,0.15415133237838746
CC_8228E3D8AE3F,0.2397499144077301
CC_822D9738A650,0.10958622246980668
CC_823289FB2D9A,0.7407545566558837
CC_8233B170D3AF,0.12761860638856887
CC_823630D4CDC2,0.05166259780526161
CC_823DED01D8CC,0.10351640433073044
CC_823FBB8C3C8B,0.1773742377758026
CC_8247D60A5F96,0.5687693595886231
CC_8249C026CBE6,0.1253765866160393
CC_824B38B9F0BF,0.11921267360448837
CC_825054DF2B90,0.5545242071151734
CC_8258EAE0E577,0.32715182304382323
CC_8259A723C9FC,0.20934028327465057
CC_825CA7B45116,0.20465367138385773
CC_825DCFCC3B7E,0.2407233625650406
CC_825E32A06369,0.49107363224029543
CC_825FB731B4C9,0.05006770193576813
CC_82603363B9C1,0.05245564579963684
CC_82603551F6DF,0.11803939938545227
CC_8262790FDE07,0.2826908051967621
CC_8262D38AE315,0.17666121423244477
CC_8268316DAB93,0.08826736360788345
CC_8268E8D60C22,0.11557893455028534
CC_826B34C70F1D,0.012612179294228554
CC_8270C716AB3B,0.06032320410013199
CC_82716EA511A2,0.09596901684999466
CC_8274DE6446F4,0.1366494342684746
CC_82758D978087,0.039715158939361575
CC_827A6119DCA7,0.07891416400671006
CC_828909159724,0.18763595819473267
CC_8291DE14646A,0.08501021265983581
CC_82956C38F137,0.5836851000785828
CC_82960E2E1522,0.36954174637794496
CC_82993D89439A,0.1624825894832611
CC_8299FE1245D5,0.32148101925849915
CC_829AB601AE46,0.05166259780526161
CC_829BDD5DC6E5,0.09707766622304917
CC_829E2008C78C,0.10118132382631302
CC_829EB39D3302,0.7556815385818482
CC_82A02889767F,0.15650471448898315
CC_82A6C114ACC5,0.394857782125473
CC_82A7471B08FD,0.30249410271644595
CC_82A75E9BFB26,0.055516570806503296
CC_82A825486EEC,0.1559931755065918
CC_82A9A132E478,0.1431388482451439
CC_82AC0CE03932,0.08810901790857315
CC_82ADFBE46CA8,0.09693294763565063
CC_82AE891DCD65,0.027625295892357828
CC_82B0CB9519B9,0.1586046576499939
CC_82BA1A31A271,0.1559931755065918
CC_82BA3E470DA3,0.2708995223045349
CC_82BB02E95B5B,0.046377216652035716
CC_82BF785694A5,0.10384927093982696
CC_82C07799AAC9,0.5881210327148437
CC_82C37EB7AEF7,0.690928828716278
CC_82C6FE1D5788,0.06099787801504135
CC_82C9699B0788,0.09234163016080857
CC_82CD637D8CF5,0.05420190170407295
CC_82CE707E5457,0.1659616768360138
CC_82D3EC982567,0.39920220971107484
CC_82D5A1900C26,0.08584733903408051
CC_82D6631D4013,0.1440419301390648
CC_82D6830815C6,0.14064079970121385
CC_82DA617E6C45,0.19798181653022767
CC_82E07C3D0C68,0.18767988979816436
CC_82E17C7AE92C,0.4921595096588135
CC_82E7A9BE73EE,0.45872215628623964
CC_82F0F11F2432,0.1565047174692154
CC_82F31A4C63C0,0.08644497245550156
CC_82F62F9543AB,0.16395237743854524
CC_82FA897D2D51,0.47971858978271487
CC_83021F1F5C02,0.06442317068576812
CC_83023FA67021,0.1757271945476532
CC_8303D4D8D697,0.0940297469496727
CC_83074E312228,0.0480159617960453
CC_83078E2EFED6,0.3705084264278412
CC_8308F2A27241,0.05614365451037884
CC_8309473E42A6,0.5191468000411987
CC_830EB4BBE2AA,0.14925122261047363
CC_83128DFCDB8E,0.1996024191379547
CC_8314F0E8649F,0.727241051197052
CC_8317B20114A0,0.17931428253650666
CC_8318806D4FC3,0.21601214706897737
CC_831C5A568BF4,0.15211524665355683
CC_83215AA12E50,0.14944807291030884
CC_8327ABC05D80,0.15599317848682404
CC_832C1C24D405,0.1581809937953949
CC_832C6DC284B8,0.1629941314458847
CC_8334AD4A63EB,0.06442317143082618
CC_83356232937A,0.15650471448898315
CC_8336FAC8BC95,0.13915460407733918
CC_8337C98433A9,0.7177991986274719
CC_833BF65131D5,0.1723469078540802
CC_833F705A5C42,0.09707766771316528
CC_833FE83203D7,0.19281358718872071
CC_834001235455,0.19053522646427154
CC_8340CCFC1262,0.14068245589733125
CC_834489E6A5EF,0.4177804052829742
CC_8349D6A94DCD,0.23599229753017426
CC_834FAFE377C4,0.17507272064685822
CC_8353C5B96A3E,0.1266164243221283
CC_83550EA9CF61,0.23290834426879883
CC_8355A33413A4,0.048015962541103366
CC_8355BE3FCF58,0.15211524665355683
CC_835C2ECE5C47,0.14346930086612703
CC_835D5ED7DDD4,0.5794115781784057
CC_836253426DCD,0.1471503794193268
CC_836357E711FA,0.3828165113925934
CC_8363BE19570B,0.1471503794193268
CC_8366FBCD5550,0.10829743593931199
CC_836D5391F9DF,0.1624825894832611
CC_8372B6A2E609,0.10538924336433411
CC_8375B451EE3A,0.16395238041877747
CC_8377409F502F,0.8649925947189331
CC_8377D1BDD00E,0.0732549749314785
CC_8378825BF450,0.16460684835910797
CC_837A21AE52CF,0.10255247354507446
CC_837C4DCA9DBA,0.1409671813249588
CC_837CC9BC915A,0.1636485993862152
CC_837E243DECA6,0.27266292572021483
CC_8380642A6090,0.03944488875567913
CC_838343457B75,0.05050167515873909
CC_8384E5D53A89,0.09607634842395782
CC_8384F344A9FC,0.08745253533124923
CC_8385EE3D6E34,0.27713524699211123
CC_8388627DE1E2,0.14039217233657836
CC_838A01CF9E5A,0.06032320261001587
CC_838C2F08310D,0.10379842072725295
CC_8396ED5E69A2,0.16395238041877747
CC_83A04E0D23DF,0.6052022099494934
CC_83A11B29B86B,0.16635647416114807
CC_83A3929FFEC8,0.311296409368515
CC_83A3D63D7B74,0.3137164652347565
CC_83A4605EC51D,0.15340318977832795
CC_83A56C2FF006,0.2945993602275848
CC_83AD8B3CADEA,0.6265628695487976
CC_83AD9753C75B,0.17073419094085693
CC_83B0D3E6DF47,0.2560738533735275
CC_83B47B0C69E8,0.22201676666736603
CC_83B865B83005,0.5708647727966308
CC_83B8D5D5C84D,0.09517808109521866
CC_83BA71418C9C,0.22981305420398712
CC_83BCA013FA9F,0.22798074185848236
CC_83BEE4D94392,0.040318815410137175
CC_83C22E9BF224,0.14606703370809554
CC_83C430D8E002,0.16177727580070494
CC_83CAB102591F,0.1904938817024231
CC_83CE379DCF23,0.0799003705382347
CC_83D248E2ADA9,0.13499464392662047
CC_83D3BFFD43E1,0.7668705344200134
CC_83D6C1E67601,0.13676176369190216
CC_83D97572B111,0.07107879221439362
CC_83DF667C00D2,0.1492086634039879
CC_83E29E197566,0.5596786797046661
CC_83E2E0F35394,0.5825925588607788
CC_83E798A1D565,0.17680895328521729
CC_83E9A18D533F,0.10431206077337266
CC_83EFF0E17AF3,0.07434777915477753
CC_83F10D7593CA,0.09402974545955659
CC_83F27BDB40E1,0.342659729719162
CC_83F2B435DA95,0.1090085670351982
CC_83F4CF4CB898,0.16731472313404083
CC_83F557684445,0.5658486843109131
CC_83F643F841F3,0.1431429162621498
CC_83F6F07B536B,0.12619275897741317
CC_83F9BDA0B79E,0.1395782619714737
CC_83FA4F8FA1BD,0.2077775478363037
CC_83FCC4BB67A6,0.19306862950325013
CC_83FD7787C5A9,0.2883636295795441
CC_83FDB8DFEFF6,0.04442324377596378
CC_8400A14E3F6F,0.12806180566549302
CC_8401AF4A1D48,0.04487471878528595
CC_84074F9D8AC7,0.326606810092926
CC_840766403CB6,0.23346307277679443
CC_840774B8AD67,0.05361656695604324
CC_8407D8693370,0.057076307386159895
CC_84087B3A631D,0.18487246036529542
CC_840E3A68C7DC,0.5889256238937378
CC_84104F5A51D1,0.06913607716560363
CC_8410540DCD35,0.08644497245550156
CC_8413B4912A70,0.13679664582014084
CC_8415119A4B69,0.1427192509174347
CC_8417E10149AB,0.09496770054101944
CC_841EE1F6A6A0,0.12937001436948775
CC_8421447CCE63,0.012612179666757584
CC_8422A67A5412,0.1031474843621254
CC_8427CA2934C8,0.06250435337424279
CC_842B4A67D36D,0.07586056739091873
CC_842CD5238CB8,0.07295060083270073
CC_842D2DE0E3C0,0.06136317178606987
CC_84304DF7DE61,0.17488276362419128
CC_8437A6C54449,0.19550016820430755
CC_84384F87EA8A,0.1764600783586502
CC_843B738F094F,0.1410282716155052
CC_843CB20C9738,0.5712548434734345
CC_8448B1E35DA1,0.16460684835910797
CC_844DA5FA5D43,0.04487472027540207
CC_844DDBEC5850,0.3705084204673767
CC_8450562F8BBE,0.15599317848682404
CC_8451124411AE,0.23672518730163575
CC_8451284A291A,0.17169244289398194
CC_84523821E27C,0.15599317848682404
CC_84562D946C54,0.10937958657741546
CC_845A2488CCF1,0.17934016585350038
CC_845D423C42C0,0.15599318146705626
CC_8461774FB635,0.17855156362056732
CC_846624A85021,0.12484539896249772
CC_846C5C8C6819,0.12508432418107987
CC_8470C69D1B6C,0.05050167590379715
CC_8478F1310247,0.12745434790849686
CC_847937259B51,0.03047872446477413
CC_847B04465980,0.27663995027542115
CC_847B56BEDC51,0.07205695658922195
CC_847B872253C6,0.009278846159577369
CC_847CA9F820DC,0.19002368450164794
CC_8480A42B8FD8,0.15262678563594817
CC_848960CA31A3,0.1559931755065918
CC_848BBC971B78,0.07019668221473693
CC_848D1A346431,0.04104687795042992
CC_848E5C9D0B57,0.2328534781932831
CC_848EF83F0057,0.167332661151886
CC_8490CFD9E11B,0.20379721224308014
CC_849112BE2CAD,0.7564796090126038
CC_84912F7B9B41,0.2115282267332077
CC_849D59A65C04,0.10937958508729935
CC_84A2E3B11728,0.11787656396627426
CC_84A41B9D0BA2,0.1624825894832611
CC_84AA0311C589,0.04637721441686153
CC_84B321B020AE,0.11666872650384903
CC_84B9D554CFB9,0.044106876105070116
CC_84BB35CB01E4,0.15943607538938523
CC_84BE392B6662,0.30712316036224363
CC_84BFFBAF5B38,0.32230375409126283
CC_84C02BD7176A,0.17004052996635438
CC_84C20DF4F875,0.03895330168306828
CC_84C77562FC21,0.1996024191379547
CC_84C794406827,0.07240714132785797
CC_84D07E076BD2,0.06849848479032516
CC_84D12ED55E32,0.434630298614502
CC_84DB737C55EC,0.2274903893470764
CC_84DCBB132410,0.39119547605514526
CC_84DFA2654E53,0.15338677316904067
CC_84E03F40F5AE,0.0720629170536995
CC_84EA5AC25386,0.10481320023536682
CC_84ED0261E8DA,0.03098588399589062
CC_84FC954B172D,0.1713886648416519
CC_84FD801362F7,0.13695861399173737
CC_850361408673,0.2092789053916931
CC_8503931DA5FD,0.08339235633611679
CC_8509561A2E9B,0.27326821684837344
CC_85096165BC6B,0.16460685431957245
CC_850CEAFBE5AA,0.13371436595916747
CC_851277321B1B,0.0416202187538147
CC_8512D7F86E27,0.25695941746234896
CC_851318AF0E46,0.055696622282266614
CC_8515609A8AF7,0.10980325043201447
CC_8517701E4090,0.16395238041877747
CC_85230640A905,0.417844557762146
CC_85252402599D,0.0744248941540718
CC_85257B9C8EE4,0.11453201323747635
CC_853646DD1955,0.2186166137456894
CC_853CA6BA6B6B,0.00927884578704834
CC_8544A53D1D9A,0.05944435745477676
CC_854532C8E2C4,0.07990889102220536
CC_854727248279,0.20465367436408996
CC_854A2C027435,0.2966564357280731
CC_854B02848540,0.12322447448968887
CC_854E5C8034B8,0.22172505259513856
CC_85503D7EC808,0.10351639986038208
CC_8554D166AD5C,0.4191429793834686
CC_8555E19AD380,0.4921595096588135
CC_855694F826CF,0.11772048771381378
CC_855AF362E28F,0.1624825894832611
CC_855E2CB15AF4,0.21432904303073883
CC_85604F154D06,0.08946336060762405
CC_856391A5250F,0.015642482414841653
CC_856A4B8814CE,0.1877313494682312
CC_8574B2C58882,0.16570199728012086
CC_8575A7EFA73B,0.08949289172887802
CC_857702EEF8AD,0.13436256498098373
CC_8582281CD246,0.08006270676851272
CC_8582EEAD0696,0.07343016564846039
CC_8583C01D341F,0.10251508504152299
CC_8586D6F8A078,0.12885914593935013
CC_8588F3E2B49A,0.143045637011528
CC_858C2DF27D17,0.053561673313379285
CC_858D84B70968,0.5596786677837372
CC_858FE0CAEC64,0.5424989342689515
CC_85912C4DCBA0,0.18650229573249816
CC_8592A31B8D43,0.6940383791923523
CC_859634473D76,0.7413497924804687
CC_859712019798,0.17900118827819825
CC_8599D33632A3,0.5881210446357727
CC_859A4F38ADAC,0.14753238707780839
CC_859BF8767B8C,0.2945993602275848
CC_859C7F62A15E,0.06129723116755485
CC_859CA10A2BBF,0.4542990565299988
CC_859FBBE2EBDA,0.2388773798942566
CC_859FC448AA1F,0.25544344186782836
CC_85A14BFD5BE5,0.30401204228401185
CC_85A198C86010,0.10997828543186187
CC_85A280DE8323,0.041046877205371854
CC_85A49AF89BCB,0.15746296644210817
CC_85A58CBD5A2B,0.07312352359294891
CC_85A8D1A59F99,0.08196229338645936
CC_85ACDCEA8BA9,0.15809401869773865
CC_85B3C568AF3F,0.06405787616968155
CC_85BF6ECE2835,0.49107365012168885
CC_85BFBACE415A,0.053966689854860306
CC_85C37C9A37B6,0.14123405814170836
CC_85C7E198F897,0.1624825894832611
CC_85C9577D55B8,0.12030722200870514
CC_85CBA47DCE02,0.06138700470328331
CC_85CC74830176,0.05823723152279854
CC_85CD58D9DD10,0.08954936563968659
CC_85CD9ECA568E,0.5490364670753479
CC_85CDF67FAA71,0.1941821336746216
CC_85CF165732FA,0.14925122261047363
CC_85D263C4FB84,0.10161681622266769
CC_85D5C3897439,0.14437034130096435
CC_85D5D9E468D1,0.15956380665302278
CC_85D98819D731,0.1367768704891205
CC_85D9EA4EE0A5,0.06129722967743874
CC_85D9F170BA52,0.7110424399375915
CC_85DE8E68C968,0.14025879353284837
CC_85E277D9753B,0.1358117401599884
CC_85E45CBE3C57,0.5069871425628663
CC_85E57C4C5626,0.08311062753200531
CC_85E65A6C1CA7,0.5252426266670227
CC_85EE07C1FDA4,0.033079462498426436
CC_85F0184870B9,0.14592325091362
CC_85F276C3D99B,0.08209667205810547
CC_85F28F6F4251,0.10862229317426682
CC_85F42A23D754,0.47890434265136717
CC_85F9727CA904,0.5626816987991333
CC_85FBD37724D5,0.16395237445831298
CC_8605A7739771,0.195747572183609
CC_86088D044308,0.7458471298217774
CC_860BA322ECFD,0.17236191928386688
CC_860E37E1E603,0.25132241249084475
CC_8612FB9659B9,0.17486775517463685
CC_861491686730,0.0940297469496727
CC_8615960BD66A,0.3947936236858368
CC_86188DD29505,0.5860256552696228
CC_861B8E55A0B3,0.037635364755988124
CC_861C1CD2DEFA,0.14119399785995485
CC_861D0FF46FE7,0.15434817969799042
CC_861EC1FFA7C6,0.31904796361923216
CC_8620E3F929FC,0.20277884900569915
CC_862702BA2903,0.10255247354507446
CC_86271F36EABB,0.06129722818732262
CC_862B98C05A76,0.09049420952796935
CC_862C1D6FF9B0,0.2678950786590576
CC_862E6626CE39,0.03622070383280516
CC_86307416BC27,0.10989205986261368
CC_8631EE0730DD,0.14455347061157225
CC_863392C131D8,0.7026935338973999
CC_8636DF115572,0.2260803461074829
CC_8638500AFB92,0.08588124662637711
CC_8639ADBA3BDF,0.1115635097026825
CC_863B3C386DA9,0.06405787542462349
CC_863C74781000,0.06572454199194908
CC_863D53B2F0EC,0.12431837767362594
CC_863E9DF15E02,0.14358573406934738
CC_863EC200AC9E,0.19122677445411682
CC_863EF1BAAD35,0.11914828270673752
CC_864086E0DB2C,0.27123687863349916
CC_86416D79943F,0.13247960656881333
CC_864170568CBF,0.2905855417251587
CC_8643269CA8CF,0.15340318530797958
CC_8645398F94A6,0.03868303149938583
CC_86497D43D291,0.838905644416809
CC_8649F6AF600F,0.18094294667243957
CC_864BABF31CCA,0.16395237743854524
CC_865063598888,0.46366626024246216
CC_865BF6775110,0.02451748363673687
CC_865DBDBEEB69,0.10610639750957489
CC_865E153F9C3F,0.5882588863372803
CC_8660CB567744,0.3303537368774414
CC_866126DFB0FB,0.15421608686447144
CC_8666571EEB31,0.4361362516880035
CC_8674F8AE8ED8,0.14398083984851837
CC_86759F24B910,0.11054538786411286
CC_8675D42E20F3,0.19668159782886505
CC_8676FC3D2640,0.5324101328849793
CC_867A710D3305,0.08388662040233612
CC_867EBCE17C7D,0.2558764100074768
CC_867F3EF7E34E,0.14304563403129578
CC_867F7FFC6A14,0.13312067836523056
CC_8680550434E3,0.09693295061588288
CC_8682D2F277BD,0.07674599438905716
CC_868689560BED,0.1025150865316391
CC_8687F92F9512,0.5507568061351776
CC_868A3CC45CAA,0.505509740114212
CC_868D4E3358D1,0.16304650008678437
CC_868F1B2C419F,0.08436499238014221
CC_869176EC2795,0.10596274584531784
CC_8692B58F6652,0.15262678861618043
CC_8694E56CEFE0,0.09820481389760971
CC_8699F4C0223B,0.024787753447890283
CC_869C77808252,0.2999982237815857
CC_869DDB5FFA7D,0.2703977346420288
CC_869EFD072B48,0.11166510134935378
CC_869FEFA4EFFA,0.08553520366549491
CC_86A33D396049,0.13623540252447128
CC_86AB85858F42,0.5881210327148437
CC_86ABB02C3F84,0.8314593195915222
CC_86AD2D6E1A11,0.07123657912015915
CC_86AF4D4980D4,0.6398522973060607
CC_86B0BC1961CB,0.08772526085376739
CC_86B1104503DB,0.06405787542462349
CC_86B2B3B22C17,0.13735612779855727
CC_86B53E31B5AB,0.3211365520954132
CC_86B5782EB5BF,0.11403606235980987
CC_86B8302DB4CC,0.3417381763458252
CC_86B9EBDE556C,0.1350850433111191
CC_86BB24808E04,0.47454620599746705
CC_86BC75B21D5C,0.10431206077337266
CC_86BEAF8E36B0,0.07317497730255126
CC_86C238643356,0.11098761856555939
CC_86C36B9E84E8,0.06437944024801254
CC_86C790A482E1,0.13663222938776015
CC_86C85637C604,0.3295892357826233
CC_86C9FBD83D41,0.12838379442691802
CC_86CFEB77F44D,0.07701009213924408
CC_86D11AC300DD,0.18753021359443664
CC_86D1EE4E104B,0.7525775074958801
CC_86D2E76499AE,0.058728305995464324
CC_86D595ABBB67,0.17234691381454467
CC_86DB45056AA6,0.5830226063728332
CC_86DC35C59AF1,0.23589480817317962
CC_86DE9B62A591,0.27533518671989443
CC_86E15A0E2ECD,0.11034872084856033
CC_86E1968D77F8,0.07448717057704926
CC_86E3DE1F853B,0.16344083845615387
CC_86E62C8EFFAB,0.08593240231275559
CC_86E6FD46C7C3,0.012309148907661438
CC_86E7640CB326,0.16395237743854524
CC_86EDC712802F,0.16248258650302888
CC_86F0AD898633,0.4531131982803345
CC_86F100A0BCAF,0.13364540934562683
CC_86F67003DA7F,0.1707341879606247
CC_86F839FDC22F,0.8261051893234252
CC_86FBD7D6E155,0.1757271945476532
CC_86FD060EE094,0.40488922595977783
CC_86FE5ADAEE0D,0.14791985899209975
CC_870092A40E28,0.0680606983602047
CC_87033900032A,0.16344083547592164
CC_87048F2C60FD,0.41598795652389525
CC_8704C0460B7D,0.3490975499153137
CC_87065E562980,0.12733203470706939
CC_8707A0F9A72B,0.16344083845615387
CC_8711ECE19E1C,0.6627435326576233
CC_87153B77C7D1,0.16344083845615387
CC_8718E2F7EBDE,0.06405787616968155
CC_871B07565EB3,0.3610957384109497
CC_87204B25FE9B,0.8011051297187806
CC_87232CB033D5,0.16826668083667756
CC_87286A4ADA66,0.17309764325618743
CC_872A36BC4113,0.15860555469989776
CC_872A7D72B306,0.10351640284061432
CC_87364D9DDBBE,0.10538544952869415
CC_87367810F0E3,0.0602828249335289
CC_8738460D8B27,0.6034859418869019
CC_873C0411FB67,0.13339396119117736
CC_874203D16395,0.525177675485611
CC_8744637340D6,0.3873583137989044
CC_8745421542CB,0.16731472313404083
CC_8746CA087323,0.47970895767211913
CC_8748CED9B5C9,0.1315049484372139
CC_874DF4A29A08,0.39485777616500856
CC_874EFEA204EF,0.1386902868747711
CC_875061E651F9,0.6027927041053772
CC_87582E5C62E6,0.2141789972782135
CC_875C61C2FC02,0.4421297490596771
CC_875EB34D2629,0.1702226519584656
CC_87628F7AE5F2,0.29693853855133057
CC_8763175F2224,0.04469351395964623
CC_876738074030,0.4652824938297272
CC_876792BCBA2A,0.15746296644210817
CC_876FB5FB5A95,0.3393602013587952
CC_87717CE81F95,0.0614437498152256
CC_877218475FD0,0.21636692881584169
CC_8775CA5C253C,0.1624825894832611
CC_8776E6126E3C,0.10974433422088622
CC_8777C4330C67,0.1440419301390648
CC_877ED204BB5F,0.06661591827869415
CC_8781D1FC0EA7,0.1713886648416519
CC_8781D8F1F3E4,0.23285347521305083
CC_87857B066AA9,0.09169663488864899
CC_8786ACB3735B,0.39485777616500856
CC_878D80092C52,0.7497228384017944
CC_87909526CD47,0.12537013739347458
CC_8790BD625546,0.17600674629211427
CC_8793CD1D147A,0.3947589576244354
CC_8797E4A007C8,0.0379371128976345
CC_8799F55B9D6B,0.601591169834137
CC_879F4293240E,0.32230375409126283
CC_879FE8F2F22E,0.1707341879606247
CC_87A2160F2BD3,0.6856895089149475
CC_87A592F2B41F,0.10958622097969055
CC_87A68B6A860D,0.2687152802944183
CC_87A77C986512,0.360525107383728
CC_87A839B8E7C6,0.21507929861545563
CC_87A84A191294,0.08006270527839661
CC_87AB25D4CFEE,0.4789043486118317
CC_87AB83BEABDB,0.17586829960346223
CC_87B1A35F6905,0.24000207781791688
CC_87B1D403A93B,0.6642609119415284
CC_87B3E2F91024,0.14023510813713075
CC_87BB4365ACC5,0.032572300732135774
CC_87BD15B28637,0.16344083547592164
CC_87C46DD4173E,0.16460685133934022
CC_87D4A9FC32DD,0.1495252549648285
CC_87D59E971C90,0.1760067492723465
CC_87D66EE64921,0.46792090535163877
CC_87DAA6D59306,0.1347661331295967
CC_87DAB6BBE8DE,0.16299412846565248
CC_87DD3999796C,0.4234874188899994
CC_87E03783B178,0.15211524367332457
CC_87E275D79969,0.11176002472639084
CC_87E4215CF7C8,0.11860798746347427
CC_87E74188B70E,0.7940772652626038
CC_87E915B4D05B,0.09794870167970657
CC_87EA67EFF600,0.1253701388835907
CC_87EAD9BA312A,0.17637983560562134
CC_87EE0748A3ED,0.21396345198154448
CC_87F14EEA21CF,0.13464593291282653
CC_87F17BC6CB3F,0.3532818198204041
CC_87FAEC685FE2,0.1993594855070114
CC_8801F2F28072,0.12271293550729752
CC_880439C212FB,0.5460334420204163
CC_8806EC21970E,0.07624023705720902
CC_8807E7853B80,0.09302842766046523
CC_880E8B7EB971,0.07357668876647949
CC_881A2D33B105,0.15860555768013002
CC_881A7CBA0B0E,0.07455927059054375
CC_881C28F7E915,0.1591161996126175
CC_881E22E3E171,0.15599317848682404
CC_881EEC566FCD,0.26144334077835085
CC_881F2A37F035,0.16395238041877747
CC_88204DD3ED99,0.13588070273399352
CC_882272C7CCA3,0.2500703036785126
CC_8825DCF466E5,0.16299412548542022
CC_8827D0C68F8B,0.1366322308778763
CC_8828CA9AEFB7,0.11122700572013855
CC_882DEABB0694,0.14327245056629181
CC_882F9260A081,0.5327782809734345
CC_883080901E79,0.32574758529663084
CC_8831B682DB25,0.1716924399137497
CC_88342AC3BCC3,0.09707766622304917
CC_8838DFF3770A,0.1259233385324478
CC_883901FCED78,0.15659365952014923
CC_883D0A958B4C,0.24798907339572906
CC_883DC657B072,0.061297228932380675
CC_883EE2FBECEC,0.015642482414841653
CC_88407338C8BC,0.3992022156715393
CC_8840CC1B191B,0.26941896677017213
CC_884253AC3EE9,0.1574629634618759
CC_88469626E422,0.08400430381298066
CC_885208C261A8,0.3705084264278412
CC_8858ECDE3319,0.4679209113121033
CC_885AED9E24C9,0.07443571835756302
CC_885F3429A6C5,0.06475051939487457
CC_885F880D3EA1,0.10834317654371262
CC_88603647566A,0.15809401869773865
CC_88616213F78A,0.1276584178209305
CC_88620F66925E,0.11111849695444107
CC_88650F080FD9,0.08360465914011002
CC_88696AB505DA,0.19306862950325013
CC_886A1CBDE57D,0.5708647608757019
CC_886A55A0B9EA,0.1436668425798416
CC_886B56FBA5FF,0.09333488643169403
CC_886E75046529,0.29459935426712036
CC_88725BB141EF,0.13471269905567168
CC_88792B490860,0.09607634991407395
CC_887FF908CB33,0.2533919006586075
CC_8881B8CF589A,0.1716924399137497
CC_888E73B9068E,0.09503336399793624
CC_8890014347BB,0.25525363981723787
CC_8896E825798C,0.1408793091773987
CC_889A7CCC5607,0.33532439470291137
CC_889B9C847068,0.11729682087898255
CC_889F5F256146,0.17234691381454467
CC_88A037892607,0.30104381442070005
CC_88A1FEF58EDA,0.725990605354309
CC_88A3032B4B89,0.05823723077774048
CC_88A77AD7AD53,0.11217621266841889
CC_88A8107A05C7,0.18660840392112732
CC_88AEE3CC0A3B,0.2161231130361557
CC_88B5FFEF5423,0.14797910004854203
CC_88BE8F27470D,0.08006270676851272
CC_88C27349A262,0.09958145767450333
CC_88C5E72AC45A,0.6105953097343445
CC_88C93E730FE2,0.14301492571830748
CC_88CA56D31442,0.009278846159577369
CC_88CB39F57CEE,0.15809402167797088
CC_88CCA23DE13C,0.45311319231987
CC_88CEA042925C,0.008744590729475022
CC_88D0087D0200,0.6302115082740783
CC_88D16BEDA995,0.22719679176807403
CC_88D4000B6C66,0.03334973007440567
CC_88D5CF7C6E37,0.11745290160179138
CC_88D8151B2575,0.15209397077560424
CC_88DACBFA3B48,0.0914489522576332
CC_88DD9EA930DE,0.16395238041877747
CC_88DE59EA74A8,0.10105873048305511
CC_88E41EB194DF,0.22136880457401276
CC_88E6EB29EB5F,0.08554670363664627
CC_88E70E9ED76F,0.16248258650302888
CC_88E9003B1BD7,0.13133950233459474
CC_88E9F3E381BF,0.03581205829977989
CC_88EA9998D301,0.22397473454475403
CC_88F113C9DACC,0.0831106260418892
CC_88F2DA778874,0.09383517652750015
CC_88F6444B2F85,0.16248259246349334
CC_88F75868B2C8,0.19023144841194153
CC_88F986565133,0.07256948202848434
CC_88FEB8FBA890,0.0831106260418892
CC_88FF1EA5C5BA,0.16533974111080169
CC_8901AC4B659A,0.2813467562198639
CC_8905D1169A78,0.16299412846565248
CC_8905E80A937B,0.17234691679477693
CC_8906E85DAAAB,0.16395237445831298
CC_8907B51901C4,0.1586046576499939
CC_8908542D3BD2,0.13897731602191926
CC_890A2CC8E5DD,0.17721379101276397
CC_890E78E8EC4A,0.11033422946929931
CC_890EAFF0C0C6,0.15211524963378906
CC_890FBFA46967,0.18988257944583892
CC_8910EAC0284B,0.3121191442012787
CC_8910FD543A93,0.17666122317314148
CC_8919255E1F41,0.13915460258722306
CC_8919E339D8FD,0.10070576220750808
CC_89200C56C85A,0.16733265519142151
CC_89217C8BCC88,0.5644360780715942
CC_8926BB4EF2FE,0.7741961359977723
CC_892777C150B2,0.06442317143082618
CC_892CE954C1C2,0.4667884409427643
CC_8933FC635479,0.04410687536001205
CC_8937B1CFAE3F,0.13623540252447128
CC_893C8D011DE4,0.3155705749988556
CC_893DEB779912,0.15434818267822265
CC_89495F39FCE6,0.08859462440013885
CC_894B9BD64131,0.09406943023204803
CC_894BC255E05A,0.03790563568472862
CC_894E40ED3E86,0.15472762286663055
CC_895082E1D7A1,0.7026935338973999
CC_8954FD7AA7CB,0.09049421101808548
CC_8955F84626E8,0.40227769017219545
CC_895676F3DADB,0.0831106260418892
CC_89596A40960B,0.1624825894832611
CC_895EE877C6FC,0.08858543485403061
CC_89615870746F,0.07648278176784515
CC_8966A3D42005,0.14961312860250472
CC_8966E2658B19,0.45311318039894105
CC_896826D5F7D8,0.17739411294460297
CC_896A686552FD,0.11883505284786225
CC_896BC4DFE96B,0.10473572313785554
CC_89705DBBCA31,0.04469351395964623
CC_897193457573,0.18487245738506317
CC_897509E33530,0.586410528421402
CC_8978B1BB5B25,0.4679209113121033
CC_897E6E7B1628,0.18500095009803771
CC_89824386B799,0.13232677727937697
CC_89840ECD95B2,0.2266064316034317
CC_8985376EDBB9,0.0965367928147316
CC_898A9EA30786,0.17054490149021148
CC_8992CDECC2C7,0.06024118959903717
CC_8993B8BBA8EC,0.3360969960689545
CC_899463A2FACF,0.08862004280090333
CC_899D593F61A5,0.17073419094085693
CC_89A2163453A9,0.17721379399299622
CC_89A771E462DB,0.08012031018733978
CC_89A7885525FE,0.1057874858379364
CC_89A81EA614E5,0.025652551278471946
CC_89A921A63597,0.1035164013504982
CC_89AB021EEEA9,0.3223037600517273
CC_89ADA1320C45,0.19929071962833406
CC_89BE202E30F8,0.6925209760665894
CC_89BF770FB0B8,0.1499587118625641
CC_89BF7F964A95,0.6642608880996704
CC_89C0D7E0793F,0.15599317848682404
CC_89C5708945E2,0.1716924399137497
CC_89C6853DF18A,0.08035901486873627
CC_89D0DB16FF49,0.09599443227052688
CC_89D4997719B0,0.09996414929628372
CC_89D54E6788AB,0.11988681554794312
CC_89D593FDB717,0.6710188388824463
CC_89D5E3425929,0.15421608686447144
CC_89D90556CEED,0.29125329852104187
CC_89E10A6AB3D1,0.7026935458183289
CC_89E8DCAFA0E6,0.30566602349281313
CC_89EF51D61E0F,0.10351640433073044
CC_89F356517996,0.5939286351203918
CC_89FB00866BAE,0.24127810895442964
CC_89FF1441842A,0.24746780395507811
CC_8A0826807B1C,0.5191549718379974
CC_8A08F18C55F0,0.6085843563079834
CC_8A0AD2B71D8D,0.17637983858585357
CC_8A11601425BF,0.1624825894832611
CC_8A1705D40ECF,0.15860555768013002
CC_8A1BADB2C4E2,0.08447527438402176
CC_8A1DA191223C,0.14055292308330536
CC_8A20096E7C5D,0.3367708921432495
CC_8A23793AE750,0.07900210320949555
CC_8A30F1F28F07,0.1276584178209305
CC_8A329E12BD60,0.14734723567962646
CC_8A38EBD244EB,0.14840762615203856
CC_8A391CE69D3D,0.015912753343582154
CC_8A39255C8D4C,0.5089133203029632
CC_8A3B61DCBA57,0.6209081470966339
CC_8A3F87E0D8D0,0.02262224778532982
CC_8A4038D2738B,0.10958622097969055
CC_8A4343315922,0.07995306327939034
CC_8A45F16C6B25,0.1076866328716278
CC_8A4AE731E02D,0.10937958657741546
CC_8A4CBF74816E,0.09582901895046234
CC_8A4ECE1CE7DE,0.46792090535163877
CC_8A4F945CC81D,0.32153183221817017
CC_8A511859DE46,0.1350850433111191
CC_8A5438242A67,0.09694321602582931
CC_8A5B75394B5A,0.09286364912986755
CC_8A5B93ACF353,0.08865222781896591
CC_8A5F72F9C8BE,0.20479212701320648
CC_8A62198C6B0F,0.07434777915477753
CC_8A65EE634765,0.0981999769806862
CC_8A7333602C9C,0.15809401869773865
CC_8A747619E991,0.06129722967743874
CC_8A79CB1C9DE1,0.19595730006694795
CC_8A8176C51DA3,0.14952525347471238
CC_8A8192A4345E,0.11080554127693176
CC_8A82A1CC6016,0.5482456028461457
CC_8A82D5A67B5B,0.6091025710105896
CC_8A976D89EC8F,0.1294902503490448
CC_8AA872B39466,0.4191429615020752
CC_8AA9DA4F0191,0.41784454584121705
CC_8AAA0C83C75C,0.14953504800796508
CC_8AB166E1E222,0.16460685133934022
CC_8AB8ECFFD917,0.07990889251232147
CC_8AB93325962C,0.18341984152793883
CC_8ABAE47BA850,0.11217621564865113
CC_8ABC74DDF64D,0.1174108624458313
CC_8ABD0B2D5199,0.18218924403190612
CC_8ABD61E3626D,0.15818099081516265
CC_8AC5954C88EE,0.6671680212020874
CC_8ACB02BA6ABC,0.16731472611427306
CC_8ACBFBD7DB57,0.20420697033405305
CC_8ACF294E6623,0.13397179543972015
CC_8AD1EF1B6713,0.1624825894832611
CC_8AD1F2A666AD,0.4867155134677887
CC_8AD4C3843B97,0.28194276094436643
CC_8AD7CDC7069C,0.27533518671989443
CC_8ADB4AAD0EF8,0.14314291328191758
CC_8ADBB7A3F710,0.2769895434379578
CC_8AE15E2C4DDB,0.09887872040271758
CC_8AE16F3BC745,0.48388819992542265
CC_8AE97DBFBCA9,0.13461409509181976
CC_8AE9999A3DAB,0.6054062604904175
CC_8AEA25F65FC7,0.09046697616577148
CC_8AEA9A62B9B0,0.7620827913284302
CC_8AF00058FA5E,0.2883636295795441
CC_8AF02D5A3414,0.07768990695476533
CC_8AF171A5B9F0,0.08869295716285705
CC_8AF4698500E2,0.1729984849691391
CC_8AF4A9CB3CA1,0.10255247354507446
CC_8AFB1B527986,0.16299412548542022
CC_8AFD16727FB7,0.1624825894832611
CC_8B0326553741,0.04592238590121269
CC_8B034A75788D,0.01918414980173111
CC_8B0557E0DBBF,0.1716924399137497
CC_8B0D261F921C,0.18838122189044954
CC_8B0D7118407A,0.7790727496147156
CC_8B0D8AADAE8E,0.16395237445831298
CC_8B0EA9CD58F5,0.33900192379951477
CC_8B0F48160CC1,0.22172505259513856
CC_8B0F78538173,0.11604810357093812
CC_8B112BFACCF9,0.07244370132684708
CC_8B136B765B9C,0.16520303189754487
CC_8B14EF71A006,0.4421297609806061
CC_8B154A01E8BD,0.037635364755988124
CC_8B155813A5D5,0.1713886648416519
CC_8B15E26C992B,0.2078389346599579
CC_8B18A3A40691,0.04869922399520874
CC_8B1A17409D8D,0.39920220375061033
CC_8B1E43EB359E,0.19456997215747834
CC_8B1F678D9195,0.09607634842395782
CC_8B20FF1CAF26,0.3320731043815613
CC_8B2323F6CB34,0.06997838616371155
CC_8B23269FCB1A,0.167332661151886
CC_8B23855692CA,0.1742226004600525
CC_8B26B4EDB655,0.19998792707920074
CC_8B278F52C43B,0.052455644309520724
CC_8B2796233179,0.012612179666757584
CC_8B2A9FC1D230,0.19042123556137086
CC_8B2B61F4242E,0.28173460960388186
CC_8B2B95ECBB6F,0.7345930457115173
CC_8B2E26FF3DB8,0.1865022987127304
CC_8B2EBF5E6B43,0.39920220375061033
CC_8B31C9351A6F,0.1629941314458847
CC_8B385C3E3E39,0.31190677881240847
CC_8B38DE48116E,0.6812649607658386
CC_8B3A4C4B36AD,0.16395237445831298
CC_8B3E97729A72,0.05263662487268448
CC_8B40636DE84D,0.7339978098869324
CC_8B416BD5DCDB,0.03020845539867878
CC_8B41B8121E73,0.06800309792160988
CC_8B42BA2E3164,0.16395237743854524
CC_8B440EA99D6A,0.5384373784065246
CC_8B48E1F143C1,0.07793106511235237
CC_8B53B4F11336,0.16248259246349334
CC_8B57F9A6272F,0.39920220971107484
CC_8B5B0A1A9DA9,0.11136588007211685
CC_8B5DB500A41C,0.16364860236644746
CC_8B62B7C8DBD7,0.7170665740966797
CC_8B63BA445B07,0.1896883487701416
CC_8B63D694307B,0.05726320520043373
CC_8B660AEC8E1E,0.14987799823284148
CC_8B6A007221B8,0.2638812631368637
CC_8B6C3DD80E76,0.054765569418668746
CC_8B7A29B4E588,0.1282135546207428
CC_8B7AE581BB15,0.09115963280200959
CC_8B812F32C56A,0.1794878989458084
CC_8B824D5678AB,0.23609477877616883
CC_8B85B1393237,0.6671680450439453
CC_8B87EFE3E655,0.28458744287490845
CC_8B89AE6967E9,0.32244805097579954
CC_8B8F958564AE,0.10167442262172699
CC_8B906F28FCB3,0.3306643605232239
CC_8B9325445327,0.27344422340393065
CC_8B9457520599,0.048015961050987245
CC_8B95646C42D4,0.33186074495315554
CC_8B97335072F3,0.12579380422830583
CC_8B97D5BE7C4D,0.4933404207229614
CC_8B9937161EF6,0.10255247354507446
CC_8BA011266369,0.32574758529663084
CC_8BA44D52263D,0.16299412846565248
CC_8BABC51C24E7,0.07538543790578842
CC_8BAC856C4250,0.1913691759109497
CC_8BAC91C19395,0.6959116101264954
CC_8BAD6CAD9790,0.1716924399137497
CC_8BAE7DA7EB88,0.7758419632911682
CC_8BAEC13E2FA1,0.16460685133934022
CC_8BAFD7F96208,0.25796503722667696
CC_8BB52935A06F,0.6109326839447021
CC_8BBAC5378F80,0.11725930124521255
CC_8BC2497F52EE,0.7758419752120972
CC_8BC3295E1767,0.15860466063022613
CC_8BCAFD409689,0.49261674284935
CC_8BCD4A91171F,0.44212976694107053
CC_8BD405B117C4,0.149762761592865
CC_8BD5319A861D,0.08954936116933823
CC_8BD534144A7E,0.06824329644441604
CC_8BD5FA185EFF,0.06442317217588425
CC_8BD6AC562D84,0.7457625150680542
CC_8BD735717BCB,0.110381880402565
CC_8BD76627993E,0.13887257725000382
CC_8BD92D5D8B3F,0.04801596030592918
CC_8BD9CEB8D44D,0.03334973026067019
CC_8BE338113997,0.0879738226532936
CC_8BE619B40EFC,0.18500094413757323
CC_8BE7542AD090,0.16395237743854524
CC_8BE8D6EE543D,0.04685503989458084
CC_8BEB1169204C,0.11808586865663528
CC_8BEC852AC83E,0.034308205172419545
CC_8BED81B8B0D3,0.18402755856513978
CC_8BF8B5915096,0.06442317217588425
CC_8BFB432CC531,0.18341704308986664
CC_8BFD78178DDE,0.11544940024614334
CC_8BFF0096E915,0.14961312860250472
CC_8BFFCDF638BB,0.10795381367206573
CC_8BFFD368EBD8,0.1514032393693924
CC_8C04F1D74551,0.04566754028201103
CC_8C069A0689C5,0.2493666112422943
CC_8C0BAF84D40E,0.7177991986274719
CC_8C0C4C76572C,0.05944435596466065
CC_8C0E2E0D5BEB,0.13487320095300676
CC_8C129FC43D10,0.8467573046684265
CC_8C13B5C7EBC2,0.19605657756328582
CC_8C1597CEDAA8,0.18767988979816436
CC_8C1745867BB1,0.17073419392108918
CC_8C18531C73C4,0.17721379399299622
CC_8C1865D97336,0.08554670363664627
CC_8C197C9BB5F3,0.1624825894832611
CC_8C1A312388F9,0.3351602673530579
CC_8C1C177DE4F2,0.04668424054980278
CC_8C1E407C5BC2,0.04801596403121948
CC_8C1E98DED2BD,0.0658636137843132
CC_8C20D5787228,0.09117373824119568
CC_8C26EA179E18,0.04890677630901337
CC_8C2B00F53194,0.4191429793834686
CC_8C2F6CB20BF7,0.12352271974086762
CC_8C3126B01553,0.05845726877450943
CC_8C35B5F03843,0.14272481352090835
CC_8C361D4A0C07,0.18309353590011596
CC_8C37A0E834A0,0.1820815086364746
CC_8C3E6BCB10C5,0.03554178886115551
CC_8C423C5639E4,0.12975925505161284
CC_8C42586A841F,0.16299412846565248
CC_8C440E774B97,0.1569514274597168
CC_8C44A5DF2EDD,0.11544940173625946
CC_8C480634B60B,0.10238978266716003
CC_8C4A42B9970D,0.13506959825754167
CC_8C4B9309138B,0.35765191316604616
CC_8C4FADDD104B,0.2885185718536377
CC_8C50AE60B82A,0.10235239416360856
CC_8C516BF74F70,0.1434990182518959
CC_8C5A029A6AF8,0.13476613014936448
CC_8C649F5381FE,0.06970561146736146
CC_8C669273D14E,0.14952525347471238
CC_8C6AD62FCEEB,0.37227739691734313
CC_8C6B8D1BD59E,0.20653704404830933
CC_8C6BD3E134F8,0.26135966181755066
CC_8C6D5F0AACCB,0.13716097325086593
CC_8C6DB4A95210,0.6441812157630921
CC_8C6F0C01454A,0.17291729748249055
CC_8C70FB43F214,0.1405529260635376
CC_8C714F9EA269,0.18016476333141326
CC_8C72B5195194,0.06685357540845871
CC_8C7303F3780E,0.1402428686618805
CC_8C7375D6CCE4,0.12967173755168915
CC_8C75F421482C,0.1581809937953949
CC_8C77FB3B9CB4,0.10351639986038208
CC_8C7880AEDFDD,0.15071692764759065
CC_8C7C0E802BAB,0.302494090795517
CC_8C83E62DCF27,0.11038187593221664
CC_8C87C87E7E97,0.1328059896826744
CC_8C88974E5BDF,0.21594425141811371
CC_8C8C6EBCB2F0,0.13205594271421434
CC_8C8DE1CCBFEC,0.4116435110569
CC_8C9232F05C43,0.05107596144080162
CC_8C939D68CCD6,0.12579380422830583
CC_8C93E38E0721,0.4450434952974319
CC_8C97F2A8434F,0.7602526783943176
CC_8C9E36E8193F,0.1799687534570694
CC_8CA2472C65A3,0.6517259478569031
CC_8CA2D00E6F9E,0.1276584178209305
CC_8CA3C1922ABA,0.031256154924631116
CC_8CA3F42E245B,0.20303747653961182
CC_8CA8EA8C283E,0.14426909685134887
CC_8CB0B4CFD523,0.540197902917862
CC_8CB0BB3B0EE0,0.14398083984851837
CC_8CB3F4223F20,0.1035164013504982
CC_8CB553CAA5BF,0.11727346628904342
CC_8CBA8957576E,0.2358948051929474
CC_8CBB6C37F81D,0.17851305305957793
CC_8CBD8CB4E0C7,0.13921186923980713
CC_8CBDD0960E91,0.6841720938682556
CC_8CC796EE32EF,0.3792027533054352
CC_8CCB2DF67CB9,0.7452518939971924
CC_8CCC9C7FD23B,0.4738525450229645
CC_8CD3CA261033,0.4542990565299988
CC_8CD5339DFA7C,0.1479198604822159
CC_8CD6515B2E56,0.7273256778717041
CC_8CD68FC19FF3,0.313165494799614
CC_8CD9321C690E,0.10314748287200928
CC_8CD9F00B586E,0.06870283484458924
CC_8CDC031FF00B,0.1401292562484741
CC_8CDC5D75F195,0.12444791197776794
CC_8CE71FD7EC27,0.9549999952316284
CC_8CE782CD2DF8,0.688820219039917
CC_8CE8D5A2BCB8,0.6203694462776184
CC_8CE9F45A1688,0.11080554127693176
CC_8CEA7197CB25,0.16248258650302888
CC_8CECC68A55D7,0.24418350160121918
CC_8CED3BF49141,0.21934950351715088
CC_8CEDCEEB2ADB,0.10255247354507446
CC_8CF18EF77AA0,0.16344083845615387
CC_8CF39903A3B1,0.3669449269771576
CC_8CF3F336C699,0.10312024652957916
CC_8CF6A942CCD0,0.2743086159229279
CC_8CF83BF84865,0.10862229019403458
CC_8CFDB1D821C6,0.13824655264616012
CC_8CFF78DD7D00,0.10089522153139115
CC_8D05A3D8C88B,0.03868303261697292
CC_8D060723D602,0.16424477994441986
CC_8D0805F0063E,0.838905668258667
CC_8D081483AA82,0.5234882533550262
CC_8D0A9547FCC2,0.08584734052419662
CC_8D0CA31A0D26,0.17169243693351746
CC_8D0FCEA77037,0.1310812786221504
CC_8D1306FDB9E5,0.16395238041877747
CC_8D13D758D6D3,0.5288332045078278
CC_8D1408285B4C,0.0686085894703865
CC_8D14B6578068,0.040776607021689414
CC_8D1584B3116A,0.340739768743515
CC_8D17D92C4EA4,0.10183219909667969
CC_8D17FE26113B,0.0722813680768013
CC_8D1CB0824E58,0.30713617205619814
CC_8D26915A220A,0.2115780621767044
CC_8D2968E7E707,0.16733265221118926
CC_8D2B8EF801F2,0.4234535157680511
CC_8D3B0DF3F596,0.06555227413773537
CC_8D3E021FCA10,0.07456396743655205
CC_8D3EC2E8E735,0.2939485788345337
CC_8D4106E58430,0.7026935338973999
CC_8D42F4222E6F,0.06442317143082618
CC_8D44F4EBAEFC,0.14068245738744736
CC_8D4514B51916,0.27356693148612976
CC_8D45A90E3325,0.39485777020454405
CC_8D4710FBE23F,0.14346930086612703
CC_8D4E05DABA50,0.6249145150184632
CC_8D4E8DD10001,0.2897593051195145
CC_8D5C971B9678,0.07594948709011078
CC_8D5D8EAEC362,0.04785460978746414
CC_8D5E25B5BBE2,0.15599317848682404
CC_8D5E62C6EDF2,0.7222701430320739
CC_8D5F0117EAEB,0.12444882094860077
CC_8D60F43F4FD1,0.31864088773727417
CC_8D6492F6F32E,0.16731472313404083
CC_8D6825F0F529,0.0967391163110733
CC_8D6827556DB7,0.10382224023342132
CC_8D6C287BE16D,0.7769020676612854
CC_8D7278356D58,0.28333179354667665
CC_8D74D3A26AA5,0.09895002543926239
CC_8D74F19A3B2C,0.2682530641555786
CC_8D78AAD9CBA2,0.15789208114147185
CC_8D7AF83FADAB,0.6412620782852173
CC_8D7D323EE90C,0.44297186732292176
CC_8D82FBE2260E,0.13183133453130721
CC_8D835791EA3A,0.13041430860757827
CC_8D8B6EB71D6D,0.048015962541103366
CC_8D8E6014BE96,0.06703616827726364
CC_8D8EACE6B771,0.10958622246980668
CC_8D8F3677705D,0.16248258650302888
CC_8D91D88C8511,0.36378992199897764
CC_8D94BCD401B3,0.6091025710105896
CC_8D968A4E921F,0.302494090795517
CC_8D98563B83F6,0.5187649071216583
CC_8D98DEA16321,0.16299412548542022
CC_8D991D244368,0.07463729232549668
CC_8D9D7A811411,0.16344083845615387
CC_8DA04B4B170E,0.06718268841505051
CC_8DA16E410D7E,0.6754516243934632
CC_8DA3A31E69CB,0.5860256314277649
CC_8DA73925CC70,0.1944267362356186
CC_8DA7B6EBAB93,0.17655932009220124
CC_8DA7D6A330A4,0.09136524349451065
CC_8DA9434BF75D,0.6044911861419677
CC_8DAD9076F0CC,0.16395238041877747
CC_8DAE66908B38,0.6627434968948365
CC_8DAF61C49C78,0.31267871856689455
CC_8DB0B5FAF523,0.03125615529716015
CC_8DB572A62C0C,0.16533974111080169
CC_8DBE4E29C7B9,0.07155110239982605
CC_8DBF3B310925,0.15001587569713593
CC_8DC4C7A4A3F8,0.2212796092033386
CC_8DC702A4628B,0.8219156742095948
CC_8DCAE9ECC296,0.16837834417819977
CC_8DD2F42C86DE,0.5614051342010498
CC_8DD40D93CCE0,0.14567979276180268
CC_8DD46AA08F3E,0.1174108624458313
CC_8DD82122E036,0.20572900772094727
CC_8DD8B43450AB,0.14055292159318925
CC_8DE098D16228,0.41914296746253965
CC_8DE1D846ACD3,0.340739768743515
CC_8DE4EAFEF558,0.08096097409725189
CC_8DE6E7C8D69B,0.2011378824710846
CC_8DE909263636,0.1636486053466797
CC_8DE94E0B1579,0.16519046127796172
CC_8DEC04CDC41C,0.49334043860435484
CC_8DF4B85B26DB,0.2540877163410187
CC_8DF544460BAC,0.10439989268779755
CC_8DF58A01FD72,0.09482540041208268
CC_8DF9391AD9A1,0.03944488950073719
CC_8DFBF3BB8E44,0.1182485580444336
CC_8DFE193F449F,0.0625043548643589
CC_8E050E0B3CE7,0.08553282171487808
CC_8E0513E76D2D,0.10293874889612198
CC_8E0BA1D7F9B7,0.10351640284061432
CC_8E104D6B12B5,0.19195027351379396
CC_8E1334BE46D6,0.11239280849695206
CC_8E19FF38939F,0.16299412846565248
CC_8E1DE0DB6680,0.1820815086364746
CC_8E1E160162F4,1.0
CC_8E214B494FB5,0.13260914087295533
CC_8E2763871CE0,0.5058062136173248
CC_8E2EF3CC50E3,0.05263662338256836
CC_8E2F840400EB,0.3399678409099579
CC_8E345D4A722C,0.11624505668878556
CC_8E35B857D306,0.14910158962011338
CC_8E360779FE49,0.21817585825920105
CC_8E38006F7F3C,0.13247960358858107
CC_8E3DCCDCE936,0.19125093519687653
CC_8E3E09A029DE,0.06703617125749588
CC_8E4284CA4FD5,0.10841663032770157
CC_8E4AB0DC1AAD,0.48671549558639526
CC_8E4D4CB54C2E,0.16299412548542022
CC_8E54E385A593,0.1586046576499939
CC_8E573045F945,0.11729682087898255
CC_8E5AE48F4EC5,0.1082230642437935
CC_8E5C74130F44,0.32153183221817017
CC_8E61F50A6699,0.7458471417427063
CC_8E61FB53E97D,0.07784481048583984
CC_8E6272D9BC46,0.10901066511869431
CC_8E65D4E590BA,0.21927409172058104
CC_8E6AF51A04DF,0.6326435923576355
CC_8E6EEB807FCE,0.2945993602275848
CC_8E6EFE82B347,0.11587306708097458
CC_8E6F4DD32D7C,0.16248258650302888
CC_8E6F770A9FEA,0.05245564579963684
CC_8E708C027037,0.2284844309091568
CC_8E712BC1FF4E,0.4191429793834686
CC_8E7347B6FBA7,0.16182407438755037
CC_8E7381513BE2,0.3121191442012787
CC_8E7C83FC6127,0.14995870888233184
CC_8E8048E0E3D1,0.49107365012168885
CC_8E81F169B120,0.1981245756149292
CC_8E8349065E3F,0.1909191429615021
CC_8E85369162E3,0.009278846159577369
CC_8E854C52A063,0.13381641656160354
CC_8E85757D7C00,0.32230375409126283
CC_8E85E27A9A7F,0.08554670214653015
CC_8E89CD3B0D15,0.7199736833572388
CC_8E8A52FF65A7,0.42348740696907045
CC_8E8DC6CA6350,0.16299412846565248
CC_8E925647E3AB,0.11051141172647476
CC_8E96BFBEA794,0.15818099677562714
CC_8E98C3D73E04,0.36573380827903745
CC_8E9A3C5EDC34,0.06405787542462349
CC_8E9AAEC97113,0.1837325006723404
CC_8E9BD85A09F3,0.2883636236190796
CC_8E9E51CED424,0.19029274880886077
CC_8EA2DAE2D638,0.074715156853199
CC_8EA6A64FD3F5,0.1624825894832611
CC_8EAA1998E174,0.15668953508138656
CC_8EAA8B396665,0.1899141252040863
CC_8EAC752D6815,0.6896138191223145
CC_8EBE98D5A3D5,0.3823577702045441
CC_8EC316185155,0.7256489038467407
CC_8EC732E99A51,0.35678117871284487
CC_8ECE00EF3590,0.4933453738689423
CC_8ECE878DF0F4,0.1629941314458847
CC_8ED3E2A84B3D,0.27533518671989443
CC_8ED620CA354C,0.3952000916004181
CC_8ED87F5E3113,0.7110424160957336
CC_8EDAAE9CEF7F,0.0754963219165802
CC_8EDB31389169,0.6449458003044128
CC_8EE05FD95407,0.10501983761787415
CC_8EE4361CDEEC,0.07616613730788231
CC_8EE5A0EA5D36,0.1624825894832611
CC_8EE5D9509C1C,0.1494480699300766
CC_8EE6865AB75D,0.7620828151702881
CC_8EEC93D2FD6A,0.1166687250137329
CC_8EED9F3936F9,0.19734467267990113
CC_8EF1276AB70A,0.7345930337905884
CC_8EF79F09CD0D,0.05353532694280148
CC_8EF86E78EB78,0.06442317143082618
CC_8EFBA4E65350,0.08205196559429169
CC_8EFC81681B3B,0.17666122019290925
CC_8F01F02303A6,0.6452832102775574
CC_8F049E5FE61F,0.16395237743854524
CC_8F04C45C9415,0.11846305876970291
CC_8F0832719D64,0.2678093731403351
CC_8F0EE9CC15D5,1.0
CC_8F120F926453,0.17739411294460297
CC_8F156333A403,0.09433717876672745
CC_8F1AAFF75B55,0.11143363863229752
CC_8F1CDD3CB26B,0.1035164013504982
CC_8F1F932A0C8B,0.09556271582841873
CC_8F20DB6BB23D,0.20815419554710388
CC_8F213A6B5ABD,0.009278846159577369
CC_8F22D26E87B5,0.0861767590045929
CC_8F2344DB1A94,0.17169244289398194
CC_8F26983DBEFC,0.13302578628063202
CC_8F298F34EC2B,0.10200144946575165
CC_8F2B7FB261B5,0.6024885058403016
CC_8F2EDA115345,0.1629941314458847
CC_8F304F30F674,0.15412775427103043
CC_8F3074D1F4A9,0.1574629694223404
CC_8F30B7070D9E,0.02262224815785885
CC_8F32E0E858F7,0.14557014107704164
CC_8F33E2136736,0.12352271974086762
CC_8F3C62A72B56,0.11843294501304627
CC_8F3D5880C543,0.1350850433111191
CC_8F3E0C752C72,0.14314291328191758
CC_8F404F3CF54C,0.8206703662872314
CC_8F4147DFE1A5,0.1538366436958313
CC_8F42451AA956,0.15860465466976165
CC_8F44CA26968D,0.1040195569396019
CC_8F450A36A7CB,0.6435669302940369
CC_8F46FB589670,0.8219157218933105
CC_8F48E6DDAA55,0.10971575528383255
CC_8F49A6A8C911,0.09049421101808548
CC_8F520322EE87,0.07824222296476364
CC_8F53CBB2B993,0.10294084995985031
CC_8F576C93F66E,0.4531131982803345
CC_8F577B610556,0.3295892357826233
CC_8F5F56BA2FC3,0.08624724298715591
CC_8F61FEBD689E,0.8206703424453735
CC_8F63AC330152,0.06270280033349991
CC_8F645BC37527,0.05361656844615936
CC_8F66A8E3EA16,0.4933404505252838
CC_8F675575333A,0.08501021414995194
CC_8F67F096A64A,0.15211524665355683
CC_8F6D3147B3BA,0.026597278006374837
CC_8F6EE4BE490D,0.6627435088157654
CC_8F6FEEA54051,0.17073419392108918
CC_8F727777BA60,0.13308435082435607
CC_8F72A955DD89,0.10615590214729309
CC_8F72ADB0CC8F,0.09196782112121582
CC_8F7877CA5D91,0.39920220375061033
CC_8F7A5A300FF5,0.737160062789917
CC_8F7F54402418,0.2945993661880493
CC_8F8540A94CA3,0.04371379464864731
CC_8F89D76276EA,0.14251813292503357
CC_8F8CFBB9E018,0.09923314303159714
CC_8F92AB73632C,0.1972489207983017
CC_8F9C79887205,0.22083162665367126
CC_8FA12536A979,0.025652550905942918
CC_8FA41643AC01,0.10161681771278382
CC_8FA57E5426F8,0.0864402785897255
CC_8FA5C409BDE5,0.30401204228401185
CC_8FA8BD170AF3,0.13280599266290666
CC_8FA911DF8659,0.16731472313404083
CC_8FAB3DCF9F3A,0.12431837916374207
CC_8FACDD8D11B4,0.10958621948957444
CC_8FAE257FB6E8,0.1740676075220108
CC_8FB0F8FC6229,0.2559865236282349
CC_8FB2E7C57E54,0.13329070657491685
CC_8FB8AFCE5209,0.6257692456245423
CC_8FB9A8FB563E,0.07732461392879486
CC_8FBE5E2666F9,0.3489748239517212
CC_8FBEA8F906FE,0.10351640433073044
CC_8FC692F944E9,0.08224488496780395
CC_8FC7D4926107,0.08744628876447677
CC_8FCF98A7A8E8,0.16248258650302888
CC_8FD0953F8588,0.3223037600517273
CC_8FD267F83AD5,0.03790563568472862
CC_8FD3E26A5EC7,0.570851719379425
CC_8FD443ACC972,0.07155110239982605
CC_8FDD097F76BE,0.1624825954437256
CC_8FE3EA08FC2C,0.1035164013504982
CC_8FE6E0B785D9,0.1090459555387497
CC_8FEA007987A2,0.6091025590896606
CC_8FEEAA241E99,0.6841720938682556
CC_8FEEC4BB6EE7,0.15860466361045839
CC_8FF525FCCC75,0.6812649726867676
CC_8FF8613D7AC0,0.08644497245550156
CC_8FFD323CDA6D,0.1629941314458847
CC_8FFD86B00E18,0.1456196665763855
CC_9002C18B8B3B,0.1431429162621498
CC_90042DD1D514,0.012612180039286613
CC_900A68867351,0.7820617437362671
CC_900B0EB29DCC,0.6812649607658386
CC_900E3195F4DB,0.167332661151886
CC_900FAB2E1BAF,0.006947113992646336
CC_9019AE0A166D,0.08503443151712417
CC_901A8562A15B,0.30668034553527834
CC_901B8991A516,0.13500273525714873
CC_901BAEE26BF5,0.06573784053325653
CC_90212193BCFD,0.136587393283844
CC_902154FF44FD,0.16826668083667756
CC_9021D0BFC9FC,0.05823723077774048
CC_90245F242A83,0.11453201323747635
CC_9025C74CB07F,0.7302411556243896
CC_9026B24CF73F,0.2252239167690277
CC_902885A2F754,0.07860751897096634
CC_902E53409BCD,0.045922384783625605
CC_902E903CB529,0.10251508355140686
CC_903316033605,0.06679597273468971
CC_90331FFDBCD6,0.1259233370423317
CC_9036D161DBF1,0.46792090535163877
CC_90379CCFBC26,0.07890967577695847
CC_9037F9787423,0.15599317848682404
CC_903E0AED59B3,0.06769423857331276
CC_9042536A6405,0.0725694790482521
CC_90430CADE6B8,0.11339553445577621
CC_9043447202DC,0.12747598588466644
CC_90442B913816,0.11017524302005768
CC_90476C3A33EE,0.06442316994071007
CC_9049B4A24611,0.16248258650302888
CC_904A7A64E1B4,0.17073419094085693
CC_904DEC0902FA,0.06685357242822647
CC_904E55ED71D6,0.12838379740715028
CC_904F5ECC1642,0.14011333137750626
CC_9057B14FD9F1,0.1425909012556076
CC_905A1E445ADE,0.024787754565477372
CC_905B54FB2ACC,0.1039431408047676
CC_9061924A0476,0.04664748460054398
CC_90689F9815B0,0.23010421991348268
CC_906AAE6F6976,0.3873583137989044
CC_906B5D0C5D92,0.12990822345018388
CC_9077D6F66DA9,0.39485777020454405
CC_90799C4DA25D,0.16344083547592164
CC_907A72361C8D,0.012612179666757584
CC_907AD96D3A79,0.06886378228664398
CC_907AEB6F5390,0.7736855506896972
CC_907D517B4FC6,0.13237662017345428
CC_90800B1FE7F4,0.07790835946798325
CC_90801A791906,0.10351640284061432
CC_9084020D7DFB,0.15599317848682404
CC_9085A6BDD81E,0.09218776226043701
CC_908E6617F158,0.010379227809607983
CC_908F48D24107,0.07662930488586425
CC_908F6B26160B,0.2024381250143051
CC_9090C28905F6,0.012612179666757584
CC_9094EC072A54,0.5672406792640686
CC_9096471AC9D4,0.6940383791923523
CC_9097AD5E2C2A,0.06587106212973595
CC_909889133B0F,0.13519913405179979
CC_9099D927641A,0.15809402167797088
CC_909A6BCD2B78,0.2385007321834564
CC_909B0346F4B6,0.14443085342645645
CC_909B13294B3B,0.11772048771381378
CC_909DB2118DD1,0.6627435088157654
CC_909E3A3566C5,0.6841720581054688
CC_909F09A9C03C,0.01137242242693901
CC_90A48273A069,0.07427199631929397
CC_90A55CFBED1C,0.17739410996437072
CC_90A7B5FC24BF,0.29527634382247925
CC_90AAFF0D984E,0.09453186094760894
CC_90AB2BA835E3,0.17073419094085693
CC_90ABE7B4746D,0.24037872552871703
CC_90B02BF4AAD0,0.04001378268003464
CC_90B37ACEC5F6,0.07701008915901184
CC_90B47B33B92B,0.07990821078419685
CC_90BF4D3507CA,0.7662910223007202
CC_90BF935BCF2D,0.04104687795042992
CC_90C1A4BA7BFC,0.09049421101808548
CC_90C20A63B818,0.2945993602275848
CC_90C659ACD703,0.39273257553577423
CC_90C70A143CB8,0.1257938027381897
CC_90C8E0995627,0.041046877205371854
CC_90CA7FB25934,0.16364860236644746
CC_90CACEC36F62,0.10333744585514068
CC_90CB1DF08423,0.14259090572595595
CC_90CB6E176D86,0.07007090598344803
CC_90D011D55ADA,0.11824855953454971
CC_90D06EB7B1D6,0.6833812713623046
CC_90D0DB85C326,0.046855039149522784
CC_90D2C2502267,0.17448271214962005
CC_90D39B332FE7,0.17722879946231843
CC_90D4C4A58F39,0.34898524880409243
CC_90D54BE5B34B,0.7103102087974549
CC_90D70C41B763,0.2828080773353577
CC_90D914BAE2F9,0.05610228106379509
CC_90D99549E9F1,0.15921259224414824
CC_90DE91AFEE77,0.47890435457229613
CC_90E4202B0F80,0.08592782616615295
CC_90E4D48C8767,0.04278114177286625
CC_90E5082B3708,0.10351640284061432
CC_90E5BB99FA11,0.19240186214447022
CC_90E657FD0717,0.16798712611198424
CC_90E6E198803F,0.04890677779912948
CC_90EC89637DB0,0.505509740114212
CC_90F049413324,0.05944435372948646
CC_90F499FDAFFA,0.07019667997956276
CC_90F7115ABCF0,0.06250435411930085
CC_90F856035123,0.20168559849262238
CC_90F8EF623488,0.03763536624610424
CC_90F970707673,0.11883663386106491
CC_90FAC8BEB2F3,0.14785876870155334
CC_9100E5C850B2,0.17971446812152864
CC_9103D8510970,0.4344708502292633
CC_91044A71B1B1,0.03790563568472862
CC_9105587593BF,0.23269538283348085
CC_9107B3C07AC7,0.18825510442256926
CC_91080CC14F4F,0.26941896677017213
CC_910955C40913,0.05166259780526161
CC_910AE8CB4149,0.11587306708097458
CC_910AED9B2F9D,0.3948577642440796
CC_910DAB0868E3,0.3714975416660309
CC_9110FB9BCC66,0.11733841598033905
CC_911118B8423D,0.43597679734230044
CC_9114EB5C0F5E,0.7924526929855347
CC_91167BE4F588,0.06563029810786247
CC_91175E35EC4F,0.0587283082306385
CC_91181D56DD75,0.5269427359104156
CC_911881C6DCA7,0.14398083686828614
CC_91188D52FDBF,0.1757271945476532
CC_91199C547AFC,0.08554670214653015
CC_911E293CBE53,0.06990996152162551
CC_91233E56800C,0.09695836156606674
CC_91243FA1B859,0.7690903425216675
CC_91244C60A9C7,0.512506651878357
CC_912717027CAF,0.2205979496240616
CC_912738B1532E,0.13539598435163497
CC_912C361D818E,0.6091025590896606
CC_912C61F73060,0.30929250717163087
CC_912E0C343859,0.16460685133934022
CC_912F6468C823,0.053616567701101306
CC_9131CB6EFC78,0.13501320034265518
CC_9132E0E78904,0.08196229636669158
CC_9133551228B7,0.3923739016056061
CC_91379670618A,0.03581205792725086
CC_913A15ED1471,0.10958621948957444
CC_91471E17BC49,0.11745289862155914
CC_914E36320549,0.533582890033722
CC_9150A3A3313A,0.12474204003810882
CC_915223128501,0.4814729928970337
CC_9156E3A6BA15,0.027955580875277518
CC_91579CB462D2,0.6451219201087952
CC_9157A37425A8,0.18372632563114166
CC_91599A338941,0.06442317143082618
CC_915C7AF0D80A,0.6896138429641724
CC_915D8247FA76,0.1716924399137497
CC_91658F55D9BE,0.7323336124420166
CC_91679B2674CE,0.3929847002029419
CC_9167D0A47EEF,0.06405787542462349
CC_9169B8D4AE12,0.26334214210510254
CC_916A34F39225,0.08593270182609558
CC_916DEF8EE16A,0.6737549185752869
CC_9170A73F144D,0.6221581935882569
CC_917AE86FBC10,0.14346930086612703
CC_91805F6C2712,0.035812058672308925
CC_9182DA53CB8A,0.16826668083667756
CC_9183FE8127AA,0.7155397653579711
CC_91843D0B4C73,0.11038187742233277
CC_9184C47129CC,0.22776219844818116
CC_9186DC21EC08,0.5401978969573975
CC_91895EAB5249,0.012309149466454982
CC_918D6053D3FD,0.09351610690355301
CC_918D974DFEF5,0.3873583137989044
CC_918F52797338,0.2310281962156296
CC_9194CF1720B3,0.03895330168306828
CC_9196E185EFF0,0.4925510585308075
CC_91978CB20185,0.16248259246349334
CC_9198D167A173,0.15869253277778625
CC_9198DF292852,0.3853809356689453
CC_9199BD218421,0.52869713306427
CC_919ADF1F4DD7,0.19400265514850618
CC_919E9374D1F3,0.15211524665355683
CC_919F746C4F75,0.06653424426913261
CC_91A019C95306,0.11094221472740173
CC_91A3C64F9589,0.020198386535048483
CC_91A5603A057B,0.16299412846565248
CC_91A777E7F25E,0.08954936414957046
CC_91A8E6D954BB,0.16731472611427306
CC_91AAD70BCF3C,0.08949289470911026
CC_91B08DF47D95,0.0807551696896553
CC_91B0F6CE3E81,0.2771352529525757
CC_91B246730C99,0.45311318039894105
CC_91B6E17D86F5,0.17437138557434081
CC_91B941AB2AED,0.05099787674844265
CC_91BCC5032DDC,0.23609477877616883
CC_91C01861619E,0.6812649607658386
CC_91C3D5ECAF47,0.17491005063056947
CC_91C7526BA44F,0.6128650307655334
CC_91C82ED69A02,0.6892453312873841
CC_91CE5FE12187,0.06387166902422906
CC_91D0C7EB9C43,0.1366217166185379
CC_91D4F2EC8CCF,0.06427552327513694
CC_91D6FFD13849,0.12545399963855744
CC_91D7C75A28F5,0.09593162834644317
CC_91D85FBC31C4,0.2905855357646942
CC_91D879691452,0.1559931755065918
CC_91DAEC5248C4,0.09503335952758789
CC_91DAF2676EEB,0.08098031729459762
CC_91E0FA9D75D0,0.10937958508729935
CC_91E334B66F48,0.19386959373950957
CC_91E59627013C,0.08523784726858138
CC_91EACFC34845,0.14734723567962646
CC_91EB6FD8B68D,0.7317384243011474
CC_91EC957CF080,0.09287901222705841
CC_91ED6BA411AE,0.05882256403565407
CC_91F750EB9FA3,0.07150887474417686
CC_91F78C06F19D,0.1624825894832611
CC_9201669C6736,0.05047532543540001
CC_920246B7694F,0.17777419090270996
CC_9203933F6143,0.04890677854418755
CC_92066C7BDDA9,0.4268916666507721
CC_9209D0A99335,0.234354829788208
CC_920B290E0BE3,0.190498286485672
CC_920C573ABE12,0.40584119558334353
CC_920F3798E553,0.16299412846565248
CC_92101E425311,0.19456997513771057
CC_921249534F15,0.5617218613624573
CC_9213769F6172,0.14559686481952666
CC_9213E8A22640,0.02578671686351299
CC_921410EE8E35,0.41164352297782897
CC_9215C256C3FF,0.06567026451230049
CC_921784F2585F,0.09412703365087509
CC_9218E5FB6F21,0.29438492059707644
CC_9223238E4DF8,0.04104687795042992
CC_92239DE9D11F,0.1565047174692154
CC_9227085F4FEE,0.4421297550201416
CC_9227B7671B0D,0.08200981691479683
CC_922859E64E59,0.11271686404943466
CC_9229CC35C09A,0.11888628900051117
CC_922A45DAED1B,0.06144374832510948
CC_9232D20C0C25,0.3042139828205109
CC_92350D003F9C,0.14355717301368714
CC_9236BD651210,0.10161681920289993
CC_92398D2D19D8,0.6627435088157654
CC_923CD2E42F3F,0.15860555768013002
CC_923E57488EC0,0.20110377073287963
CC_923E95B90A4A,0.2883636295795441
CC_923F618195C8,0.5793339610099792
CC_923FB08DE731,0.0444232415407896
CC_924187D97FB0,0.15715918838977813
CC_9242720133FC,0.06563029661774636
CC_924447D7C527,0.07968461513519287
CC_92492509B235,0.46755423545837405
CC_924DC21F8182,0.0819303646683693
CC_9250A2FA8D82,0.08311062902212143
CC_9254DD16D362,0.0874462902545929
CC_92560046137D,0.28724374175071715
CC_925B09D3F996,0.07448716908693313
CC_925B14F5652A,0.1639523833990097
CC_925DDDFC4F97,0.1155789390206337
CC_925EC17F6322,0.1629941314458847
CC_925FA1993079,0.19891583621501924
CC_9260A0CA1925,0.12157220840454101
CC_9266A021D91C,0.051705832779407504
CC_9267F0A7E3D8,0.19223879873752595
CC_926A5ED69727,0.07885558307170867
CC_927062E00389,0.012882450222969055
CC_927162A1B2F8,0.18463355600833892
CC_92783AADBC1E,0.07256947979331016
CC_9279C780F0C8,0.08864303827285766
CC_927B30887061,0.3956387221813202
CC_927C6C60C71F,0.1760067492723465
CC_928110FF11AF,0.14199811816215516
CC_928224B1AEA2,0.14587604403495788
CC_928519A49DF0,0.09087437093257904
CC_92877D2B66C6,0.3150924384593964
CC_9289610BE3B6,0.08064050525426865
CC_928AB5E0CD0E,0.32019202709197997
CC_928DFC8CBCC1,0.025531720370054245
CC_929578D9FDEE,0.053911753743886945
CC_929B6B841542,0.05245564728975296
CC_92A00A69CD83,0.417844557762146
CC_92A9F5B1C70C,0.2500703036785126
CC_92ABDEC95854,0.536423122882843
CC_92B29E23743C,0.7385900735855102
CC_92BC2AE8BBAF,0.4725907564163208
CC_92C40C5B364D,0.1569514274597168
CC_92C45B9F3102,0.13625239580869675
CC_92C498280A23,0.06032320186495781
CC_92C4AC2EF301,0.05245564579963684
CC_92C792FECEB5,0.31267871260643004
CC_92CB6B9CB74A,0.1539147213101387
CC_92CDA8AF1584,0.3872941792011261
CC_92CE11B153ED,0.8053049683570862
CC_92D426AF7AC1,0.5882588922977448
CC_92DDEB25634A,0.22136881649494172
CC_92DF5298538B,0.311296409368515
CC_92E19CBA7941,0.15530644059181214
CC_92E218771AF4,0.580190098285675
CC_92E23B752676,0.11000988632440567
CC_92E6C43BE3EF,0.21113776862621308
CC_92E7447CBFB2,0.07900210171937942
CC_92E7B3C68289,0.1295189842581749
CC_92ED10A0AC8E,0.6091025471687317
CC_92EDFA10A521,0.15860466063022613
CC_92F24C4A6218,0.49255104660987853
CC_92F36BF384AA,0.08644497245550156
CC_92F3743AAB05,0.18150634765625
CC_92F3B84EBD35,0.03125615417957306
CC_92F5671107C4,0.06405787616968155
CC_92F7046C417D,0.11080554276704788
CC_92F952D7030C,0.07350336015224457
CC_92F9D7D113D9,0.09910744279623032
CC_92FCFD9A3E7F,0.11587306559085846
CC_92FDA84251FC,0.34627137780189515
CC_92FEAA3C9B06,0.18552672266960143
CC_9304A6E6420D,0.23570057451725007
CC_9305112DAE30,0.16299412548542022
CC_93064203DECB,0.2763080716133118
CC_9306BC4D773D,0.3576519191265106
CC_930B1EDD1DFE,0.0884779378771782
CC_930B5527DD50,0.8771273016929626
CC_9313C8D28F92,0.05166259780526161
CC_9314FC34190F,0.1068888857960701
CC_931E54C3A36D,0.057076308876276016
CC_931E72E74A97,0.8389056205749512
CC_93207E1A883B,0.07428919523954391
CC_932398FB45F6,0.19460331797599792
CC_9324D70C4B21,0.19938522279262544
CC_9326D0C170DD,0.3820417523384094
CC_9327522FDCA4,0.10806072652339935
CC_932A460A3BA1,0.070196682959795
CC_9330FAA9E6E9,0.09213015884160995
CC_9331D7E773BE,0.2697796285152435
CC_93369618D2F5,0.13817874789237977
CC_9336D5452427,0.3705084204673767
CC_933A89FBDDEE,0.04890678003430367
CC_9341E2D0EC6A,0.07898658365011216
CC_93445EA3B06C,0.7222701430320739
CC_934AA3449713,0.22922661006450654
CC_934D33D1C21C,0.05111732184886932
CC_934DA5B2274E,0.14715038239955902
CC_934F355E3297,0.2927704811096191
CC_934FB6A966C9,0.09351610690355301
CC_935240A289A1,0.07155110090970992
CC_9356CC8BF2A5,0.11368420571088791
CC_93573A6F65EE,0.3259015142917633
CC_93595F8F0697,0.10937958359718322
CC_935BA67F8F24,0.2191647082567215
CC_93651943C1F7,0.7026935338973999
CC_93654E8BEED0,0.1707341879606247
CC_93684545BBCD,0.16395237743854524
CC_936B2180679A,0.12390350699424743
CC_936F79F03E05,0.06427552476525307
CC_936F7E8B09D9,0.16395237743854524
CC_936F8DC31AB9,0.11051141172647476
CC_936FB8B2106A,0.1093805581331253
CC_9371EEEFE2AB,0.1025150865316391
CC_9371FDAA6306,0.14314291775226592
CC_93741C5A6C34,0.13550870418548583
CC_9374348803DA,0.11259987801313401
CC_93781A13FB6C,0.1266190767288208
CC_937F77C063F6,0.15169158279895784
CC_9386A89109EC,0.22474268078804016
CC_9389D1B33F31,0.0640578769147396
CC_9389F2437664,0.04119738675653935
CC_938F8F0512A0,0.18382642269134522
CC_93988817C632,0.07555392682552338
CC_939D51928FE8,0.15599317848682404
CC_939F2BC98194,0.3733345985412598
CC_93A2E2618403,0.13550870716571808
CC_93A390B38169,0.06143556460738182
CC_93A64AD82CE2,0.0379056341946125
CC_93A653A4CCE4,0.16248259246349334
CC_93A8BCE5A49F,0.783519959449768
CC_93AB951F5F8A,0.1196726217865944
CC_93AC962421F3,0.10161681473255157
CC_93AE02CF193C,0.04566754102706909
CC_93AF6645141F,0.2225761294364929
CC_93B176A5B0D4,0.09596901834011078
CC_93B4ED0A84AB,0.061195362359285355
CC_93B67B6F54CF,0.16299413442611693
CC_93B70FBC2268,0.7620827794075012
CC_93BCB888A5F3,0.08108937293291092
CC_93BF8FC1C4EB,0.4531131982803345
CC_93C07F7C80C1,0.017945513501763342
CC_93C24E939649,0.046855039149522784
CC_93D1AB4C05CB,0.20620972216129302
CC_93D3748E57D4,0.7575854659080505
CC_93D5EEE96658,0.15175486207008362
CC_93E0FE585B37,0.07123658061027527
CC_93E625702663,0.07312352359294891
CC_93EC3E3AE9B7,0.04487471804022789
CC_93EDDBCF4BD1,0.15695143043994902
CC_93F104795B75,0.2500703036785126
CC_93F3BFF67C1A,0.6183963537216186
CC_93F76A0CA3F3,0.04487471878528595
CC_93F99508275F,0.16585749983787537
CC_93FD431A757F,0.09061169624328613
CC_93FD71A9F863,0.06977426409721374
CC_93FFEDBC449E,0.18617957830429077
CC_940578786109,0.14219231009483338
CC_9405B5271CC9,0.1431429162621498
CC_940C5D32D69A,0.09517807811498642
CC_941D5EFA9018,0.10046378672122955
CC_941F4B25E984,0.16248258650302888
CC_941F50B9C01A,0.417844557762146
CC_9423EEEA8B23,0.05263662561774254
CC_94249B8C7F50,0.5881210327148437
CC_9426635F2A9E,0.061297227442264554
CC_9426750C93ED,0.32980321645736693
CC_9427116C9062,0.11038187891244888
CC_942906C49C62,0.09406943321228027
CC_942936C97AD9,0.07732461243867875
CC_942D1F87D7A3,0.10251508206129074
CC_94338B32807F,0.3668461203575134
CC_9434AC3A70AA,0.13526158034801483
CC_9434F6AF96C0,0.3232302486896515
CC_9437440F0404,0.3934952199459076
CC_943C3C4E85C4,0.0904942125082016
CC_943F8520D4BE,0.13765308558940886
CC_943FFE9B1EF0,0.3705084264278412
CC_9442006C9626,0.6479914426803589
CC_9442FE9781F1,0.14734723269939423
CC_944765FB4B79,0.1565047174692154
CC_944A5D073AD7,0.8649925947189331
CC_944BB74BC1EC,0.08311062753200531
CC_944DE49C9A67,0.12661642581224442
CC_944ECC12BFC8,0.5824145913124085
CC_94510B089044,0.3040120482444763
CC_94525F2882AD,0.1629941314458847
CC_945BC68133AE,0.1025150865316391
CC_945E4B1602D6,0.03944488801062107
CC_94610EE9BC8E,0.1716924399137497
CC_9461F5B51C36,0.015850816667079926
CC_9465F99E1B28,0.13663222789764404
CC_9466A936B3DC,0.512506651878357
CC_9466B0A27543,0.7335242390632629
CC_946702762F3C,0.11162256896495819
CC_94696DA4AAC9,0.1253701403737068
CC_946A1FCA1E3D,0.23672518730163575
CC_946E1B8988F7,0.21636693477630614
CC_946EDAF842C1,0.051075960695743564
CC_94716BB6BF9B,0.7283925414085388
CC_94729285F466,0.053561673313379285
CC_947306655635,0.24845588207244873
CC_94750C4E2BD2,0.11888628900051117
CC_94757C203A44,0.5209763467311859
CC_947631549607,0.05420190244913101
CC_94771A48955E,0.15599317848682404
CC_9477E948D341,0.10991260707378388
CC_947933368700,0.18617069721221924
CC_947EEE5186F8,0.09707766622304917
CC_9480A6E73D94,0.019288914650678633
CC_94822BA9847A,0.009278846159577369
CC_948314B9B684,0.17990551590919496
CC_9483D2A297EE,0.15650472342967986
CC_9483E3A12EA1,0.07549632340669632
CC_9486AF073404,0.5853360533714295
CC_948EFB088891,0.11920519918203354
CC_9492B760F8C6,0.5464235067367553
CC_9493B84EE83F,0.2541327834129333
CC_949F8C9D9B81,0.524371725320816
CC_94A4929B4790,0.15402179658412934
CC_94A495031F61,0.061297228932380675
CC_94A81005687D,0.21002687215805055
CC_94ADE7720843,0.17169244289398194
CC_94AF182C93FF,0.22410902976989747
CC_94B0C650D4D9,0.08006270676851272
CC_94B0E7A88E20,0.22726352512836456
CC_94B32E78366A,0.08400889486074448
CC_94B63A8E8528,0.1363043636083603
CC_94B8E8378508,0.080960975587368
CC_94BCA5B30421,0.7339977979660034
CC_94C0A7E12FD2,0.0699026808142662
CC_94C69720EAD2,0.1122969388961792
CC_94C77B6F2B87,0.19741448760032654
CC_94CB2A4A4F20,0.5485924482345581
CC_94CD49868D84,0.2319743126630783
CC_94D1B933D927,0.08006270676851272
CC_94D4385211E1,0.05823723152279854
CC_94D57937CCE5,0.7138841867446899
CC_94D61BDAD45B,0.07762092053890228
CC_94D650911045,0.11134104281663895
CC_94DB0677F7C2,0.5881210446357727
CC_94DE2CCE2B09,0.08846204280853272
CC_94DE52ECCCBB,0.19433798789978027
CC_94DEA755FC3B,0.24969111979007722
CC_94DEAA396F91,0.14627486616373062
CC_94E5D40325B2,0.07105101570487023
CC_94E7E6AB7D2D,0.6468005895614624
CC_94E8D8B91FE1,0.21078589260578157
CC_94EF1E5D4A15,0.04309861734509468
CC_94F13FF23D79,0.10958622097969055
CC_94F29F2A2D84,0.4178445637226105
CC_94F7FA39CBD5,0.8389056324958801
CC_9501940176AA,0.15650471448898315
CC_9503BAAFB857,0.11381699740886689
CC_9504D358B0B6,0.0859792783856392
CC_95098B30EF9C,0.18188912570476531
CC_9509B25E3510,0.11217621564865113
CC_950CAA827AC4,0.12000085562467575
CC_950D62C739E3,0.15211524665355683
CC_95140374A892,0.2899492561817169
CC_9518C9A79108,0.08448609858751296
CC_9518E7A75632,0.1472817361354828
CC_9525A21B3CF7,0.17213939130306244
CC_9529335F979A,0.09044763296842576
CC_9529E36C543A,0.506172901391983
CC_952EA1F3A4D5,0.08400889784097672
CC_952F0C921B1B,0.03763536550104618
CC_9531CC6E5259,0.3114126980304718
CC_9532629C3C57,0.16344083547592164
CC_9533AFE39106,0.1586046576499939
CC_9536B41EBE3E,0.05050167515873909
CC_9536F9C488C0,0.1813486248254776
CC_9538649C55B9,0.10724384933710099
CC_9540C78F8371,0.19305436313152313
CC_9543BC18CB2F,0.14952525049448012
CC_954664815BF3,0.031166963651776312
CC_954BFDA767F4,0.2011182725429535
CC_954D709E7E86,0.1763798326253891
CC_954EFA90D177,0.23562826812267304
CC_9550BE43BCE4,0.09989292919635773
CC_955170FAE574,0.24504917562007905
CC_9551F8102002,0.48038175106048586
CC_955379D397CB,0.05823723152279854
CC_95542A2A5F50,0.128231044113636
CC_9555C3A3A58E,0.08073783069849014
CC_95572DF671A8,0.9913092970848083
CC_9557A3D5C201,0.055515643954277036
CC_9559D59E651E,0.1840529978275299
CC_955A63DFE8AB,0.46792091727256774
CC_955C4774C140,0.1254996731877327
CC_955DAA3BA44A,0.09402974545955659
CC_95610855ACA4,0.2697796285152435
CC_95629083F089,0.6627435088157654
CC_956A64E5BC35,0.44212976694107053
CC_956D75F22393,0.1624825894832611
CC_956F7C2604E1,0.7786934852600098
CC_957664784C27,0.10334813296794891
CC_9576833B2F14,0.03098588455468416
CC_95779EAFF606,0.7735928416252136
CC_957AA0436B04,0.08075516670942307
CC_95802EE5928B,0.07321139127016067
CC_95822831F5EF,0.06136317402124405
CC_95830D185CD7,0.06442317292094231
CC_95835E792B97,0.05748324170708656
CC_958398BF3906,0.24262160658836365
CC_9584A0B242A9,0.18152810335159303
CC_95862F8919B7,0.37555716931819916
CC_958642AEC472,0.07768990993499755
CC_958A461C7FDE,0.2788316607475281
CC_958BC1362809,0.009278846159577369
CC_958BCE504513,0.06877078041434288
CC_958F46132030,0.14314291328191758
CC_959204BF8D0C,0.32722052931785583
CC_9593D9666264,0.061297230422496796
CC_95958C635EA1,0.1814921796321869
CC_9597A45A9701,0.10167441964149475
CC_9598D9FBD555,0.5657663226127625
CC_959E35C81EEA,0.012612180039286613
CC_959F1E2D7C51,0.06990716978907585
CC_959F4578484C,0.07554777413606643
CC_959F6394951C,0.24169625639915465
CC_95A1CFFB01B5,0.2401844948530197
CC_95A3146A5AC2,0.6619498610496521
CC_95A7DE776467,0.16344084441661835
CC_95A8527966A8,0.690928840637207
CC_95AA10685437,0.1214762806892395
CC_95AAE5937948,0.039280701987445356
CC_95AC13AD6BF0,0.23609477579593657
CC_95AE56757E0B,0.18584782481193543
CC_95BA73143BD8,0.08946336060762405
CC_95BAB9E71DC5,0.11122700273990631
CC_95BC70AADAAD,0.14571548700332643
CC_95BD2C4D0AE9,0.1241884097456932
CC_95BDD5EDDF85,0.037635364755988124
CC_95BF2F98A295,0.07554777562618256
CC_95C0BED6E1AF,0.06099787876009941
CC_95C2A2FCD176,0.041046877205371854
CC_95C39D51A802,0.07443571835756302
CC_95D54B97CC22,0.3576519191265106
CC_95D5CB6F97EC,0.6472155570983886
CC_95D7391DB939,0.009278846159577369
CC_95DC9CA4529A,0.4280012220144272
CC_95E54D7C8816,0.1119695782661438
CC_95E8DDA64413,0.12365225553512574
CC_95E9B57AD316,0.366522005200386
CC_95E9DCD98EAB,0.22580944001674652
CC_95ED8AB0DFCC,0.16007835566997528
CC_95EF53C1CA1E,0.07648278325796128
CC_95F83BE5DCF1,0.7790727615356445
CC_95FA2CB1E6B8,0.11051141321659089
CC_95FB332B602C,0.1363043636083603
CC_95FC1D71C439,0.5626816868782043
CC_95FE165AA3E7,0.7407545566558837
CC_95FE1C016102,0.21215847432613372
CC_9600B3DCC88E,0.13819067180156708
CC_96019119845B,0.1535102605819702
CC_96058A1A1906,0.27713524699211123
CC_9610BBF27254,0.1651396185159683
CC_961848FADC13,0.24135042130947112
CC_96185CD65F6D,0.6856988906860352
CC_961860A5CB95,0.04371379613876343
CC_961CA96EADBD,0.04077660776674748
CC_961EDEB38C49,0.2945993602275848
CC_961F4DAA208F,0.006458333507180214
CC_9624480F2828,0.08316823095083237
CC_9624BA9B14FA,0.14652447700500487
CC_962BAA0180B3,0.6931321620941162
CC_9632C8C51784,0.08206503316760064
CC_9632FAF12968,0.6449458003044128
CC_963317C634A7,0.2689524531364441
CC_96383E75E649,0.20485480427742003
CC_963C0A992FC1,0.07684775441884995
CC_963D08B3005B,0.11122700423002244
CC_963E470BA402,0.11544940173625946
CC_9644984DF5C3,0.6804713368415832
CC_96499350271A,0.12611271291971207
CC_964CBEEE401D,0.07123658061027527
CC_964CCA749BB5,0.1629941314458847
CC_964D4F688228,0.16299412846565248
CC_9650D9A498BF,0.1119695782661438
CC_96512C3D3A9D,0.05077660903334617
CC_965200EF412C,0.1981829434633255
CC_9657A6320940,0.10251508504152299
CC_965E8C4E29C4,0.2424599587917328
CC_965F33944AA7,0.13927391469478606
CC_965FE01791DF,0.16395237743854524
CC_9665C8600681,0.5845099925994873
CC_9667C2016494,0.2764550864696503
CC_966826A06AAB,0.037635364755988124
CC_966AAF6A148A,0.21938080191612244
CC_966D5FB4F143,0.1491015911102295
CC_966F651925A2,0.12980126738548278
CC_967138E15915,0.14715038239955902
CC_9672A60A858F,0.20339975953102113
CC_9675D5DBBAB9,0.11483025252819061
CC_967723D3B9CF,0.15592692494392396
CC_967D6ACE6CB5,0.08090168833732606
CC_967D7FC9740D,0.10937958806753159
CC_967ED2FFD3BE,0.15956381261348723
CC_967F1BCA3CD3,0.06762953326106072
CC_967FD4C5C41A,0.31407155096530914
CC_9684281748C5,0.04330369345843792
CC_968443F31CC8,0.14734723269939423
CC_9684C24C70D8,0.09989390373229981
CC_9687149782A4,0.17073419094085693
CC_96884C7991DB,0.73240567445755
CC_968F3F9A86A8,0.2045656770467758
CC_969371CBFC5A,0.1547948896884918
CC_96957ED8CE30,0.12838379591703414
CC_9695820C04AE,0.13775508403778075
CC_9697CD059E63,0.4436357021331787
CC_969B17D4AE8E,0.10901066660881042
CC_969ED09344A5,0.31674819588661196
CC_96A7C6A1BC78,0.07617144584655762
CC_96A7CC5C3344,0.11113192588090896
CC_96AF3727A1BB,0.1586867094039917
CC_96B4185480B3,0.15340318232774736
CC_96B85B79990F,0.9032142758369446
CC_96B898E43E2D,0.14677056968212127
CC_96BB65B55C8C,0.15599317252635955
CC_96BD830244AF,0.10255247354507446
CC_96C059A9DB70,0.09386705458164216
CC_96C06B2187FE,0.7413497924804687
CC_96C3C853A6A0,0.6671680331230163
CC_96C63BB58935,0.7246165037155151
CC_96C6E5849E46,0.051475702226161955
CC_96C9029958F6,0.01564248315989971
CC_96CF3AE65C29,0.12407591640949249
CC_96D107E91BDE,0.15487297177314757
CC_96D4FB094913,0.13508504629135132
CC_96DA0109E940,0.05551564320921898
CC_96DC2F41AADC,0.16344083845615387
CC_96DE02A7700C,0.1919243723154068
CC_96E0B16CF415,0.1350850433111191
CC_96E0CA890231,0.6261066198348999
CC_96E4FCF08E87,0.12474204152822495
CC_96E879074800,0.07136235460639
CC_96EB6B6C4A34,0.12878275364637376
CC_96ECE56D1DF2,0.19456997513771057
CC_96F2D1BE9109,0.14910158812999724
CC_96F2EA1D88F8,0.23724460005760192
CC_96F30688F835,0.1716924399137497
CC_96F3215E1B85,0.7505689263343811
CC_96F35D7CC867,0.05006770342588425
CC_96F4098EAC27,0.061297228932380675
CC_96F40F8D0379,0.4268916666507721
CC_96F5BE4B4F36,0.036286887153983115
CC_96F66134F3EE,0.11038187593221664
CC_96FA5804BFC4,0.15071692168712617
CC_96FA9686E5E1,0.1499587118625641
CC_96FAEFD659C5,0.07496930584311486
CC_96FD522D70E8,0.07169762253761292
CC_96FE8F842DB3,0.04104687795042992
CC_96FED971B655,0.09044762998819351
CC_97047A3C15E2,0.20934028327465057
CC_970486F59FD8,0.037905634939670564
CC_97059BBD6FBE,0.07594948559999466
CC_9707C4E39DAB,0.14952525347471238
CC_970C32F7FEE3,0.08196229338645936
CC_970E272F73B2,0.20016975104808807
CC_970F0031C5C6,0.1104697123169899
CC_970F0D85EB63,0.3382559061050415
CC_9712B26408CC,0.1569514274597168
CC_97188ACE5303,0.5363206923007965
CC_971A80130D71,0.12407591789960862
CC_971C58E7EBD2,0.11210008710622787
CC_971D4E01108F,0.3121191442012787
CC_971DCD18BB35,0.16299412548542022
CC_971E1749A0CD,0.20116551518440245
CC_9723B91A38DC,0.19724891781806947
CC_9723EF887C61,0.1085849016904831
CC_972593589D46,0.06442317217588425
CC_9727E0458809,0.14963232427835466
CC_9728CA5AF50F,0.05105414167046547
CC_972F8AF3AB13,0.054054254293441774
CC_9736C6426FBE,0.061297228932380675
CC_9737850D67A6,0.08400889486074448
CC_97386FD71343,0.35359628200531007
CC_973CD69E3FB0,0.16395238041877747
CC_9745C7ABC153,0.1191953495144844
CC_9749FF690A0E,0.11544940322637558
CC_974AAB27EC0D,0.09133240878582001
CC_9753E9D79B0A,0.7452518820762635
CC_97565357D6DD,0.15351025760173798
CC_975850FD3B1C,0.27713524699211123
CC_975C04E9C3DE,0.1825719177722931
CC_975CB89988E5,0.06405787393450738
CC_9763FEFF1B16,0.717799186706543
CC_9764AD069579,0.7026935338973999
CC_9764D4A64860,0.1581174373626709
CC_97661C0FC152,0.2208508551120758
CC_9767ABEF0B1C,0.12537013739347458
CC_976A80FCEA4F,0.024715824425220488
CC_977126F292DD,0.4178445637226105
CC_9771275E529D,0.28896125555038454
CC_9773AC2F0118,0.1850009471178055
CC_977941331C01,0.4789043366909027
CC_977A6EF0004D,0.12352272123098373
CC_977AF522149E,0.46678844690322874
CC_977B2D20353E,0.6172903180122375
CC_977D033D0A0C,0.09707766473293304
CC_977DB03C8C6E,0.3745017945766449
CC_9782557B7D14,0.0290733877569437
CC_978618D07C20,0.785701048374176
CC_9786DD6BA201,0.6841720819473267
CC_97878EE6ECCF,0.20837225914001464
CC_9787B03BACFF,0.14346930086612703
CC_978E13B282BF,0.1105162501335144
CC_978E272EA29F,0.2155676007270813
CC_978FC5FA5311,0.11528113186359405
CC_979002539E11,0.419044154882431
CC_9795E4550DF8,0.17169243693351746
CC_9797A1B730DA,0.01615384705364704
CC_979F1B1BF1FB,0.0803725317120552
CC_97A6F96954AD,0.12656621634960175
CC_97A87F1959BB,0.04104687795042992
CC_97AAB5D78EC5,0.722270154953003
CC_97AC1F87F091,0.03735131211578846
CC_97ADDFF95F04,0.15869253277778625
CC_97AE6F66CD8A,0.05849393755197525
CC_97B0AB134BF9,0.14715038537979125
CC_97B4B88D8712,0.14219230711460112
CC_97B5CFFC6614,0.15262678563594817
CC_97B88FE18118,0.08273998498916627
CC_97B91775CE9C,0.08538436740636826
CC_97BD5D195DDA,0.16395238041877747
CC_97BFA8A618FA,0.0799003705382347
CC_97C1FBDF0546,0.11923263520002365
CC_97C2FC6730CA,0.17890067994594575
CC_97C515AB4113,0.28904380202293395
CC_97C713652716,0.08128696233034134
CC_97CC99428183,0.04487471766769886
CC_97CCE58865E1,0.17663797438144685
CC_97CCF135184B,0.07138310074806213
CC_97CF2E84BE62,0.14797910004854203
CC_97D0C4B118B6,0.0430986188352108
CC_97D5EC942C32,0.055696622282266614
CC_97D7185B3E82,0.21716156005859374
CC_97D73A8F0F6E,0.7620827913284302
CC_97DBA431DFA2,0.06703616976737976
CC_97DD6B43AA20,0.14952525198459626
CC_97DDC617DE6E,0.34707319736480713
CC_97DE3FEE55A9,0.019184149242937563
CC_97DF7DE7A60E,0.11217621266841889
CC_97E1C8EB9334,0.16299412846565248
CC_97E9AB22F880,0.19305435717105865
CC_97EA5660B2D7,0.10116078406572342
CC_97EEA36A5056,0.1494480699300766
CC_97F1B50C9F2B,0.1624825894832611
CC_97F396E26FBA,0.4853495001792908
CC_97F47E90B73E,0.6026923060417175
CC_97F520FE1117,0.06250435337424279
CC_97F61A55294E,0.36189754605293273
CC_97FD4B00B05B,0.09302842766046523
CC_97FE96060079,0.13476613014936448
CC_9801E056FDAE,0.07554777413606643
CC_980A88F77482,0.26548653841018677
CC_980CF333F19C,0.06442317217588425
CC_981912DCF4A8,0.15340318232774736
CC_98197C75459B,0.10161681473255157
CC_981A1BA9CDCD,0.08090169131755828
CC_98200A8D25ED,0.030985884740948676
CC_98241CFE28C8,0.09731213152408599
CC_98265FBE4F5F,0.05838375017046928
CC_98274DF6B862,0.06703617125749588
CC_9829AEC09419,0.13635753840208054
CC_982B8CBF9FB8,0.10161681622266769
CC_9830EC45F3E2,0.11815769672393799
CC_9831D30DC7DD,0.7552447319030762
CC_98387F5E38FF,0.004926783964037895
CC_9839A897675F,0.5727840781211853
CC_983E30C55B02,0.009278846159577369
CC_983FE440DFA5,0.07123658061027527
CC_98446CD9D196,0.4050285339355469
CC_98467B7DAE54,0.222749662399292
CC_98480C75B0FA,0.04371379539370537
CC_984E4F91CDFB,0.08744159489870071
CC_984FE0AD0782,0.7407545566558837
CC_98510642EA07,0.07196785062551499
CC_9853CBC92B82,0.046855039149522784
CC_9856A284D68E,0.17680895030498506
CC_9858A1653CFA,0.10351640284061432
CC_985B07B6CD1E,0.24172706604003907
CC_986729F8496A,0.16299412846565248
CC_9869ED0439C3,0.11703887283802032
CC_986A8F49F8CC,0.13519913405179979
CC_986B76A30161,0.4867155015468597
CC_986EEB87E3E1,0.3992022216320038
CC_986F357A29D0,0.1234196275472641
CC_9875DCD23C99,0.636471426486969
CC_9879B339D65E,0.4652825057506561
CC_987ABDFCC7E4,0.17507272362709045
CC_987AD622D141,0.08951830863952637
CC_987B645B3435,0.16299412846565248
CC_987F9D26489B,0.16304649412631989
CC_9881AE769137,0.04890677854418755
CC_988330459286,0.3493805229663849
CC_98834A5783E0,0.055696622282266614
CC_988487F1820D,0.04668424278497696
CC_98854082EB45,0.11444729566574097
CC_988837174890,0.6450843453407288
CC_988A1A9CAFB3,0.3426597356796265
CC_988C14467EF9,0.23991038799285888
CC_988DC6ED29CF,0.1636486053466797
CC_988E858E67C1,0.2828932642936707
CC_98905E20F115,0.11444729715585708
CC_9892E1B74196,0.09489751756191253
CC_9893FDE341B8,0.395042872428894
CC_98957749A29E,0.1586046576499939
CC_9898C4CD75B8,0.606936001777649
CC_989E96A9AE0B,0.168921160697937
CC_989F83062FB3,0.09503336101770402
CC_98A000DCD895,0.15809401869773865
CC_98A105F7178B,0.09602317735552787
CC_98A4A3961CB6,0.2668828248977661
CC_98AA5AEB25A3,0.012612179666757584
CC_98B1C9EAF5F9,0.22346166968345643
CC_98B49349E10E,0.15047024488449096
CC_98BADDD5B46F,0.1757271945476532
CC_98C4060202AF,0.1716924399137497
CC_98C43575629A,0.15860465466976165
CC_98C8793838A4,0.07324460372328759
CC_98CAD3AC68E0,0.3501929402351379
CC_98CE1814DF9B,0.17234691381454467
CC_98CFA41E3442,0.11453201323747635
CC_98D6CC9D5CF0,0.6841720938682556
CC_98D6FC469A51,0.19177306294441224
CC_98D7324F72A4,0.6627435088157654
CC_98D89A29A372,0.5464235007762909
CC_98DBE0FE8D39,0.10242721289396287
CC_98DC203CE541,0.7026935338973999
CC_98DD297D60A8,0.16344083845615387
CC_98DE5AED637C,0.05114190354943275
CC_98E02024D306,0.06405787542462349
CC_98E07C8E9564,0.505509740114212
CC_98E5970E3904,0.5182765781879425
CC_98E8D44B0529,0.06405787542462349
CC_98E9CAF33E27,0.18086376190185546
CC_98EE2ED2BE0A,0.12838379740715028
CC_98F1DDCE75F9,0.08317390382289887
CC_98F2688C989D,0.09593163132667541
CC_98F3F9A24225,0.1490856647491455
CC_98F5EDC71A06,0.0582372322678566
CC_98F7F5D08527,0.14617572128772735
CC_98FCB8955EC7,0.2826908051967621
CC_9900D5D2F1D0,0.17396656274795533
CC_990438B9C8B3,0.1485505923628807
CC_990530034713,0.055696623772382735
CC_9908C1CEA041,0.11701203733682633
CC_990974187BFB,0.6060995578765869
CC_9910ED07DC24,0.11772048622369766
CC_99132BC81F36,0.7614875555038452
CC_9914B7668E55,0.17437137961387633
CC_991616798739,0.35765190720558165
CC_991A1DA5E063,0.33855586051940917
CC_991A65AC144C,0.17924858033657073
CC_991CF8DF93E1,0.04229913596063852
CC_991D14AA96ED,0.09707766622304917
CC_9923649E630F,0.05050167515873909
CC_992810DAB8A7,0.11745290160179138
CC_9929E955C9F4,0.05282834768295288
CC_992C35C86D44,0.3602492451667786
CC_992CAEB63DF1,0.10937958657741546
CC_992D954E2F5C,0.7525775313377381
CC_992DCE0CA792,0.1974144846200943
CC_992DD0D08A60,0.05126814618706703
CC_9932E09ABB41,0.15169158279895784
CC_9936812CC394,0.0970776692032814
CC_9936CFE77679,0.17118090391159058
CC_9937A7AFEA7E,0.03763536512851715
CC_993AE43FF5AE,0.1305172011256218
CC_993B89013EFB,0.30422440767288206
CC_993C1D353EF8,0.23065693378448487
CC_993E2D417FC4,0.5072789311408996
CC_9941C1F05753,0.15746296644210817
CC_9942F04E4420,0.1896883487701416
CC_99449C21262B,0.04566754028201103
CC_9948D0D90A84,0.05050167515873909
CC_9948DB73B5AA,0.10473572164773941
CC_994B16224B26,0.03895330205559731
CC_994E20090196,0.06869555562734604
CC_995A5D5A2739,0.14012926071882248
CC_996001F892CE,0.12797241806983947
CC_9960E59F494A,0.09517807960510254
CC_9961253F92C4,0.010214848816394806
CC_99626988E816,0.15597190260887145
CC_996287641E43,0.6421284198760986
CC_9965A238442A,0.05539726912975311
CC_9968D6A1D1E5,0.4789043486118317
CC_996A8D9B2CC2,0.09593162834644317
CC_996B4F1F4A74,0.14715038239955902
CC_996B73BE8CCF,0.6265628695487976
CC_996E9104C466,0.16733265519142151
CC_996F8FD2C18A,0.14734723269939423
CC_997347F1CD25,0.2945993602275848
CC_997375DCDAFC,0.0874462902545929
CC_9973E6A54EA2,0.16395237445831298
CC_9974D8870F19,0.07447634637355804
CC_99763712603D,0.061297228932380675
CC_997D5A7F7207,0.050067701190710065
CC_99815EA20C51,0.0959316298365593
CC_99827504C8F2,0.6841720938682556
CC_9983A0927404,0.06405787542462349
CC_99884C8AC6A4,0.15599317848682404
CC_998ACB251F46,0.5853145956993103
CC_998D1461748D,0.16395238041877747
CC_998D76801DA7,0.06129722967743874
CC_999E2D80EA3F,0.17776720225811005
CC_999F4FCD9249,0.1158730685710907
CC_999F9CEBA195,0.7452518939971924
CC_999FE40C4AD1,0.7110424280166626
CC_99A24AFDCE70,0.06679596975445748
CC_99A28CA808A5,0.14928092509508134
CC_99A83502E95D,0.012309148907661438
CC_99A98A048300,0.05361656695604324
CC_99AA5338840A,0.02289251796901226
CC_99AF513D1691,0.2945993661880493
CC_99AFC3A96C03,0.041046877205371854
CC_99B6EFCC0563,0.157741716504097
CC_99BCBF3FFF88,0.15003679543733597
CC_99C43AEFE1B3,0.19705206155776978
CC_99C86A88C05C,0.15421608388423919
CC_99C898D3AAA5,0.04309861734509468
CC_99CA8B4AADE7,0.22971204817295074
CC_99CC97AFFBE9,0.2886947900056839
CC_99D7D6CA7EB7,0.22620897591114045
CC_99DD36B79676,0.1730976402759552
CC_99DE8681D1C5,0.03622070383280516
CC_99DF248DDC04,0.1336185723543167
CC_99DF59BFD684,0.8771921157836914
CC_99DF6DEB4B62,0.019288914278149605
CC_99E29DFE0BD5,0.09501538872718811
CC_99E2FE9256D9,0.1624825894832611
CC_99E3F5BA13EF,0.08044382929801941
CC_99E8213757BC,0.1719912737607956
CC_99F255392513,0.06129722967743874
CC_99F7CF29223E,0.11928311735391617
CC_99FBB9031540,0.17703430950641633
CC_99FBFFE2F6D5,0.287422251701355
CC_99FF6246B684,0.6841720581054688
CC_99FF9AB18421,0.2562530606985092
CC_9A01A52861AD,0.3121191382408142
CC_9A0A60530AA4,0.10538544952869415
CC_9A0FC7C77BC7,0.01918414980173111
CC_9A1301BC801D,0.12920641601085664
CC_9A13DF86BEE1,0.04664748460054398
CC_9A14A7D84A1B,0.11259987801313401
CC_9A168F010E4C,0.03004915751516819
CC_9A171C77CA72,0.06442317068576812
CC_9A29ED9ACA7F,0.26788082122802737
CC_9A2FC2A678B7,0.24933741092681885
CC_9A3016BBAC37,0.11185730397701263
CC_9A311651A4C7,0.07662930339574814
CC_9A342AC2621E,0.7407545566558837
CC_9A343C8F569C,0.14087930619716643
CC_9A38B10723E5,0.06129722967743874
CC_9A39E253AF08,0.1543481856584549
CC_9A3CBDA8395B,0.11661520302295685
CC_9A40401ABB0A,0.1713886648416519
CC_9A408D1A68E3,0.21956321895122527
CC_9A459765996D,0.061297230422496796
CC_9A476B3E0A6F,0.02262224778532982
CC_9A4D255CA9FD,0.06992078423500062
CC_9A5003E05A7A,0.7290269017219544
CC_9A527BA3EC81,0.1278586208820343
CC_9A54E3DF0F85,0.15211524367332457
CC_9A5524F7ACD5,0.3017405390739441
CC_9A58703FF2E1,0.32007935643196106
CC_9A5AFAAF235F,0.0859186366200447
CC_9A5C807B420A,0.14925122261047363
CC_9A5E08886480,0.10161681771278382
CC_9A5F286660E0,0.805305016040802
CC_9A6088ED6EFE,0.804059648513794
CC_9A63DC86BF71,0.15599317848682404
CC_9A6EDD2A4981,0.5842572689056397
CC_9A77EC2042DB,0.05453570038080215
CC_9A7E11F28021,0.47890433073043825
CC_9A7FE9D5226F,0.11679825633764267
CC_9A83930DC383,0.20044105648994445
CC_9A8984EFF077,0.07123658061027527
CC_9A8C1D5A71B7,0.16395237445831298
CC_9A8C39C88FE7,0.05361656844615936
CC_9A8D431E8D54,0.1804145961999893
CC_9A971A0A6D6E,0.33864874243736265
CC_9A9CBCF5FAD4,0.07256948053836823
CC_9A9DE4FC2569,0.5672406792640686
CC_9AA1B789058B,0.10431205630302429
CC_9AA2965BCC49,0.06257029846310616
CC_9AA661F07DDE,0.1996435433626175
CC_9AA94DA24C2E,0.11544940322637558
CC_9AAAAA12F92B,0.24798907041549684
CC_9AAEC0A3C90A,0.10255247503519058
CC_9AAF6A221EFB,0.20177449584007262
CC_9AB24C136B8F,0.22474268972873687
CC_9AB30355A267,0.058728305995464324
CC_9AB3C1C22F4B,0.12920641899108887
CC_9AB771866CFF,0.12872333079576492
CC_9ABA8905D59B,0.08644497394561768
CC_9ABB82B817FA,0.6841720819473267
CC_9ABE39731ABD,0.032891905307769774
CC_9ABEBACE59C5,0.0874462902545929
CC_9AC249F7D583,0.6091025590896606
CC_9AC3F405E51D,0.2025521069765091
CC_9AC42994F826,0.06032320186495781
CC_9AC84F2E83E4,0.021757450699806214
CC_9AC94936EF1C,0.17022264897823333
CC_9ACB2F13F9AB,0.6896138668060303
CC_9ACD5206EF5E,0.4234874129295349
CC_9ACD55D828BF,0.24800333380699158
CC_9AD3C1FCDC11,0.6672515749931336
CC_9AD47C871032,0.7110424280166626
CC_9AD48D80B3F9,0.35377084016799926
CC_9AD6CDD081A8,0.06648187637329102
CC_9ADA5B86AC25,0.23609477877616883
CC_9ADDD7168C96,0.14715038239955902
CC_9ADF233A3D67,0.10357114672660828
CC_9AE029511609,0.28241254687309264
CC_9AE0D528E895,0.838905644416809
CC_9AE12B23F5FE,0.4066429793834686
CC_9AE25064E161,0.08662672266364098
CC_9AE3DD9C4892,0.1559931755065918
CC_9AE3EC55C2F5,0.04371379688382149
CC_9AF19552DC01,0.07662930339574814
CC_9AF2592C810C,0.14271925240755082
CC_9AF5D84C1B45,0.1029418244957924
CC_9AF9AF1A9997,0.09695836007595063
CC_9B0226711A48,0.14766192436218262
CC_9B0327BFA162,0.08638568371534347
CC_9B0382DC26C8,0.11703887283802032
CC_9B040A58CD75,0.1657020002603531
CC_9B050E5A0E35,0.052284848690032956
CC_9B06AF154762,0.08304502218961715
CC_9B07FBEFE4C0,0.16299412548542022
CC_9B08AE1AF7B6,0.050776608288288116
CC_9B0929A5393B,0.12487157285213471
CC_9B1081F0DB34,0.3167482018470764
CC_9B1502A27C95,0.28079200387001035
CC_9B18C3CCC572,0.041046878695487975
CC_9B1AD8400198,0.27533518671989443
CC_9B1F939DA250,0.7730378985404969
CC_9B2167286546,0.16773298382759094
CC_9B23A2A8E40B,0.3391787886619568
CC_9B23F4DF4013,0.10866883099079132
CC_9B25DA0694AE,0.061297228932380675
CC_9B27CE1F22BB,0.041620219871401784
CC_9B2848E15240,0.06977426409721374
CC_9B2B1406B94B,0.16299412846565248
CC_9B2E3EC2D193,0.738495147228241
CC_9B2F8167CB6D,0.32148101925849915
CC_9B3390A57B16,0.06740146726369858
CC_9B3F76AEE5C4,0.22761731445789338
CC_9B4084E04035,0.07446906641125679
CC_9B441ED5A9F7,0.15746296644210817
CC_9B442BD9F14C,0.1606825187802315
CC_9B48297FCE76,0.18528146743774415
CC_9B4BBE9B4292,0.11101416498422623
CC_9B4EE7104652,0.1569514274597168
CC_9B4F40D51210,0.17776720523834227
CC_9B5204E6D766,0.16182406842708588
CC_9B53A6514133,0.3119067966938019
CC_9B553035A577,0.10241247117519378
CC_9B5AC5B90415,0.1581827536225319
CC_9B5C65CC0B17,0.11165066808462143
CC_9B5EF1DBF7B8,0.2872437357902527
CC_9B64578C7CFB,0.2486194849014282
CC_9B64934CB771,0.033079459145665166
CC_9B66E9EBAE1F,0.1716924399137497
CC_9B67FEC26352,0.1367201030254364
CC_9B6AE4DA9AF8,0.47890434265136717
CC_9B6C98FDFC45,0.049314402788877484
CC_9B6F1F1D811D,0.2146848738193512
CC_9B70925287B5,0.20315231680870055
CC_9B71B2D75EF1,0.17971325516700745
CC_9B76D1195855,0.0526366226375103
CC_9B86CABE0D76,0.054529474675655366
CC_9B8756EDA273,0.10335371196269989
CC_9B8948988C5D,0.06344914585351943
CC_9B8979940171,0.6472155570983886
CC_9B8B3789AB86,0.12199464589357376
CC_9B8D8E5FF262,0.17703431248664855
CC_9B8E7080EAA4,0.1586046576499939
CC_9B92D1ED6BDB,0.07686709761619567
CC_9B9352FE593C,0.7864744782447814
CC_9B9798291FCB,0.16248258650302888
CC_9B984819E10A,0.1642447829246521
CC_9B98D755310C,0.13150494694709777
CC_9B9BAE3AFC1F,0.29177272915840147
CC_9BA196786679,0.08554200828075409
CC_9BA25541E1FD,0.03784558288753033
CC_9BA650B8ECE5,0.028349646646529437
CC_9BA674FB0F33,0.39129427671432493
CC_9BAA09933D00,0.1218731090426445
CC_9BAFB5996D09,0.009278846159577369
CC_9BB103CD73C1,0.19114318192005159
CC_9BB18E89EEDA,0.11259987503290177
CC_9BB2A41EFB4C,0.3042798936367035
CC_9BB6A7228385,0.01564248315989971
CC_9BB6F7219762,0.038953300938010214
CC_9BBE41330385,0.8206703901290894
CC_9BBE87990208,0.08644497245550156
CC_9BC22982509C,0.15391472578048707
CC_9BC3D103E0DB,0.1716924399137497
CC_9BC3F6DE3606,0.12474204003810882
CC_9BC8E6693A69,0.06405787616968155
CC_9BCCF360D38D,0.05882256478071213
CC_9BCD717701B6,0.08644497245550156
CC_9BD00BE180F9,0.07899613827466964
CC_9BD5182312A3,0.3575322389602661
CC_9BDB7AA1F4B0,0.15650471448898315
CC_9BDE04C705CF,0.1617618605494499
CC_9BDE0FC897DD,0.7071274518966675
CC_9BDE329D8CFB,0.4550948143005371
CC_9BE07796D896,0.7407545566558837
CC_9BE10C3CFDAB,0.24245995581150054
CC_9BE64542855C,0.30340167284011843
CC_9BEE34AFAA50,0.39230976104736326
CC_9BF1F1A14C05,0.16248259246349334
CC_9BF33E72349D,0.21543175876140594
CC_9BFB55A5040D,0.1629941314458847
CC_9BFE9A3FB158,0.24368757307529448
CC_9BFF6DA0D2B2,0.1591161996126175
CC_9C01D171DBA6,0.7614875555038452
CC_9C04763BFEEE,0.08311062753200531
CC_9C08C37C81CE,0.11185730248689651
CC_9C0BFA7E2991,0.16715508997440337
CC_9C19852A48A4,0.9177794933319092
CC_9C199E353EDD,0.1618913948535919
CC_9C1AE13537AA,0.0891352877020836
CC_9C1B2CE64CA8,0.09505877494812012
CC_9C2140BB2ADD,0.20252423584461213
CC_9C234B76E4B3,0.7595202088356018
CC_9C24C9B91660,0.6457394599914551
CC_9C26466CA737,0.48005372285842896
CC_9C28DC2FFEF0,0.07123658061027527
CC_9C29D31C5255,0.1436935007572174
CC_9C2D8B503348,0.06442316994071007
CC_9C31BD5AE1D6,0.7026935338973999
CC_9C331BFEA7AC,0.4696241617202759
CC_9C35D406D978,0.13961493223905563
CC_9C3650660E0B,0.29956896007061007
CC_9C376770370C,0.7463577389717102
CC_9C3B71F64F12,0.03622070364654064
CC_9C406D376012,0.29459935426712036
CC_9C4306182754,0.17452092468738556
CC_9C44157D5072,0.18434646725654602
CC_9C45FB432343,0.16395237743854524
CC_9C47BC556732,0.7110424041748047
CC_9C4A51F9F04F,0.09087339639663697
CC_9C4ACAC8E73F,0.20965554416179658
CC_9C56828085E1,0.39485775828361513
CC_9C5837F63D28,0.10937958508729935
CC_9C58EE7BED09,0.2156681537628174
CC_9C5C83607EF0,0.7413497924804687
CC_9C6137C2BEF5,0.11649770587682724
CC_9C627DF2CC56,0.05569662302732468
CC_9C66C64BB7B5,0.10900856554508209
CC_9C66CBB40EC4,0.12474204152822495
CC_9C6779CAB6C3,0.09596901684999466
CC_9C67D1CC8275,0.07242896109819412
CC_9C6AC57B7E4E,0.1830935388803482
CC_9C7031CFBB83,0.07138310074806213
CC_9C719C8C607C,0.052636624127626416
CC_9C72659A3BB7,0.13205593824386597
CC_9C73C764E4F2,0.14810863137245178
CC_9C7627C4A765,0.5003373444080352
CC_9C76B6E613D0,0.09707766622304917
CC_9C7BD8304E59,0.3991033971309662
CC_9C8015486358,0.061297228932380675
CC_9C89A28928FD,0.10167442113161088
CC_9C8D81E778A1,0.09034501910209655
CC_9C94CEE7BD5B,0.1401292562484741
CC_9CB317703AC4,0.18753021359443664
CC_9CB3D72E7D0B,0.08408868312835693
CC_9CB447157022,0.7457625031471252
CC_9CB48A26E9FB,0.10273488312959671
CC_9CB48A3E9DD9,0.19550400376319885
CC_9CBA916A1DF0,0.5043288052082062
CC_9CC887337701,0.10845960080623626
CC_9CC8939BCA77,0.062205002456903455
CC_9CC89545A8E3,0.16177727282047272
CC_9CC949E6449C,0.11017524003982544
CC_9CCA0686A703,0.199333456158638
CC_9CCB2BEBEB32,0.04890677854418755
CC_9CD149D39267,0.4559175491333008
CC_9CD3C5F64161,1.0
CC_9CD783423498,0.34897483587265016
CC_9CD92BEEA272,0.10351640284061432
CC_9CDBD909C3EF,0.13306970447301864
CC_9CDC18B9C1E3,0.1363043636083603
CC_9CDD8B28EEB5,0.6261066198348999
CC_9CDE5E0B8559,0.13247960507869722
CC_9CE2EDA65D70,0.19081660509109497
CC_9CE497EA324B,0.6702987432479859
CC_9CE6B1B21254,0.08682746142148971
CC_9CE788B835E1,0.1285133332014084
CC_9CE88392B352,0.1336905241012573
CC_9CE88590F618,0.12703790366649628
CC_9CE8C22F29FC,0.012612179294228554
CC_9CE9AE4B2206,0.08680764585733414
CC_9CEA60F75AD8,0.07304550409317016
CC_9CEC8DE0172A,0.11101416498422623
CC_9CEFDDE317D5,0.14065877646207808
CC_9CF202A17471,0.09330947548151017
CC_9CF243228EA1,0.1944267362356186
CC_9CF2997B3B24,0.06405787542462349
CC_9CF5BAB5D26A,0.14404193311929703
CC_9CF62798EFB0,0.16299412846565248
CC_9CF7AD1DB24C,0.18924492001533508
CC_9CF8300389CC,0.5652406811714172
CC_9CFB80F3A210,0.18621278405189515
CC_9CFC8EA7BF60,0.1716924399137497
CC_9CFD9E07819A,0.138947531580925
CC_9D00451963F2,0.10886594951152802
CC_9D02B3E3D6FE,0.23410346508026122
CC_9D02D44DAF8D,0.09028855115175247
CC_9D0B27BABFBB,0.23035176694393159
CC_9D0E06BFBE11,0.18360585868358612
CC_9D1126E72459,0.0754963219165802
CC_9D13B2D2732C,0.134059439599514
CC_9D15D68BE578,0.15459804236888885
CC_9D1BD13A743F,0.771745789051056
CC_9D1C7C15A448,0.1246288388967514
CC_9D1CA386117C,0.18041459321975709
CC_9D20FBA95460,0.17932787239551545
CC_9D24E2A9FCD7,0.15650472044944763
CC_9D25949972F0,0.06442317515611648
CC_9D285DDBEF8A,0.21413118541240692
CC_9D2A06882569,0.20811289846897124
CC_9D30B34D6B1F,0.12199464589357376
CC_9D31FE51E80C,0.10241247415542602
CC_9D33640BFCBA,0.11803939342498779
CC_9D37A45A16E4,0.22284694910049438
CC_9D38EAA569A4,0.5460334539413452
CC_9D392D897F29,0.0951780766248703
CC_9D3AC30EEC47,0.430126416683197
CC_9D3CC7E49822,0.09306546151638032
CC_9D3FAFD6391F,0.07150887474417686
CC_9D4020A49039,0.1639523833990097
CC_9D406214D77E,0.061297228932380675
CC_9D42EB028AE1,0.2128446251153946
CC_9D46F43F9553,0.06740146577358246
CC_9D49294EAB0C,0.10989205837249756
CC_9D5339526437,0.23120740056037903
CC_9D540A062C2B,0.10958621799945831
CC_9D5422AF8B99,0.6053801953792572
CC_9D56AC6B321B,0.6986854910850525
CC_9D57CD8C4613,0.0921246126294136
CC_9D5930667E99,0.702693510055542
CC_9D5CB76ADE04,0.5161888122558593
CC_9D5CC8084D78,0.16395237743854524
CC_9D5D14B721DA,0.22502464950084686
CC_9D5F36525140,0.1962569922208786
CC_9D5F6985E119,0.12851333022117614
CC_9D63ABB00174,0.7452519059181213
CC_9D65557F4979,0.1624825954437256
CC_9D65A5F81495,0.096764674782753
CC_9D67DA45E448,0.11941265165805817
CC_9D6887CBD18F,0.17690204530954362
CC_9D68D7DF2A50,0.09751876890659332
CC_9D6B12E75B52,0.7440312266349792
CC_9D6E3FF2B0EB,0.04104687795042992
CC_9D70F7466A94,0.1702226519584656
CC_9D7139618AE7,0.0910527989268303
CC_9D71ADBDFA13,0.39485775828361513
CC_9D722A4A81B8,0.28046858310699463
CC_9D723B00AEBF,0.6904273509979248
CC_9D7291C0E107,0.16395237743854524
CC_9D792DDC1F8C,0.10971575528383255
CC_9D7986ECBADE,0.05006770044565201
CC_9D7BA6C8307A,0.7950882077217102
CC_9D822D534045,0.13405944257974625
CC_9D87ED42638F,0.13220556676387787
CC_9D8CB0B558E6,0.17138866186141968
CC_9D90731662A8,0.0854097843170166
CC_9D942B8A4393,0.095058773458004
CC_9D961AAC9B69,0.0361394576728344
CC_9D992EAC4590,0.26197885870933535
CC_9D9A50EC3324,0.061297228932380675
CC_9D9B294434F8,0.01564248315989971
CC_9D9F0DDCC96A,0.11022998541593551
CC_9DA0974A51A1,0.15956380665302278
CC_9DA21688B6F6,0.3873583137989044
CC_9DA23C9BBB35,0.8621199369430542
CC_9DA47615A269,0.18269456326961517
CC_9DB369E985E0,0.12796012908220292
CC_9DB546454EB1,0.08929597288370132
CC_9DB739C2A607,0.17234691381454467
CC_9DB83DB8DF18,0.18922809958457948
CC_9DB8F92EBE16,0.17169243693351746
CC_9DB99180C972,0.356879985332489
CC_9DBB3F34A6F7,0.08098031878471375
CC_9DBD7E118D4F,0.7620827794075012
CC_9DC34B17F9FD,0.49571570158004763
CC_9DC3D3957591,0.2031721979379654
CC_9DC426EF6ACF,0.11925871521234513
CC_9DC7C79E24A9,0.11544940173625946
CC_9DC8EF74B126,0.11755723059177399
CC_9DC92AEB0655,0.06129722818732262
CC_9DCB4CB35574,0.8034406185150147
CC_9DD0460ED2B1,0.15599317848682404
CC_9DD1B046AB9E,0.15599318146705626
CC_9DD764583F0A,0.1440419301390648
CC_9DDA29C8ED24,0.12933595180511476
CC_9DDCFECDA0B5,0.12082963436841965
CC_9DDD362AE122,0.16395238041877747
CC_9DE99ED8D28E,0.08644497245550156
CC_9DEA2B80662E,0.06666001901030541
CC_9DEC41D17FBE,0.01591275241225958
CC_9DF3BA3EA596,0.10167441964149475
CC_9DF79C5C8D79,0.0924180120229721
CC_9DFBE5C21298,0.9296105742454529
CC_9DFCADC4DEF7,0.43012639284133913
CC_9E014E433105,0.09108003079891205
CC_9E0308832036,0.5338641345500946
CC_9E03721B14E5,0.39485777616500856
CC_9E03C53AD305,0.5507908463478088
CC_9E09D7153D29,0.15867212116718293
CC_9E1727F8DA6D,0.10904082059860229
CC_9E1BABD6299D,0.2826908051967621
CC_9E1E23E7B1E5,0.09796625971794129
CC_9E222FF012D5,0.020198387280106544
CC_9E26D84C6DF2,0.16299412846565248
CC_9E275BA452F7,0.16299412548542022
CC_9E2C95DAB885,0.7340348362922668
CC_9E35D2CCF910,0.09128986746072769
CC_9E387D83515C,0.49901596307754514
CC_9E3B550BAA15,0.1926831543445587
CC_9E3FDA2E399F,0.16395238041877747
CC_9E42E82413D7,0.4542990684509277
CC_9E444A497CC5,0.09386705309152603
CC_9E44B171E894,0.060221339017152785
CC_9E44C8EF16E4,0.11867221742868424
CC_9E452B2FC276,0.16798713505268098
CC_9E4C44186363,0.04664748311042786
CC_9E4EC4D9C2E8,0.16395237445831298
CC_9E517C326CC3,0.11059890389442444
CC_9E53FFFAD9CA,0.15351025462150575
CC_9E581437F17C,0.12519144117832184
CC_9E5A0DEA49C6,0.46754929423332214
CC_9E5E939F9FB0,0.2008605420589447
CC_9E62823A90C2,0.17507272362709045
CC_9E6304C66FD4,0.11826825439929962
CC_9E63784F66B4,0.07191639840602874
CC_9E640ABA710A,0.16666024923324585
CC_9E6D11B5AB9D,0.161576709151268
CC_9E6DBE1A9701,0.1490856647491455
CC_9E7128150BF7,0.07900210171937942
CC_9E72B01FB9F7,0.18903387188911439
CC_9E751ECB60DD,0.12551210075616837
CC_9E767C5EE6A2,0.5209093511104583
CC_9E7CCECF8F7C,0.47971858978271487
CC_9E7D0B51A32A,0.23700885474681854
CC_9E7F36A74EE5,0.09150996506214142
CC_9E7FA65FF64C,0.15929435640573503
CC_9E8140AAB56A,0.4191429793834686
CC_9E82710E6958,0.07138309925794602
CC_9E83AF014857,0.10958622097969055
CC_9E84BAD79417,0.14012925773859025
CC_9E8794D39D5C,0.10718206465244293
CC_9E8F2DBF037E,0.6091025471687317
CC_9E90F705BF65,0.10003405809402466
CC_9E937FC9562B,0.0799003705382347
CC_9E953DF5193F,0.10161681771278382
CC_9E985B92B611,0.5525935411453247
CC_9E9CC3335C02,0.2433449000120163
CC_9EA121EF6A43,0.06992078274488449
CC_9EA839AD17B6,0.03257230147719383
CC_9EADAFFEECD4,0.6590537667274475
CC_9EAE1F955671,0.17118089497089387
CC_9EB222A03CFE,0.09689041376113891
CC_9EB69DAB32F8,0.39479362964630127
CC_9EB969000F94,0.28892809748649595
CC_9EBB4D545637,0.09693294912576675
CC_9EBB7363F42B,0.16299412846565248
CC_9EBBF46FF28C,0.7177991747856141
CC_9EBFECF4ACE8,0.20609961748123168
CC_9EC11E291320,0.040205559134483336
CC_9EC15499F045,0.06693044081330299
CC_9EC26468024A,0.24520961940288544
CC_9EC2CB942B92,0.1716924399137497
CC_9EC33225A3AD,0.11714156717061996
CC_9EC493F8E7EA,0.13499100208282472
CC_9EC645148467,0.3823577702045441
CC_9EC72DE5CEEF,0.16395237445831298
CC_9EC8CE9A80F0,0.5845099925994873
CC_9ECA0733B697,0.13703413754701615
CC_9ECAE06E13CC,0.16460684835910797
CC_9ECFCAD82631,0.6280389785766601
CC_9ECFE089F961,0.18208150565624237
CC_9ED137AA9181,0.039715158939361575
CC_9ED6126FF62C,0.5517889559268951
CC_9ED723886A5C,0.7339977979660034
CC_9EDB0732539E,0.025652550905942918
CC_9EDC13E1011E,0.18692298531532286
CC_9EDC8A45DC71,0.14702084809541702
CC_9EDF235CDC5B,0.009278846159577369
CC_9EE13452E788,0.1590522676706314
CC_9EE5567C1EA3,0.10331073850393295
CC_9EE725748ADE,0.16460685133934022
CC_9EE7BC10C783,0.17573338747024536
CC_9EEEE940F2EE,0.7110424280166626
CC_9EF008068A5E,0.1586046576499939
CC_9EF7135FBFE7,0.12431837618350983
CC_9EF79EA0F1D9,0.19484953284263612
CC_9EF82170CCE4,0.061297227442264554
CC_9EF9516F64A8,0.32244805097579954
CC_9EFA132C45E6,0.1565047174692154
CC_9F01B54C156F,0.16395237445831298
CC_9F057B03EF57,0.28474787473678587
CC_9F0AE77D13C0,0.07001611292362213
CC_9F0C205896F7,0.3223037600517273
CC_9F0DE98C3912,0.1401292636990547
CC_9F13B8D3677D,0.14753238707780839
CC_9F14D0B54497,0.15818099081516265
CC_9F17F9ADBA8B,0.2002982348203659
CC_9F1B53C05454,0.06572454124689102
CC_9F203DBBA45A,0.15211524665355683
CC_9F20994ED92D,0.5327782928943634
CC_9F245971FC41,0.14702084958553313
CC_9F2679FCC755,0.28252565264701845
CC_9F27D60A1F12,0.15599317848682404
CC_9F2920D0AA77,0.11143364161252975
CC_9F2B1E636BB6,0.5689473211765289
CC_9F2D4DD6AB31,0.8389056324958801
CC_9F2DE2E500EB,0.08466298878192902
CC_9F348ADA8D28,0.7570748567581177
CC_9F35D24D18CE,0.037905634939670564
CC_9F369F409A53,0.340739768743515
CC_9F37AF9B17C3,0.05432814136147499
CC_9F383D2CF422,0.012820512801408768
CC_9F406B1FB4D8,0.7413498044013977
CC_9F40CEAA7DC7,0.020975815877318383
CC_9F41389F96E3,0.1897653967142105
CC_9F431E9F0494,0.08862003833055496
CC_9F44DD8D1BED,0.11038187891244888
CC_9F48F6C83874,0.4789043366909027
CC_9F495F711BAB,0.16084324419498444
CC_9F49F6A887E3,0.18134862184524536
CC_9F4A400A6800,0.37332417368888854
CC_9F4ABFE525FC,0.11180982291698456
CC_9F4B3729D4A8,0.09503336399793624
CC_9F55DC90EE6C,0.09049421101808548
CC_9F55F525309B,0.07639458924531936
CC_9F58FB2C9DC5,0.1629941314458847
CC_9F59279A9685,0.057076307386159895
CC_9F5B4D6908AD,0.09989292770624161
CC_9F5BAC8143BA,0.6026922821998596
CC_9F5BD8F0D7CE,0.02262224778532982
CC_9F5F3F22F232,0.1882622241973877
CC_9F62AB59F8B6,0.11706879734992981
CC_9F62EABB0D35,0.13735612630844116
CC_9F649F26B0FE,0.03954138308763504
CC_9F6633E00146,0.061297230422496796
CC_9F69493C23C5,0.12506842315196992
CC_9F70A9342A89,0.39920220375061033
CC_9F755D11D8E9,0.34796854853630066
CC_9F75D3D63EB8,0.1682666838169098
CC_9F79F73AE068,0.13915460109710692
CC_9F7AFBF20437,0.12302517592906952
CC_9F87C9C02C08,0.08947241455316543
CC_9F8840EA3C98,0.20451675057411195
CC_9F8916793C27,0.2569970190525055
CC_9F9040650E77,0.255876412987709
CC_9F90E0D9A59B,0.3940350353717804
CC_9F9AB637C0B4,0.08501021564006805
CC_9F9B6A14E19D,0.09402974545955659
CC_9F9BDAA0B7B5,0.35516804456710815
CC_9F9D7004501F,0.30983647108078005
CC_9F9F8BEEC999,0.05361656844615936
CC_9F9FC61C7F87,0.06563029810786247
CC_9FA01D75A9DA,0.17234691381454467
CC_9FA2A410E67F,0.7094502925872803
CC_9FA33E547194,0.4095179200172424
CC_9FA945BBD722,0.07662930190563202
CC_9FAD62141314,0.13448310345411302
CC_9FB0EF675E75,0.05576256662607193
CC_9FB24F8CAAF2,0.1358117416501045
CC_9FBBC4FF2D18,0.13239126205444335
CC_9FBD9E214093,0.0699099600315094
CC_9FC7DCDE8C25,0.14025879353284837
CC_9FD58E2A95A5,0.08559961318969726
CC_9FD5A5F93F8C,0.22277713119983672
CC_9FD83D18C2A8,0.12537013739347458
CC_9FD8546C475A,0.7385900735855102
CC_9FE0AE4F52CC,0.11624505817890167
CC_9FE116774DA8,0.39920220375061033
CC_9FE28E4B7E3E,0.1834532380104065
CC_9FE47D2ED368,0.16248259246349334
CC_9FE75ED0C943,0.2687282174825668
CC_9FEAA06B9E35,0.48009021282196046
CC_9FEB836B934B,0.24368757307529448
CC_9FEBCC4E999B,0.17655932009220124
CC_9FED144C936D,0.040776608139276506
CC_9FEE0187572C,0.8219156861305237
CC_9FEE6CDA2DA6,0.10394006669521332
CC_9FEEDCD5DFF2,0.10335371196269989
CC_9FF10DC1678B,0.054535698145627975
CC_9FF192908F43,0.092998006939888
CC_9FF24477FCCD,0.08554670512676239
CC_9FF647C08CD4,0.17600674629211427
CC_9FF78758814F,0.04469351395964623
CC_9FFCD19682A0,0.1629941314458847
CC_9FFD7DF7FB3F,0.28132752180099485
CC_9FFE8FEFC155,0.4652825057506561
CC_A00076547C2F,0.14352646470069885
CC_A00257DEE22A,0.6269545078277587
CC_A00C38BEECEC,0.18908486366271973
CC_A0177C988696,0.1757271945476532
CC_A01921B88702,0.0913152813911438
CC_A01EE5E51E41,0.7525774955749511
CC_A01F0103D8C9,0.06678122654557228
CC_A020A3819D75,0.1031474843621254
CC_A023208A4A26,0.16344084441661835
CC_A024BFD41F34,0.18947626650333405
CC_A02AD4F9A643,0.1586046576499939
CC_A02E1DFE4A64,0.10251508504152299
CC_A031E30A662B,0.102653269469738
CC_A03776C67FA7,0.3923739016056061
CC_A037E2C52B4E,0.12157220840454101
CC_A03AEB0E1760,0.1617772698402405
CC_A03D937198A8,0.2276173174381256
CC_A03E701846E7,0.6450843334197998
CC_A03F4C0B07CA,0.26941896677017213
CC_A042BA16FECF,0.45591756105422976
CC_A044D66612F2,0.6209887862205505
CC_A045B09F6EAA,0.7385321855545044
CC_A046192B46C8,0.2413504183292389
CC_A046A1544573,0.16084324419498444
CC_A047E070541B,0.17138866186141968
CC_A04ABAF40EFD,0.5452426016330719
CC_A05CD939476D,0.626106595993042
CC_A05D2654B3A3,0.18489852249622346
CC_A05D74464FFB,0.09213015884160995
CC_A060285FF96A,0.06877078041434288
CC_A06376D82D25,0.12288517504930496
CC_A0645F5AF58D,0.17666122019290925
CC_A0677817137C,0.22547557651996614
CC_A06991663AD1,0.09517807960510254
CC_A069D3E9EB07,0.20500932335853578
CC_A06A11670A08,0.16460685133934022
CC_A06B43580DD0,0.821770429611206
CC_A06F59A6EF94,0.0770100936293602
CC_A0749115874E,0.15434818267822265
CC_A0778B69E422,0.7110424399375915
CC_A07899031196,0.04104687795042992
CC_A079B634D2BD,0.17703431844711304
CC_A07C4787AE77,0.1716924399137497
CC_A07C7C7E104A,0.07346774861216546
CC_A081F3FBBABD,0.16248259246349334
CC_A08484508A9E,0.2816119074821472
CC_A087FDDD2F02,0.14914510995149613
CC_A08B1658C8CF,0.009187500923871994
CC_A08C8D57CE21,0.2059045195579529
CC_A08F3E4EE5D4,0.17456117868423462
CC_A090F6EAE928,0.1591161996126175
CC_A091A3E5F3C4,0.0486992247402668
CC_A0942871BCBA,0.149762761592865
CC_A095F357AD89,0.8383104205131531
CC_A09C72E3091D,0.07648278474807739
CC_A09D644502A3,0.05845727026462555
CC_A09DB9EE19DF,0.20089439451694488
CC_A09F36AB8E5F,0.28502999544143676
CC_A0A45350E7D3,0.18134861290454865
CC_A0A4FD2A6757,0.1335011377930641
CC_A0A6F0D40A79,0.08726604431867599
CC_A0A765093619,0.11756523102521896
CC_A0B00F49D937,0.03581205941736698
CC_A0B7587E037C,0.0921277642250061
CC_A0B7B74B932C,0.14524375647306442
CC_A0BCACCEBA14,0.15911619663238524
CC_A0C2D81DB02A,0.06992078423500062
CC_A0C4251A2863,0.5068552911281585
CC_A0CACB03A807,0.08100442960858345
CC_A0CBDBFF6FDD,0.17234691381454467
CC_A0CF29508DD2,0.5519548892974854
CC_A0D81A970FD4,0.7458207607269287
CC_A0D88F5E92BD,0.1502734065055847
CC_A0D8A53D2251,0.19668159484863282
CC_A0D9F79F77D2,0.12653637677431107
CC_A0DAA7F13CFA,0.18424403965473174
CC_A0DBFD3321A0,0.20432336926460265
CC_A0E1E2546193,0.11064389497041702
CC_A0E2DDA8FE0B,0.10161681920289993
CC_A0E41A9830C3,0.26386340856552126
CC_A0E41F756DD0,0.05050167590379715
CC_A0EB975F6CA0,0.512506651878357
CC_A0EFEED31289,0.11259987652301788
CC_A0F0550DA758,0.6182578444480896
CC_A0F1B74A788A,0.10795381665229797
CC_A0FB218D53EB,0.15905227065086364
CC_A0FEF1BEF881,0.22210169732570648
CC_A0FF9B16D418,0.07398248165845871
CC_A100CA7FDD05,0.5515954375267029
CC_A10255779041,0.19122676849365233
CC_A105612F584A,0.12352271974086762
CC_A1069B332F27,0.552661246061325
CC_A10C249E1EEA,0.6940477609634399
CC_A10E009249F3,0.10161681771278382
CC_A110193A9E3B,0.13371437191963195
CC_A113569105EC,0.7620827913284302
CC_A114B0CC080B,0.2183830976486206
CC_A1168D8354DD,0.16299412846565248
CC_A122422BBE90,0.7870697021484375
CC_A122C4547EB7,0.7339978218078613
CC_A12985A180C5,0.38149186968803406
CC_A12E76F00A2E,0.4191429615020752
CC_A132DD0CAEAC,0.06405787616968155
CC_A13B0FC4D057,0.1534031867980957
CC_A14482A0BD26,0.10351640433073044
CC_A14585B91240,0.11470071822404862
CC_A147988BC57A,0.06129722818732262
CC_A149797BDE4E,0.16647322475910187
CC_A14B2D6E025D,0.21866291761398315
CC_A14E2B7C9D82,0.08287990540266037
CC_A15004C32604,0.06442317217588425
CC_A1510E5D97BC,0.080960975587368
CC_A155FFA98586,0.33338117599487305
CC_A15611440745,0.10963496714830398
CC_A158425258C5,0.3948577642440796
CC_A15EC85906AC,0.1643814891576767
CC_A1609AE0B98E,0.1770343154668808
CC_A16310BD88CF,0.1830935388803482
CC_A16469AD1F28,0.15211524963378906
CC_A1651ED58BBB,0.10294084548950196
CC_A170726ED59A,0.2826908051967621
CC_A1717F6E8656,0.06442317292094231
CC_A1745EB5F303,0.10971575677394867
CC_A174D581C0D2,0.1819011986255646
CC_A175BA25B185,0.5461487531661987
CC_A17D411D1697,0.18772675693035126
CC_A17ED5AF377F,0.16299412846565248
CC_A18043F74A11,0.05823723077774048
CC_A1847FC33103,0.46363499760627747
CC_A184A6FDC7D3,0.16666024923324585
CC_A18561B8FFB9,0.4085928022861481
CC_A186491DC7EE,0.10774423629045486
CC_A1892973664C,0.17169243693351746
CC_A1904F21FBFB,0.10958622395992279
CC_A192DDD5CC0A,0.2605155110359192
CC_A19559E9B538,0.07838327139616012
CC_A1957D6E4BD0,0.08376507461071014
CC_A19740A717FB,0.4116435110569
CC_A1994DFFCFF0,0.10294084697961807
CC_A1999C93F3B0,0.15809401869773865
CC_A19E883431B8,0.2526176631450653
CC_A1A462BD6A07,0.03020845465362072
CC_A1A741CD60F7,0.02097581624984741
CC_A1A81354A717,0.27371717393398287
CC_A1A987EB646E,0.05383660718798637
CC_A1A9FE990355,0.05707630962133407
CC_A1AA6995BA64,0.5490364611148835
CC_A1ABAF8CD4A9,0.1711808979511261
CC_A1AF5C01DD98,0.7240421056747437
CC_A1B0416C90D3,0.19668159782886505
CC_A1B17C8DCE08,0.20681264996528625
CC_A1B2B1D093FA,0.23672518730163575
CC_A1B5474FD89D,0.733000910282135
CC_A1B671E70E27,0.08514928817749023
CC_A1B79FC45F24,0.5090521693229675
CC_A1BAAA69BE69,0.07578822001814842
CC_A1BBDB6B7CA5,0.08761522769927979
CC_A1BD42A1E57B,0.36199634671211245
CC_A1C32FF49003,0.39920220375061033
CC_A1C4EEFC5833,0.2545164704322815
CC_A1CB39F393D7,0.10210115909576416
CC_A1CC033D3287,0.162994122505188
CC_A1D10B8F3C6F,0.1401570901274681
CC_A1D2306A459F,0.6282791376113892
CC_A1D40F8336FE,0.021246086806058884
CC_A1D755D7B142,0.18660839200019835
CC_A1E0659D5A18,0.16299412846565248
CC_A1E491E4AF1E,0.6435669302940369
CC_A1E6E37758B4,0.05726320520043373
CC_A1F54C36E6F1,0.3117720603942871
CC_A1FF8AF6AB4D,0.7385900616645813
CC_A202FEFA44EB,0.04371379688382149
CC_A20D773F873D,0.1590522676706314
CC_A2111AB6EB5C,0.6849686622619628
CC_A21AD79ADBA1,0.6472155570983886
CC_A21C5FF7FEC4,0.22051542103290558
CC_A21E9F7D4D4D,0.07206292003393173
CC_A226BE00AE16,0.061297228932380675
CC_A22B9D2A215E,0.25710641741752627
CC_A22E31315E8F,0.1035164013504982
CC_A22FDD13D5AB,0.13316074162721633
CC_A2310E71CE2B,0.10379842221736908
CC_A23375D49BF0,0.3551680505275726
CC_A2354EBD0C42,0.2753463089466095
CC_A2358286714E,0.14304563999176026
CC_A237BB3C768A,0.09989292919635773
CC_A2383231A5D6,0.012612179294228554
CC_A23863E8D43F,0.7786934971809387
CC_A239602E41D3,0.25180346667766573
CC_A23A66A57A1B,0.17118090093135835
CC_A23B9FF9824E,0.532778263092041
CC_A23D023AF269,0.13329070806503296
CC_A23EC3FD43DD,0.7725438833236694
CC_A23F1B555942,0.037905634939670564
CC_A240301CD523,0.148108634352684
CC_A2476B31E7C3,0.3923738956451416
CC_A249AA2649A4,0.07129121720790862
CC_A249C4D53ACC,0.09251128137111664
CC_A24DBE3D0F57,0.1159423753619194
CC_A25132EE5111,0.09787332415580749
CC_A2518D6C2ABD,0.713164460659027
CC_A25190C7B059,0.2037273973226547
CC_A257D5867524,0.14271925240755082
CC_A25852493328,0.3451247036457062
CC_A2594DB3B9F9,0.23607722222805022
CC_A264061E78D6,0.14346930086612703
CC_A2641AE7D8AA,0.7674657702445984
CC_A26496D4D568,0.14068245589733125
CC_A267E7A68736,0.1032770186662674
CC_A268CBE0AB4C,0.7619210600852966
CC_A26A283CD173,0.015850816667079926
CC_A26ACF533A41,0.0754963219165802
CC_A26BC4826B78,0.11339553445577621
CC_A272B871D28B,0.08193003684282303
CC_A2776A33D076,0.14843140095472335
CC_A277EA972FFB,0.09402247369289399
CC_A278C700132D,0.7569902062416076
CC_A27EC3D72ED2,0.5708647489547729
CC_A2845772B9F7,0.4542990684509277
CC_A286868A5AE8,0.05450738370418549
CC_A286AC7B3762,0.1624825894832611
CC_A28CC618E6AA,0.6074238777160644
CC_A2913B5BA715,0.1228601485490799
CC_A29250B498C1,0.1565047174692154
CC_A297A4764F7E,0.15599317848682404
CC_A29B11D20370,0.532778286933899
CC_A29E4FCD4E3C,0.16395237445831298
CC_A29EBC439250,0.7077226996421814
CC_A29FE8A262E6,0.17169243693351746
CC_A2A0DEBD3017,0.5327782809734345
CC_A2A407581E94,0.05855862274765968
CC_A2A87A9190BD,0.16344084441661835
CC_A2A9503F36DE,0.1035164013504982
CC_A2AB8AF2B24F,0.15599317848682404
CC_A2ACDD16378F,0.09599443376064301
CC_A2ACF2FDAB55,0.16084324717521667
CC_A2AD966B7F80,0.035812058672308925
CC_A2AE841571F2,0.22658562660217285
CC_A2B9603A6636,0.2735669255256653
CC_A2B9D639C0DD,0.17507272064685822
CC_A2BA5E7284E0,0.060082031041383745
CC_A2BA5F659B70,0.09634820371866226
CC_A2BBA0698B7F,0.06864500790834427
CC_A2C0DED2DC3B,0.0761174887418747
CC_A2C1CD59F752,0.07191639840602874
CC_A2C1E36A8A2F,0.05050167366862297
CC_A2C577469B62,0.3201407790184021
CC_A2C927B26917,0.15599317848682404
CC_A2C9B277557F,0.08644497245550156
CC_A2CC027F2D68,0.3361979633569717
CC_A2CCDCF1BFC1,0.13247960656881333
CC_A2CD720E516C,0.048683032393455505
CC_A2CDE9078819,0.35015246272087097
CC_A2D2D31A97B4,0.11163990050554276
CC_A2D34322871F,0.19678947031497956
CC_A2D5468BFA50,0.8206703543663025
CC_A2D69E1A10F3,0.47645246982574463
CC_A2D6A90249F4,0.3655476927757263
CC_A2D6D0504DC2,0.12194420099258423
CC_A2DA90809F07,0.09128986746072769
CC_A2DBB2CE2E8B,0.11508182138204574
CC_A2DDCFEE582C,0.09151133000850678
CC_A2E54D59B0C9,0.0874462902545929
CC_A2EB35AA3D98,0.060469722002744676
CC_A2EF4A67A32E,0.5273609220981598
CC_A2F1440FE670,0.5786047339439392
CC_A2F616069E5D,0.039715158939361575
CC_A2FC08088C89,0.47890434265136717
CC_A2FE1DAA6221,0.6054915070533753
CC_A30789C14932,0.06886378228664398
CC_A3089685BBF9,0.564237654209137
CC_A30ECB8A648D,0.10351639986038208
CC_A30F5A41F244,0.15211524665355683
CC_A31102179CBE,0.17666122019290925
CC_A31137913F93,0.03788247238844633
CC_A3129F2EF63D,0.1565047174692154
CC_A3150CAEF642,0.0754963219165802
CC_A31C94B91C46,0.24368757605552674
CC_A32B9FD60B79,0.09351610839366913
CC_A32C1DB731DF,0.5405879557132721
CC_A32DE4EFEECE,0.07932287603616714
CC_A32E203FFFE4,0.05126814693212509
CC_A33108E01C4C,0.11176470667123795
CC_A334D0731C1E,0.5873145937919617
CC_A3399252F25B,0.23069193959236145
CC_A33997BF4366,0.47890434265136717
CC_A342F1D3FA5E,0.06129722818732262
CC_A34384A0E0C4,0.23547533452510833
CC_A34BBEE4C63C,0.05472259446978569
CC_A34DED1110AA,0.16520302295684813
CC_A35544E09F1A,0.10052835494279862
CC_A358BE4C2361,0.09873037934303283
CC_A36EBBE8B36B,0.7502598404884339
CC_A37132C63392,0.31788247227668764
CC_A374CA95C4EF,0.17666122019290925
CC_A3780D125466,0.16872002184391022
CC_A37ECB1F3F80,0.11604810506105423
CC_A37EE84825B0,0.2230333298444748
CC_A37F122D9A31,0.24433497488498687
CC_A382FE7335DE,0.2360947847366333
CC_A384179F5B92,0.628279161453247
CC_A38AD6806D9B,0.09693294763565063
CC_A38B409D1048,0.1162450596690178
CC_A38FA9D4E637,0.23536188900470734
CC_A39320C8976B,0.5688013911247254
CC_A39327A8CCC8,0.5658486962318421
CC_A395B1C3BA16,0.15809401869773865
CC_A396423C4FB2,0.15286198258399963
CC_A39E52B5A051,0.09106955379247665
CC_A39E908C706B,0.3332470417022705
CC_A3A54FF82ACA,0.6246681213378906
CC_A3AA95DAF674,0.44493411779403685
CC_A3AB79E3D8DA,0.18931525349617004
CC_A3AD43A5A22C,0.20025137364864348
CC_A3B0FF101831,0.7160715699195862
CC_A3B1DC986F19,0.15262678563594817
CC_A3B5C32DD2BB,0.49107365012168885
CC_A3BD3739ECE0,0.07105101719498634
CC_A3BE534ED4F8,0.2742328643798828
CC_A3BE76950825,0.21371600329875945
CC_A3C4CF63BE16,0.7110424280166626
CC_A3C6CF5416B4,0.16395237743854524
CC_A3C82B8F08FA,0.1706950068473816
CC_A3C9178A2115,0.6733274698257447
CC_A3CC62C5DBAE,0.11745290160179138
CC_A3CEF5BCAE57,0.66194988489151
CC_A3D07C111C11,0.10293874889612198
CC_A3D35A503687,0.15421608984470367
CC_A3D3C8DC6028,0.2697796285152435
CC_A3D3DFED384C,0.15809401571750642
CC_A3D443FCD541,0.15047025084495544
CC_A3DD7460435A,0.11000988632440567
CC_A3DEB9D8EAE0,0.3121191442012787
CC_A3E2859518D9,0.24056114852428437
CC_A3E5E7F85B42,0.23609477877616883
CC_A3E747EFFE14,0.04104687795042992
CC_A3EE4C5F0F0A,0.11116022542119026
CC_A3EE7106C72D,0.07321138978004456
CC_A3F4D15BEEED,0.07594948261976242
CC_A3F4FA143CB8,0.7956834673881531
CC_A3F6E7EC89B0,0.33186075091362
CC_A3F7EA5519D8,0.05569662302732468
CC_A3FB28F476C7,0.5517889499664307
CC_A3FC9B7A0340,0.6073216557502746
CC_A3FCA6A49D8F,0.254516476392746
CC_A3FE24570DCD,0.112176214158535
CC_A40999CD297F,0.2771352529525757
CC_A40B832BCD22,0.2773819476366043
CC_A41754781477,0.12255879193544388
CC_A41822D3D358,0.534532654285431
CC_A419B5CD47DE,0.17739411294460297
CC_A41AC6F8165B,0.5327782928943634
CC_A41CFF0CE54A,0.1266164243221283
CC_A42117CADE01,0.12058443576097488
CC_A4244E8980E8,0.1586046576499939
CC_A4257D3FBE29,0.661949872970581
CC_A42915E85449,0.7339978098869324
CC_A42B7E4AE9C3,0.18041459321975709
CC_A42C4A4C504D,0.00927884578704834
CC_A42ED42F5DD3,0.027652550861239432
CC_A43B817DFD0E,0.12626914978027343
CC_A4424F4ACCE1,0.06990716755390167
CC_A442D4A119BE,0.12487157434225082
CC_A446346D8397,0.5672237873077393
CC_A447A101DC82,0.9508853554725647
CC_A4485E25FF28,0.07639459073543549
CC_A44CEBD27FFE,0.27533518671989443
CC_A453E022D065,0.5680471181869506
CC_A45430CC622A,0.26900070905685425
CC_A4557E79AE4A,0.14055292457342147
CC_A4565889DAD3,0.07854424118995666
CC_A459EB511304,0.15746296644210817
CC_A45A1B64F49C,0.08840275555849075
CC_A45CC435976E,0.7155397653579711
CC_A45E655B2096,0.02289251834154129
CC_A46C005D263A,0.2815732002258301
CC_A46E74D7FF7B,0.16395237743854524
CC_A46E9DC2E8E7,0.16344083845615387
CC_A46EA37479B1,0.1111478254199028
CC_A479ADA44C21,0.06013630628585816
CC_A47D7A3745CD,0.12394638061523437
CC_A47EB83EDA0E,0.08554670363664627
CC_A47F65E97628,0.202340030670166
CC_A4855A34A78A,0.39920220971107484
CC_A4861A8E8AFD,0.09607634842395782
CC_A48BA5D90435,0.1586046576499939
CC_A48D661F7E43,0.10426441431045533
CC_A48DB5437A6A,0.10431205928325653
CC_A48E0388C515,0.2708995223045349
CC_A48F22B0E162,0.03430820815265179
CC_A48FE0B7D698,0.4288279891014099
CC_A4901F6A578F,0.061297227442264554
CC_A490541E470A,0.1350696012377739
CC_A4905748A0D7,0.30027187466621397
CC_A495E8B8AACA,0.14327245056629181
CC_A498DF13A10B,0.2157083660364151
CC_A49904349C5A,0.049382124841213224
CC_A49E1B03A322,0.13620856404304504
CC_A4A0D2D453B8,0.365497413277626
CC_A4A55B94CCAE,0.15340318530797958
CC_A4A639E2ECB4,0.6457394599914551
CC_A4A6601EBFD5,0.05263662487268448
CC_A4AED565FC1D,0.14404192864894866
CC_A4C06A7E23A8,0.512506651878357
CC_A4C14F06C836,0.16395237743854524
CC_A4C275993EE4,0.10394006818532944
CC_A4C50DD64E6C,0.0885502353310585
CC_A4C5CDBC5F1E,0.037064315751194954
CC_A4C61F62AFF2,0.08311062753200531
CC_A4C7A5C7E5D8,0.16395237445831298
CC_A4C811FDF5CC,0.15746296644210817
CC_A4CA27C91B3E,0.11165066808462143
CC_A4CB908087AD,0.2195988416671753
CC_A4CC8B3C2EA9,0.12661642581224442
CC_A4D89DE28D2E,0.2694189727306366
CC_A4E0933079DD,0.06129722967743874
CC_A4E161682B12,0.16979194879531861
CC_A4E28D5AE1F0,0.11217621266841889
CC_A4E2D00E0E76,0.1892443746328354
CC_A4E3BB187989,0.17073419094085693
CC_A4E4FADD4079,0.08006270676851272
CC_A4E54B475BD5,0.08006270676851272
CC_A4E5877717C7,0.10536382049322128
CC_A4E9240A8C74,0.10251508355140686
CC_A4EBB62777C5,0.15206736624240874
CC_A4EC8F04C66F,0.10958622097969055
CC_A4EDF60895E8,0.11883505433797836
CC_A4F17476C85D,0.048015961050987245
CC_A4F19EC4DCD3,0.1840427041053772
CC_A4F24C1612EF,0.3707576632499695
CC_A4F38B9A79FF,0.09302842766046523
CC_A4F3DA949442,0.2584540158510208
CC_A4F54204DD48,0.08006270676851272
CC_A4F8190F5FF6,0.06427552327513694
CC_A4FA2C542910,0.10300276428461075
CC_A4FB340ACCF9,0.1847604513168335
CC_A4FDA869506F,0.06977426260709763
CC_A5030A56BA1D,0.3240021765232086
CC_A5034AB8AE1A,0.07155110239982605
CC_A504C564B48D,0.6427732825279235
CC_A506A648BAAE,0.07120853811502456
CC_A507FC4EA17F,0.4472701489925385
CC_A50E57E93D71,0.0959316298365593
CC_A50EE4814086,0.39920220375061033
CC_A50F37B44FDD,0.12521810531616212
CC_A50FB81F69F6,0.10937958210706711
CC_A513ACD520B8,0.45311320424079893
CC_A51608105AB0,0.16299412846565248
CC_A51BCA3EA3F7,0.340179580450058
CC_A5220F431BF1,0.025652551651000978
CC_A522F6BE1D5C,0.010743940994143487
CC_A5279888D1C2,0.16036684215068817
CC_A52D5B823D9B,0.23419598042964934
CC_A52D701A81E9,0.35765191316604616
CC_A52E5257EFF7,0.7788848757743836
CC_A52FBD1C0A4B,0.7780982494354248
CC_A5378C20C4BC,0.11661520451307297
CC_A541B1B2C94B,0.08075516819953918
CC_A54C401BAE12,0.06405787542462349
CC_A54FC8DFE041,0.11824855953454971
CC_A550F0DF0082,0.28291313648223876
CC_A55631FA807A,0.05823723152279854
CC_A558D1827278,0.15177897065877916
CC_A55AA8E0C630,0.25683815479278566
CC_A55B8396B7DF,0.06465626955032348
CC_A55FF827167B,0.14060839861631394
CC_A560C9BCC058,0.024010324478149415
CC_A560CE974769,0.45591756105422976
CC_A5628BC1A4AD,0.39485777020454405
CC_A5648894B247,0.11276523619890214
CC_A569AB4849E8,0.06442317143082618
CC_A56AE33979FC,0.021246086433529855
CC_A5707288B570,0.7113631963729858
CC_A5785FAD380E,0.12082134634256363
CC_A5796E57248C,0.17542159259319307
CC_A57CA8C8F7B7,0.057263205945491794
CC_A57E34CB57ED,0.20939804315567018
CC_A57ED21324B1,0.17118090093135835
CC_A5802E264F86,0.19903914928436278
CC_A5843F826A0E,0.07252016812562942
CC_A585C09D5569,0.17931428253650666
CC_A585C4DC3AE6,0.2311254173517227
CC_A58D9799A47B,0.7256489038467407
CC_A58E6726554B,0.18487245738506317
CC_A58F7A12F0AF,0.10768663436174393
CC_A591D09342DD,0.18988257944583892
CC_A595A809D56F,0.13915459662675858
CC_A5960F642FF7,0.10251508504152299
CC_A597A2D1B8CF,0.5481778979301453
CC_A599C82583CC,0.029270634427666663
CC_A59A41BE4E29,0.6570693612098694
CC_A59AB1A1DACD,0.731833302974701
CC_A59DDC9414B9,0.15809401869773865
CC_A59F533B30C4,0.15860555768013002
CC_A5A01D309F24,0.07990037351846695
CC_A5A03B4FD4A5,0.1565047174692154
CC_A5A309724901,0.65085529088974
CC_A5AAF1283A71,0.18069414496421815
CC_A5ACD4AC477E,0.06032320261001587
CC_A5B107FE1B83,0.6479914426803589
CC_A5B3ABC665BE,0.02262224778532982
CC_A5BA731C65A3,0.45311319231987
CC_A5BBC48BF6EC,0.2357940673828125
CC_A5C0430EDD35,0.07633530348539352
CC_A5C17D5871FD,0.45591755509376525
CC_A5C84E3F587A,0.2618086189031601
CC_A5C8B5822A1B,0.2926426112651825
CC_A5C950958DD6,0.1629941314458847
CC_A5CC2BD71EF8,0.7525775194168091
CC_A5CD4508E2B5,0.09595704227685928
CC_A5CD7AC460FB,0.08341467082500457
CC_A5CDA04FD668,0.09599443078041077
CC_A5CED4240748,0.7155397415161133
CC_A5D6499C8943,0.11259987801313401
CC_A5DE8D5BB14E,0.30422440767288206
CC_A5E29D4E3E75,0.050067701190710065
CC_A5E31348F3CE,0.11729021221399308
CC_A5E5F97AE605,0.14702084958553313
CC_A5E770E6612A,0.1624825894832611
CC_A5EAD28818E3,0.5136819541454315
CC_A5EB1FDB36B3,0.08803211450576783
CC_A5F0039D04FD,0.177063450217247
CC_A5F290619CC5,0.10858490020036697
CC_A5F622D0A01F,0.13915459662675858
CC_A5F8EF145E2E,0.47890434265136717
CC_A5FA9E3CBDE5,0.4800902187824249
CC_A5FE368A8F94,0.04476146213710308
CC_A6009912F2ED,0.06563029587268829
CC_A602BCBB474E,0.23496768474578858
CC_A6040E0BD7B9,0.07626400887966156
CC_A604986272D0,0.02358075641095638
CC_A60608B66EA8,0.3680245578289032
CC_A6064BDE0588,0.1629941314458847
CC_A607425BA692,0.5393101930618286
CC_A60A5D401588,0.5464235067367553
CC_A60B0F6F5320,0.0191841509193182
CC_A60C50F91EA3,0.7614875435829163
CC_A617FAFCED2B,0.10394006371498107
CC_A61D370C311E,0.16395238041877747
CC_A62445894BE8,0.14734723269939423
CC_A6263A2000EF,0.17073419094085693
CC_A626842601BB,0.7144794464111328
CC_A6285FA4D086,0.07288098037242889
CC_A62B45482405,0.13143679201602937
CC_A62C85A20FC9,0.5788552761077881
CC_A62E5599F169,0.15047025084495544
CC_A62EF276F288,0.17776719927787782
CC_A6320BC31D2A,0.19913261532783508
CC_A632CE0AC257,0.0960313394665718
CC_A634E7ECEE9C,0.25354463160037993
CC_A63A83C403C0,0.291772723197937
CC_A63B6D9E5FF5,0.7575854539871216
CC_A649AF9D4A43,0.5482455968856812
CC_A64DD14258A9,0.2905855417251587
CC_A64E334BFC5E,0.10255247503519058
CC_A6540743DB63,0.16395237445831298
CC_A656DF8699E9,0.08954936563968659
CC_A65C88769BA8,0.2693771064281464
CC_A65E142C3F55,0.09903895854949951
CC_A6606AE256A8,0.13205593973398208
CC_A669026A90F8,0.10161681622266769
CC_A66F8C75DB54,0.06977426409721374
CC_A670A80CDF21,1.0
CC_A67279B3C134,0.1586046576499939
CC_A672DD77EEB5,0.15351025611162186
CC_A67404134014,0.15383664667606353
CC_A675588A4D1B,0.565044105052948
CC_A678BEBF6358,0.1239463821053505
CC_A6807BBD20E6,0.07138310372829437
CC_A680D66DCABB,0.3131812125444412
CC_A6872AAC45C4,0.08103177100419998
CC_A68AE49F33F2,0.06405787542462349
CC_A68EB14FDAF6,0.39485777020454405
CC_A692ED15ACD0,0.3279237449169159
CC_A695083742CF,0.07739591002464294
CC_A69F6DE8A977,0.6129242658615113
CC_A69FC06BD5BB,0.1538366436958313
CC_A6A2457E859C,0.4178445637226105
CC_A6A2655E85B0,0.10958622097969055
CC_A6A420E5C196,0.45217630863189695
CC_A6A4A9A59653,0.1477234721183777
CC_A6A9C4EB6FDD,0.39920220375061033
CC_A6AD39AB8E50,0.048015962541103366
CC_A6ADEA3785A1,0.14475723952054978
CC_A6B0B63EF68D,0.5507908463478088
CC_A6B240EC66D6,0.09707766622304917
CC_A6B253C7D503,0.19157361686229707
CC_A6B5A944DC76,0.16395237445831298
CC_A6B8267BF832,0.13674677908420563
CC_A6BFD7A421D4,0.06129722967743874
CC_A6C1F9B1C8BA,0.18077428936958312
CC_A6C6A50B249F,0.14910158962011338
CC_A6C97E3745E2,0.3126787066459656
CC_A6CA1D3AF641,0.15262678563594817
CC_A6CABBD2AA89,0.7870697021484375
CC_A6CDC5618300,0.7026935338973999
CC_A6CDE4656C8D,0.07150887474417686
CC_A6D2C17EFFC8,0.9991971731185914
CC_A6D4FBFDBCC3,0.28580191135406496
CC_A6E1F359674D,0.5596786916255951
CC_A6E230708D59,0.3873583137989044
CC_A6E24277F5F2,0.09523568153381348
CC_A6E2CD698E6A,0.07549162656068802
CC_A6E758F474B9,0.0683023564517498
CC_A6EA941B8C2B,0.06864500641822815
CC_A6F1778ECB76,0.7737128376960755
CC_A6F1A04771D6,0.14734722971916198
CC_A6F20032B061,0.0824940875172615
CC_A6F213D1543A,0.2614433318376541
CC_A6F22BBFE022,0.1539147213101387
CC_A6F24CEEFA42,0.15340318083763121
CC_A6F501FD454D,0.10472097545862198
CC_A6F8DBA0DF17,0.07885558158159256
CC_A6F8E9CE4FA9,0.49518945813179016
CC_A6F8FB403100,0.05784853920340538
CC_A6FC48E2424B,0.06129722818732262
CC_A700E8AB5502,0.11544940322637558
CC_A7027F9588EB,0.31995218992233276
CC_A703FCACB6F1,0.1616919755935669
CC_A706FA70EE4D,0.061297228932380675
CC_A709E886CAFB,0.159770667552948
CC_A70AD3D6098C,0.025652550905942918
CC_A70C47613562,0.16299412548542022
CC_A710E93BD7A7,0.3705084204673767
CC_A712119DAB6C,0.14443085342645645
CC_A7123BD9BDD8,0.07174907475709916
CC_A7182F7FEC33,0.07975384891033173
CC_A7186B682A2D,0.0715088739991188
CC_A71B94179460,0.5043933868408204
CC_A71F240B4CE5,0.11729682087898255
CC_A7205F24E1D6,0.05245564505457878
CC_A720CAA06FC4,0.19848657846450807
CC_A721B2ADE274,0.10351640284061432
CC_A723AFB46AE7,0.18354271054267884
CC_A723DF122C00,0.19982334673404695
CC_A726F8456098,0.28046858310699463
CC_A732BDAD92B3,0.15599317848682404
CC_A737657D9BBC,0.08949289172887802
CC_A7392C3EAF33,0.3610957384109497
CC_A7415055F05E,0.1437839925289154
CC_A746925DDC82,0.16395237743854524
CC_A74694C6F4F3,0.050067701190710065
CC_A746DD4E9F39,0.10439989268779755
CC_A747E7229BB4,0.12007738202810288
CC_A74AAEBBCC14,0.09144894927740096
CC_A74E127DB9D6,0.09794870018959045
CC_A751D2996FC0,0.1363575428724289
CC_A75374045EEC,0.32357720732688905
CC_A759DB6FF7DC,0.0642043948173523
CC_A75B8DA04495,0.14785877168178557
CC_A75CC04D4110,0.14359604716300964
CC_A75D4A19C2FB,0.16395237743854524
CC_A75DC4645478,0.06890136450529098
CC_A75DDD85173A,0.15211524069309235
CC_A75FB68173A7,0.06456969231367111
CC_A76120A60423,0.11094221621751785
CC_A7635A1B9BD2,0.15599317848682404
CC_A7652F262667,0.17507272064685822
CC_A76643AA78D9,0.2461845815181732
CC_A76719763D33,0.11883505284786225
CC_A76ABD0A34A1,0.08006270825862885
CC_A76B762275A9,0.4789043486118317
CC_A76DDF3BDEBE,0.14715038537979125
CC_A76FB5A7124B,0.16733265519142151
CC_A77339CF6846,0.17143697738647462
CC_A77908BB432F,0.7752467393875122
CC_A7808DEC5D09,0.14055292457342147
CC_A785AC28500B,0.11185730397701263
CC_A7861551FFC3,0.7222965240478516
CC_A7862D3E83C9,0.12474204003810882
CC_A7867F315C5D,0.15597190260887145
CC_A788BDD64F14,0.15211524665355683
CC_A790F00E7B06,0.13859838992357254
CC_A79202E21D29,0.18998512029647827
CC_A792E555C7A6,0.02374005354940891
CC_A793B73FAB0B,0.4789043486118317
CC_A794FF9FCCE1,0.6525025367736816
CC_A7952322A4F8,0.07747281342744827
CC_A7989B1AD915,0.2454472839832306
CC_A79C0193A2CB,0.10958622097969055
CC_A79D16CE71B6,0.07768990695476533
CC_A79EFC4DAFE4,0.10450399070978164
CC_A7A04F15B27B,0.058237229287624356
CC_A7A4B4770971,0.6475696086883544
CC_A7A60D4895CD,0.3365645170211792
CC_A7A77D1EB955,0.7110424637794495
CC_A7A88DA3A51B,0.1261201858520508
CC_A7ADD926A911,0.15650472044944763
CC_A7B5CB5D21CC,0.3121191501617432
CC_A7BD3D57355F,0.06442317292094231
CC_A7BDE2F778C7,0.1639523684978485
CC_A7BF65E33282,0.041620220988988876
CC_A7CA13805057,0.6490619659423829
CC_A7CCBD812B7B,0.05569662153720856
CC_A7CFD7AAD818,0.16299412548542022
CC_A7D1A93B981D,0.34938053488731385
CC_A7D35A7E6B5E,0.012612179294228554
CC_A7D3728F7CC5,0.6261066198348999
CC_A7D414CD3F37,0.1586046576499939
CC_A7D7F9A5E9F5,0.5674710988998413
CC_A7D8CC926B73,0.35015246272087097
CC_A7D98548B9CB,0.1634408414363861
CC_A7D9A2CB1394,0.1098042219877243
CC_A7DB2C2ECF9E,0.0959316298365593
CC_A7DDAC83E0BD,0.0758029654622078
CC_A7E27B0B57AB,0.08644496947526932
CC_A7E5115904CD,0.06250435411930085
CC_A7EA663BCC85,0.3379760146141052
CC_A7EAB8581771,0.04970748424530029
CC_A7EF34614AE5,0.3105395019054413
CC_A7EF56B63F57,0.12690836787223816
CC_A7EFDA8A904D,0.10155115574598313
CC_A7F2DAEDA32F,0.030985884368419647
CC_A7F823E7DA79,0.7502598404884339
CC_A7FD92D19322,0.17073418498039244
CC_A7FFD14558C9,0.14715038537979125
CC_A803650C0F32,0.1877313494682312
CC_A803B8ED04C6,0.5063143372535706
CC_A806D305CD5B,0.659132468700409
CC_A806D7374061,0.2274676203727722
CC_A80B5A2B87DB,0.2716696560382843
CC_A80ED0D18788,0.6691437602043152
CC_A8106D4C7E92,0.17169243693351746
CC_A8141C561367,0.2219393938779831
CC_A8154259D5E9,0.3128910779953003
CC_A8169D7E5861,0.14199811816215516
CC_A819E1E7A8EF,0.1624825894832611
CC_A81C38745115,0.2239747315645218
CC_A81D9F0CF7AB,0.12951898723840713
CC_A8260D4E81B0,0.20110377669334412
CC_A82C269668F1,0.08744629174470901
CC_A83108A1A74F,0.17073419094085693
CC_A83137251FD6,0.6091025590896606
CC_A8329C40DB70,0.17234691679477693
CC_A8362F22DDE8,0.05263662561774254
CC_A83B5A4930F0,0.08644497245550156
CC_A83D338C307C,0.08461406081914902
CC_A841A789E4BE,0.05726320445537567
CC_A84590CB0DC7,0.09496769905090333
CC_A8491874BA23,0.2147773653268814
CC_A849F4D34464,0.16299412846565248
CC_A84EF3C58724,0.4933404326438904
CC_A8553D6D54AB,0.11928347647190093
CC_A86128341E83,0.3704096138477325
CC_A8684C4D4620,0.717799186706543
CC_A869025CFC82,0.3992022156715393
CC_A86B21205D10,0.07701009064912796
CC_A86F8BFFEF7A,0.18841277956962585
CC_A874CE9AF024,0.3058328747749329
CC_A876D2C60CA9,0.7620827794075012
CC_A8774F02FC3F,0.08582614511251449
CC_A877E14CEAE8,0.03554178886115551
CC_A87CE2755C5C,0.06013630628585816
CC_A8800E45D0E2,0.1470208466053009
CC_A88349F5098E,0.07899127900600433
CC_A8837434B760,0.5324101448059082
CC_A885A05E7E24,0.17234691679477693
CC_A887FB948E47,0.1757271945476532
CC_A88C89EEFF27,0.366944020986557
CC_A88E47D6E12A,0.15014386624097825
CC_A88FB361B009,0.07905970513820648
CC_A8916026DEB9,0.20934028625488282
CC_A897C8E3CF00,0.0754963219165802
CC_A89947268EDE,0.1673147201538086
CC_A89AB3CD3756,0.07900209724903107
CC_A89BDD2940EA,0.06707073971629143
CC_A89D38E86F54,0.17437138855457307
CC_A89F43E297CE,0.08342980816960335
CC_A8A4120E45A4,0.19679125845432283
CC_A8A46C1DF4A1,0.2745562791824341
CC_A8A89D7D5D57,0.2500703036785126
CC_A8A9311B179B,0.2562530606985092
CC_A8AA9FC6E7F4,0.061297227442264554
CC_A8AC5619E98E,0.04685503989458084
CC_A8AC99D0C8F5,0.37050843238830566
CC_A8AF1D0E5225,0.5624832689762116
CC_A8B023020146,0.7620828032493592
CC_A8B0A004CC5C,0.17169244289398194
CC_A8B5E994172D,0.10841565579175949
CC_A8B6574BB001,0.10690205246210098
CC_A8BCC5F5D308,0.09402974545955659
CC_A8BCD80743ED,0.06442317143082618
CC_A8BD2ACE1FAE,0.5338641405105591
CC_A8BFC8D6C835,0.15695142447948457
CC_A8C009E0821C,0.13247960805892944
CC_A8C1EEF8BEA7,0.47617549300193784
CC_A8C6324841BF,0.05845726877450943
CC_A8C8F6F36ADF,0.39485777020454405
CC_A8C919EDDB7F,0.08448609858751296
CC_A8CB85B80314,0.5937902450561523
CC_A8CBFB55F463,0.26414779722690584
CC_A8CC088B85F8,0.6627435088157654
CC_A8CC23F4B5E9,0.1431429162621498
CC_A8CC4CDC8AD6,0.06148895099759102
CC_A8CC7F04F472,0.08203920125961303
CC_A8CE272F22FD,0.11173787564039231
CC_A8D049D72381,0.14785877168178557
CC_A8D4563BA09C,0.2757719695568085
CC_A8D60FB42E90,0.357553094625473
CC_A8D7262D8718,0.05823723077774048
CC_A8DA502E7E64,0.09707766771316528
CC_A8DAC2EBCF61,0.08498547971248627
CC_A8DAF4FAB5A2,0.09028854966163635
CC_A8DB880F4F62,0.32474820613861083
CC_A8DBBD5C1775,0.7290269017219544
CC_A8E0487B5A24,0.05152299217879772
CC_A8E06F3E5197,0.052636624127626416
CC_A8E0FFD3ADBC,0.4421297550201416
CC_A8E94A175936,0.7519822716712952
CC_A8E97B546092,0.46792090535163877
CC_A8EA90DB0F10,0.06129722818732262
CC_A8EC23205826,0.24072336554527282
CC_A8EC258B277E,0.31981989145278933
CC_A8ED417595B0,0.11185730397701263
CC_A8EE6EC37824,0.3501524567604065
CC_A8FCD25B3C51,0.531597352027893
CC_A8FE4C948F56,0.10579137951135635
CC_A8FF79D8C0CE,0.08211330026388168
CC_A9009F9C62C9,0.17169243693351746
CC_A9043BAD924D,0.15599317848682404
CC_A90835441069,0.07870176285505295
CC_A90A1A26372C,0.11915901303291321
CC_A90A929F74FF,0.05177989825606346
CC_A90B8E0863F9,0.04262655526399613
CC_A911B4D63845,0.0760070875287056
CC_A91237A265E9,0.10335371196269989
CC_A912E547F3C6,0.036098989099264144
CC_A913D95E7E8D,0.16395237743854524
CC_A9165A74F165,0.7690903544425964
CC_A91B38945645,0.12598612606525422
CC_A91B578DA80B,0.3395047128200531
CC_A91C1C2BF9C1,0.025652551278471946
CC_A91DCEF2E5DE,0.08859462291002274
CC_A91DEC2F00E9,0.10214616656303406
CC_A927CE7B1E31,0.6257314682006836
CC_A9285061FE9E,0.0614437498152256
CC_A929017922C0,0.1691875636577606
CC_A929135A2EF1,0.16395237743854524
CC_A92A47407376,0.16299412846565248
CC_A92CF9FA7731,0.6835169315338134
CC_A93031142999,0.14925122261047363
CC_A93330D11A5B,0.09302842617034912
CC_A93B0CD95AA5,0.1987968862056732
CC_A93B50F353DF,0.1350850433111191
CC_A93BC0456F1B,0.1372999757528305
CC_A9402001902D,0.10260208547115326
CC_A9402C70CEBD,0.07662930190563202
CC_A94254DA8646,0.1591161996126175
CC_A944522752E5,0.16039433032274247
CC_A94638CC29CE,0.07732461243867875
CC_A94890103B1E,0.15597190260887145
CC_A94B929FCD46,0.16489925384521484
CC_A94E8E8502FE,0.0740293100476265
CC_A951DFCF9650,0.24299320578575134
CC_A95213749EBB,0.08851349502801895
CC_A9536E88D9A1,0.6264413356781006
CC_A953CC8A304F,0.19530286490917206
CC_A958084EF3FA,0.046647485345602036
CC_A95C6ECD71CD,0.09213015735149384
CC_A95EF0C4F6F8,0.00927884578704834
CC_A9665D3E5B32,0.49334043860435484
CC_A968212AEE17,0.15860555768013002
CC_A9693E7F39CB,0.10801301896572113
CC_A96B52455369,0.7614875674247742
CC_A970F3B1723F,0.12920641750097275
CC_A975DFD4CDAD,0.16299412846565248
CC_A9772A06616F,0.14829935133457184
CC_A97734E51A48,0.16634562015533447
CC_A9783161C1B8,0.15746296644210817
CC_A978BC8BC3DC,0.15869252979755402
CC_A97A298607B0,0.5269427418708801
CC_A97B929FED33,0.20572900772094727
CC_A9810BA2D394,0.16299412846565248
CC_A981903184BC,0.1668211191892624
CC_A9854A6AB990,0.07706769406795502
CC_A989EED40B37,0.1815182387828827
CC_A98A12865EB4,0.16299412846565248
CC_A98C15DB7A11,0.269014972448349
CC_A98C93478642,0.30342085361480714
CC_A997E5CEAC6F,0.131634484231472
CC_A99968576AF1,0.11254771202802658
CC_A99B857BF2D5,0.5878688097000122
CC_A99C7D8B0CAB,0.07137227952480316
CC_A99D353A0E79,0.1629941314458847
CC_A9A3F8FA586A,0.15211524665355683
CC_A9A463B74727,0.40678160786628725
CC_A9A67507CD5D,0.0612972266972065
CC_A9A6F7850A88,0.5727236866950989
CC_A9A986456911,0.17073419094085693
CC_A9AAA6DC2007,0.35015246272087097
CC_A9AC6E31C775,0.7593230605125427
CC_A9ADD7104E81,0.04096741527318955
CC_A9AF7703490D,0.7110424160957336
CC_A9B1DE41B856,0.14557014107704164
CC_A9B59FAA0573,0.061297228932380675
CC_A9B80EA88C75,0.16299413442611693
CC_A9B8F5AD219A,0.08621263653039932
CC_A9BD13B66099,0.16299412846565248
CC_A9BFEFA7D257,0.7581704616546631
CC_A9BFF275D7B1,0.184027561545372
CC_A9C2D702FD90,0.1565047174692154
CC_A9C3A09AE840,0.738495147228241
CC_A9C3CA353221,0.32574758529663084
CC_A9CA25E868BF,0.6281093001365662
CC_A9CB749DE536,0.07805347889661789
CC_A9CC1D68538F,0.20436454117298125
CC_A9CE9B8CC465,0.09487210363149642
CC_A9D0012DB6C5,0.16798713207244872
CC_A9D4019A26F8,0.26788082122802737
CC_A9D4D3815F3C,0.06442317143082618
CC_A9D4D650B2FD,0.030985884740948676
CC_A9D998EF645A,0.16299413442611693
CC_A9DBAC763971,0.15809401869773865
CC_A9E001D623CF,0.1025150865316391
CC_A9E00B55AB9E,0.17375211119651796
CC_A9E1AE214E03,0.41914296746253965
CC_A9E3A463CACF,0.07885558009147645
CC_A9E6076D28ED,0.2752506971359253
CC_A9E87FDEC15E,0.09585442990064622
CC_A9EA2430905A,0.16666024923324585
CC_A9F59329154F,0.10824516713619232
CC_A9F5DD7D92CB,0.15695143043994902
CC_A9F94A7BF972,0.15809401869773865
CC_A9FA30186EAA,0.16299413442611693
CC_A9FC4E12B5B6,0.08545911312103271
CC_AA01D3D9FB70,0.10473572164773941
CC_AA06B2CCCFDC,0.08839633613824845
CC_AA0897D3F9A7,0.2734363853931427
CC_AA0B78414EB4,0.16460685133934022
CC_AA0EB3933170,0.4789043486118317
CC_AA0FE63338C5,0.1565047174692154
CC_AA11C9E925A1,0.019288913905620576
CC_AA132673C8B9,0.1475323885679245
CC_AA17B8E25973,0.07151134982705117
CC_AA17B8FB4DD1,0.12838379442691802
CC_AA1A2DCDB37A,0.048015961050987245
CC_AA1B923B2953,0.24593428671360015
CC_AA23725B1EB7,0.3119067847728729
CC_AA2513603BF4,0.5500345468521118
CC_AA255B733172,0.2771993339061737
CC_AA279A170662,0.1624825894832611
CC_AA2A5D698886,0.5061728775501251
CC_AA2F7CAA1EDE,0.061297228932380675
CC_AA326BB80433,0.10161681324243546
CC_AA3C8291233B,0.01918414942920208
CC_AA3F3E8E0EDC,0.2378905326128006
CC_AA3F96BD8D05,0.0732549749314785
CC_AA42D22C711C,0.45311319231987
CC_AA45FA46CF4B,0.162994122505188
CC_AA48B43E154C,0.14734723269939423
CC_AA4B49F77588,0.30401204228401185
CC_AA4C67B9248D,0.13636493682861328
CC_AA4CA943C884,0.06220500320196152
CC_AA4F1F77FC0D,0.07288097590208054
CC_AA4FC7826D2D,0.49107364416122434
CC_AA5037049842,0.34256091713905334
CC_AA53097D88E6,0.15158332884311676
CC_AA545037795F,0.41164352297782897
CC_AA5757906A56,0.1511405885219574
CC_AA678D85779A,0.0758061483502388
CC_AA68A594CBE5,0.39485777020454405
CC_AA6D0DCCE773,0.02172091379761696
CC_AA6D901E4AE6,0.19386863708496094
CC_AA6DB26C19DB,0.012612179294228554
CC_AA761CE2F7F1,0.19886952936649321
CC_AA7C84B0D796,0.03554178848862648
CC_AA7DD4E1FF1A,0.3158028364181519
CC_AA804C3CE9A9,0.15599318146705626
CC_AA836E71243E,0.17840614318847656
CC_AA886C8EFCBE,0.14174460172653197
CC_AA88F3EB7595,0.3867022037506104
CC_AA8A54D78FEC,0.505509740114212
CC_AA8EE66201FD,0.6289252758026123
CC_AA92054041B2,0.11197055131196976
CC_AA9387BF1364,0.5460334599018097
CC_AA93B0BB66F1,0.11011421382427215
CC_AA95BD3B4433,0.05472259446978569
CC_AA98EF8D12FE,0.06442317217588425
CC_AA994BCD7E57,0.11745290160179138
CC_AA9C92CF5D9E,0.06405787467956543
CC_AA9D3D776B90,0.09402974545955659
CC_AA9E0643AF70,0.24011219441890716
CC_AA9E404D9E88,0.16344083547592164
CC_AAA59CBDFB37,0.3137995660305023
CC_AAA6FB99A506,0.27533518671989443
CC_AAAB6879D8FB,0.1760067492723465
CC_AAAEC55D7B19,0.1629941314458847
CC_AAB0119FA44F,0.03125615455210209
CC_AAB73A572F7D,0.11493605077266693
CC_AAB7D4AE4A7C,0.1279601350426674
CC_AABD04CEF820,0.14096718430519103
CC_AABEC7351D77,0.13054384291172028
CC_AAC0042F66FA,0.10958622097969055
CC_AAC135809669,0.15860555768013002
CC_AAC178FEB284,0.05726320445537567
CC_AAC18F8D66F4,0.19943685829639435
CC_AAC1FD115E96,0.29177272915840147
CC_AAC609663E72,0.14692912995815277
CC_AAC7B727D643,0.07250469475984574
CC_AACD0A40E59D,0.16798713207244872
CC_AACE3A4DDCC8,0.05823723152279854
CC_AACF1C9A56CC,0.09112013280391693
CC_AACF5F633EEA,0.09251128137111664
CC_AACF87DD3855,0.1799398273229599
CC_AADA4CF10327,0.1146834746003151
CC_AADAD44A45FE,0.2539052963256836
CC_AADADF1D117C,0.1716924399137497
CC_AADAE307B497,0.20215113759040831
CC_AADCF1C1F8D9,0.07288097739219665
CC_AAE000BD58B6,0.07165651023387909
CC_AAE2C2064433,0.16958665251731872
CC_AAEAE7B46478,0.17162902653217316
CC_AAF15D06D32D,0.6812649607658386
CC_AAF23FDD779D,0.7519822597503663
CC_AAF2D8226DA0,0.21990397870540618
CC_AAF34D57EED5,0.10958621948957444
CC_AAF58D87365C,0.11755723357200623
CC_AAF7AB96E87A,0.12157220840454101
CC_AAF9D4BE18E6,0.4421297490596771
CC_AAFC91150951,0.18059407472610473
CC_AAFE6F64A545,0.27344422340393065
CC_AAFF1EDCCB1C,0.14068245738744736
CC_AAFF2363E40C,0.1569514274597168
CC_AB01E98B3325,0.06239004209637642
CC_AB0741D47891,0.7345930099487304
CC_AB09CDAE4F68,0.16395237743854524
CC_AB0AFD5F398D,0.7168003797531128
CC_AB125B89AE38,0.7969287991523742
CC_AB1A4FC439B7,0.4910736560821533
CC_AB1CB624D8F7,0.3648767590522766
CC_AB219F0D99FB,0.14443085044622422
CC_AB232BDF0AD4,0.13506959974765778
CC_AB24DFFBFE32,0.14702084809541702
CC_AB2555814879,0.1797601193189621
CC_AB27E4E943C9,0.07639458924531936
CC_AB2A42F41B2E,0.15809401571750642
CC_AB2D2CA6A64E,0.14114054441452026
CC_AB2F88E2FFD6,0.07991971373558045
CC_AB33EFDC9AF1,0.16460685133934022
CC_AB34A0FF355F,0.06261787861585617
CC_AB37E7BF5FF6,0.33303468823432925
CC_AB3F90F3568B,0.08554670214653015
CC_AB41CF6C23E1,0.04104687944054604
CC_AB43C72E5E4F,0.17073419094085693
CC_AB45C75D5087,0.23419597148895263
CC_AB482A213A7F,0.10937958806753159
CC_AB482EA4AAB9,0.1624825894832611
CC_AB4944883722,0.07244370877742767
CC_AB4C4913F1A2,0.1716924399137497
CC_AB4C740534A5,0.09503336101770402
CC_AB54A23EE3C8,0.1973446637392044
CC_AB557B79C7BF,0.15599318146705626
CC_AB558B8AF130,0.1565047174692154
CC_AB5F491BF450,0.06012393608689308
CC_AB61027CAA32,0.0883147031068802
CC_AB61E8E4A5FA,0.4234874129295349
CC_AB65D49AA2DC,0.05823723152279854
CC_AB663846B1CF,0.08947255909442901
CC_AB67D6C89A92,0.18160118162631989
CC_AB70C862BF32,0.39920220971107484
CC_AB731F19F5D6,0.22085085809230803
CC_AB786647A30E,0.47890433073043825
CC_AB789919D614,0.08090168833732606
CC_AB794D887FB7,0.48009021282196046
CC_AB7BE2563D01,0.16299412846565248
CC_AB8283EFF50B,0.18403908014297485
CC_AB83A4BF3752,0.09144895076751709
CC_AB840BD9EA72,0.09651745408773423
CC_AB8410C1ADB5,0.1745611846446991
CC_AB884B5B0E22,0.43463030457496643
CC_AB88836B6A8A,0.22126588523387908
CC_AB8984CEBDF5,0.18621549904346466
CC_AB912C43017A,0.061297228932380675
CC_AB96346C5169,0.061195362359285355
CC_AB98246CB9AD,0.1840275675058365
CC_AB9CB1E3AFC7,0.08096097707748413
CC_AB9D82F14A1F,0.5705527007579804
CC_AB9E482E1A69,0.297831255197525
CC_AB9F288E1531,0.16460685133934022
CC_ABA3AB47F2A5,0.0978451520204544
CC_ABA433D59EFB,0.6896138668060303
CC_ABA4DEB62B51,0.07336429059505463
CC_ABAA3649B4CE,0.06405787542462349
CC_ABAC1B7B23DE,0.21856071054935455
CC_ABACA4E5CAF1,0.15220312178134918
CC_ABAE0A66F341,0.21132247149944305
CC_ABB36D5B156F,0.1569514274597168
CC_ABB9B4C77C19,0.07019668146967888
CC_ABBA16B7C413,0.4903351366519928
CC_ABBABC198B40,0.03319039978086948
CC_ABC0334A1B39,0.1906007170677185
CC_ABC0D16783A3,0.050067701190710065
CC_ABCC2A6B5E47,0.7791072249412536
CC_ABD0442A569E,0.16520303189754487
CC_ABD16D2BCC7F,0.4559175670146942
CC_ABD1D865D6EB,0.18208151161670685
CC_ABD26E560CB9,0.16131343245506286
CC_ABD4169CF1AC,0.2241101086139679
CC_ABD4F1541032,0.4353090763092041
CC_ABDB4D5D1F58,0.06679596975445748
CC_ABDB67FCF948,0.14058434963226318
CC_ABDB7E13B6B5,0.31195816993713377
CC_ABDBDBCAFFA5,0.3705084264278412
CC_ABDC814AFF0A,0.03554178848862648
CC_ABDDBD29C0D8,0.041046877205371854
CC_ABDE3F7BACBD,0.7625417828559875
CC_ABE2A113E670,0.14055292308330536
CC_ABE499EE0FCE,0.4789043366909027
CC_ABE6BDB21A29,0.15809401869773865
CC_ABEB0846311A,0.14954217076301574
CC_ABEBE6752FF1,0.07823752909898758
CC_ABF07DEE2BC3,0.11276523470878601
CC_ABF53A99160B,0.10431205928325653
CC_ABFEB80E9C9A,0.7829456329345703
CC_AC0129AC148E,0.36792573928833006
CC_AC01BE06AD0A,0.5055090487003326
CC_AC03C0BDCB94,0.07790835946798325
CC_AC0B40CB2DE5,0.09707766622304917
CC_AC0B57DCE069,0.5084308326244354
CC_AC123284478B,0.6411839842796325
CC_AC1232C32715,0.22009872794151306
CC_AC12A0E32945,0.3646286725997925
CC_AC16161E73DB,0.4178445518016815
CC_AC1A411CB8E1,0.06898955628275871
CC_AC1A5D15682E,0.795683479309082
CC_AC1CD2A208A8,0.10774423778057099
CC_AC205B3545CB,0.10450347810983658
CC_AC24B3E524E9,0.04869922399520874
CC_AC270C5A49F5,0.11721351742744446
CC_AC2894C3538B,0.1131444200873375
CC_AC33F7CD4624,0.14734723567962646
CC_AC34CF4B8425,0.06405787616968155
CC_AC37B8D835A7,0.07427199631929397
CC_AC383C0F70E1,0.07493509650230408
CC_AC3B4A1B029A,0.1512075185775757
CC_AC43C7678741,0.24783309400081635
CC_AC43E89255F7,0.18500095009803771
CC_AC452AD93A28,0.1858686089515686
CC_AC49FF407A24,0.6830326914787292
CC_AC5058EDAE5D,0.6289002299308777
CC_AC52DE725006,0.6754368782043457
CC_AC5B85BA76A5,0.1905352234840393
CC_AC5DF2442708,0.20255498290061952
CC_AC62DA48F581,0.03762158267199993
CC_AC63B11642AB,0.10255247205495835
CC_AC66593A8B77,0.26386340856552126
CC_AC672F356FAF,0.06587106287479401
CC_AC68429E0E22,0.17971325814723968
CC_AC68D4BAD88D,0.08196229189634323
CC_AC6B555F0309,0.08907754272222519
CC_AC70905CEBB6,0.6925209760665894
CC_AC738C2A9CA1,0.047753512114286426
CC_AC7795E61669,0.2559865236282349
CC_AC7C73FB75C9,0.015912752598524094
CC_AC8190B37D61,0.5919286608695984
CC_AC83D5608788,0.14715038239955902
CC_AC875546AD6B,0.6275087356567383
CC_AC8C4955991E,0.05867491587996483
CC_AC8D89569089,0.06405787765979767
CC_AC982ABA7EB1,0.19456998407840728
CC_AC9BE414E2B4,0.41914297342300416
CC_AC9F18D5DBFD,0.055696622282266614
CC_ACA3A4E90DFE,0.2633968979120255
CC_ACA3D042097A,0.6812649607658386
CC_ACB060E910CB,0.07648278325796128
CC_ACB06991D9C8,0.16299412846565248
CC_ACB460129DBE,0.06886378228664398
CC_ACC5BADA6B10,0.2067536175251007
CC_ACCD326590ED,0.029892570897936822
CC_ACCD879451B6,0.35193033814430236
CC_ACCE088F3C54,0.44629250168800355
CC_ACD05E6B4D5B,0.256373530626297
CC_ACD348B6C027,0.08859462440013885
CC_ACD3FE0B8BD4,0.3040120482444763
CC_ACD43DA1153E,0.8461620688438416
CC_ACD92B15C213,0.16299412846565248
CC_ACD95951AD36,0.10203883647918702
CC_ACDA1687BF63,0.17780399024486543
CC_ACDE6727D51D,0.5843469500541687
CC_ACE10B629C92,0.4409972965717316
CC_ACE592D22F26,0.24025623500347137
CC_ACE67F3A3385,0.4992458581924438
CC_ACE76BF745E7,0.05166259780526161
CC_ACE828A807DE,0.31267871856689455
CC_ACEA7EA8A2E9,0.08339235633611679
CC_ACEAE4CC08D4,0.6034859418869019
CC_ACECB238CAEF,0.16344083845615387
CC_ACED2F78376C,0.10858490467071533
CC_ACF158865469,0.14058435708284378
CC_ACF1B567C2C8,0.6295563697814941
CC_ACF26F6076F0,0.16299412548542022
CC_ACF2DB19AADB,0.2855688393115997
CC_ACF33F2B9CDF,0.22295405566692353
CC_ACF3BC896638,0.055414289236068726
CC_ACF526F542FD,0.09705043286085129
CC_ACFA9AB2E996,0.10913810282945632
CC_AD0082103164,0.16733265817165374
CC_AD011EFE33A5,0.3040120482444763
CC_AD01B1A77B6C,0.10958622097969055
CC_AD036967592E,0.08560430705547332
CC_AD06AAD77E0E,0.1343424692749977
CC_AD08792FAB21,0.16395237743854524
CC_AD0B52DD444A,0.7512688279151917
CC_AD0D065BB98A,0.33516027331352233
CC_AD0E455DC560,0.06587106212973595
CC_AD110C070D2E,0.11867222189903259
CC_AD135F45D1A1,0.24098990261554717
CC_AD137E7B57A0,0.08195759803056717
CC_AD13BC776644,0.15746296644210817
CC_AD13C13F4F7A,0.33186074495315554
CC_AD14555DF0E5,0.05247527360916138
CC_AD15370A3B25,0.04838174767792225
CC_AD1D7087642C,0.0852748841047287
CC_AD20437874C7,0.05050167590379715
CC_AD2216763129,0.14346930384635925
CC_AD226651BBB4,0.7026935338973999
CC_AD2D2DD5AE1C,0.18620878159999849
CC_AD32EDE2EE17,0.20594334602355957
CC_AD359D65EDF1,0.12611271142959596
CC_AD37EC092DBD,0.07098139077425003
CC_AD3AE9AAA8E9,0.05126814693212509
CC_AD40CD445E44,0.27533518671989443
CC_AD423B7E7B99,0.1565047174692154
CC_AD457FF9DCF4,0.15383664667606353
CC_AD467027CC6C,0.2157083719968796
CC_AD47425E3550,0.6658307909965515
CC_AD4851305902,0.29777600765228274
CC_AD4C82B325AF,0.35449689626693726
CC_AD4CA98C314A,0.13128367811441422
CC_AD54EF94F53F,0.2905855417251587
CC_AD58E5447E42,0.7956834554672241
CC_AD5B2E89496F,0.15434817969799042
CC_AD6073C80EB0,0.2160121440887451
CC_AD61099F5546,0.12619276344776154
CC_AD62B6000F74,0.1569514274597168
CC_AD62F8CF1970,0.16733265817165374
CC_AD6E515F3F3F,0.08554670214653015
CC_AD703EB25FAC,0.6091025590896606
CC_AD7328230E04,0.3772938966751099
CC_AD790FFE5B3D,0.009278846159577369
CC_AD7B0416C93C,0.04487471953034401
CC_AD7BAA55C71E,0.13249505162239075
CC_AD7C44A4005E,0.21021292507648467
CC_AD81DB112D3C,0.04104687795042992
CC_AD82633D5249,0.28922225832939147
CC_AD83B3101092,0.043098616600036624
CC_AD8A3C9F0A0D,0.11432786434888839
CC_AD8BB38FE9AE,0.505509740114212
CC_AD8CB34957B8,0.7941351175308228
CC_AD907159EE48,0.09386705756187438
CC_AD9487257572,0.6490620017051697
CC_AD94B6240276,0.30340167284011843
CC_AD94DA8372F3,0.6194925546646118
CC_AD977BBE03B2,0.1028711199760437
CC_AD983C87063E,0.6054915070533753
CC_AD98AE3542F6,0.12980667650699615
CC_AD99135B88D3,0.10351640433073044
CC_AD9A44EBE8DD,0.39920220375061033
CC_AD9BABE2CCAC,0.1124945968389511
CC_ADA42DD32EB3,0.5125066459178924
CC_ADABDB914EB0,0.16395238041877747
CC_ADAD6F048843,0.26681646704673767
CC_ADB26CFD8024,0.10145412534475326
CC_ADB29E3AE3FB,0.11038187742233277
CC_ADB49C5DED93,0.1438194841146469
CC_ADB54B0A9720,0.09743506312370301
CC_ADB74049D2B6,0.2375642627477646
CC_ADBEE55202E0,0.14055292010307313
CC_ADBFC4C0F98D,0.12485170811414718
CC_ADC1D07ABEBB,0.10958622097969055
CC_ADC4A4AB497B,0.14417918771505356
CC_ADC61AC94CA4,0.12352272421121598
CC_ADD1B844EEAF,0.10434078723192215
CC_ADD4C1FCD44D,0.7171597123146057
CC_ADDA334AC0F7,0.15383664071559905
CC_ADDB6DDEAE9C,0.15599317848682404
CC_ADDCFEFC1D8A,0.06129722967743874
CC_ADE22641EC72,0.7026935338973999
CC_ADE2C37CBC65,0.21219842433929442
CC_ADE2EA1ACE18,0.0683129221200943
CC_ADE782DACAA1,0.1624825894832611
CC_ADE944732100,0.06563029587268829
CC_ADE9F652B1C4,0.17507271766662597
CC_ADEA47F650E5,0.12219949662685395
CC_ADEB224A0FC8,0.1350696012377739
CC_ADEB53CEEE0A,0.07687176689505577
CC_ADEF376A0872,0.25007030963897703
CC_ADF039E595F5,0.06913607716560363
CC_ADF28929E1A2,0.05748324319720268
CC_ADF2F2954D8E,0.06144374832510948
CC_ADF337654560,0.17890068292617797
CC_ADF481917733,0.5830226182937622
CC_ADF85F7B4063,0.1736534982919693
CC_ADFDBE770582,0.6642609238624573
CC_ADFF0A7D5E0B,0.06880295723676681
CC_AE00F0D0C033,0.1035164013504982
CC_AE02A5D0341D,0.28724374175071715
CC_AE02F560C77C,0.1707341879606247
CC_AE0A7C908D8C,0.05405787564814091
CC_AE0AA2176861,0.07555392533540725
CC_AE0B4C9B1FA4,0.06886378228664398
CC_AE0D45FE53DA,0.4083677291870117
CC_AE0D4ED5B39E,0.6925209760665894
CC_AE0D89C67891,0.051475702226161955
CC_AE0E3BBC1AAD,0.0973596841096878
CC_AE13EFC8813F,0.07341088503599166
CC_AE1584F51E41,0.1716924399137497
CC_AE1699E31024,0.025652550533413886
CC_AE1720BAB719,0.6290549039840698
CC_AE19061A2378,0.07031167447566986
CC_AE19ED337C72,0.44212976694107053
CC_AE1A5AFF96D3,0.07792770266532897
CC_AE1AD84B19BF,0.14944807291030884
CC_AE1C1240375D,0.4789043486118317
CC_AE1CE54A1491,0.6290549039840698
CC_AE1E210EE301,0.07326921969652175
CC_AE1EB1A0FAA5,0.06099787577986717
CC_AE1FC05A449C,0.16299412548542022
CC_AE203BC5F2BA,0.41028096079826354
CC_AE21389FFC5C,0.06465626880526543
CC_AE21CB920437,0.044761461392045024
CC_AE21E2312141,0.1446681559085846
CC_AE225CA47E72,0.1634408414363861
CC_AE27CAB44497,0.14012925773859025
CC_AE29B8581338,0.21252245903015138
CC_AE319AD3D195,0.0146121796220541
CC_AE39DD14C6C6,0.22719679474830629
CC_AE3AAD115356,0.26386340856552126
CC_AE3B9459BBB7,0.1682666778564453
CC_AE3C24A0FBC3,0.10862229019403458
CC_AE3D2A2E2589,0.08390628546476364
CC_AE3E51CD37E7,0.1174108624458313
CC_AE3E9C6D2706,0.4651172816753387
CC_AE40CFD3293C,0.20402651727199556
CC_AE41EFDFB0B9,0.16395238041877747
CC_AE43A24DC47C,0.7508550763130188
CC_AE452F315759,0.13409494310617448
CC_AE4530CBB1F3,0.14734723269939423
CC_AE460D64404D,0.09388033151626587
CC_AE4985CACAB8,0.14443085789680482
CC_AE4ABB421CAE,0.1624825894832611
CC_AE4ABDD89DD6,0.11928311735391617
CC_AE509965C4F7,0.7657590508460999
CC_AE50EEAAA873,0.5860256314277649
CC_AE515CC58CA2,0.04104687795042992
CC_AE51788D2633,0.6226625442504883
CC_AE54FFBB8C1C,0.06718268990516663
CC_AE55C2BC4F2B,0.14812693148851394
CC_AE591B7C49BF,0.10427462905645371
CC_AE597D26DDA8,0.38735830783843994
CC_AE5CFBF4846B,0.22461294531822204
CC_AE63DB410779,0.06456968933343887
CC_AE645CBE4466,0.7790727615356445
CC_AE67B5F2118C,0.1499587118625641
CC_AE6EAE61C376,0.14948249161243438
CC_AE6FEF76E891,0.1965944468975067
CC_AE714513719C,0.029073387384414673
CC_AE77F85D001E,0.21737528443336487
CC_AE7E8605ACD7,0.5215850830078125
CC_AE867E4BF75E,0.08196229487657547
CC_AE8AEDD6C9EE,0.047215768694877626
CC_AE8C0BCA4712,0.024117058888077737
CC_AE8E647A6F3F,0.13635753989219665
CC_AE91897EF74A,0.39485777020454405
CC_AE919399931D,0.08869675695896148
CC_AE92753557A7,0.12598612308502197
CC_AE97DB44840F,0.04104687795042992
CC_AE9BB9410CA5,0.08954936414957046
CC_AE9D92A6E9FC,0.04077660776674748
CC_AE9E7A2BFAC4,0.05263662338256836
CC_AEA12F674F15,0.10382383614778519
CC_AEA21A91AFC7,0.015642482414841653
CC_AEAD1D2628D8,0.19675126671791077
CC_AEAEFE4129F5,0.5269427418708801
CC_AEAF21EBDE54,0.0846290074288845
CC_AEB22B6F56AF,0.1935969740152359
CC_AEB5F5467247,0.15262678265571594
CC_AEB9210EF31A,0.16730387210845948
CC_AEB9626DA1C6,0.08195759803056717
CC_AEB9E09BC77A,0.16822284162044526
CC_AEBA8976A197,0.09656402915716171
CC_AEBC741D0634,0.09402974545955659
CC_AEC15B8F9F92,0.17868568897247314
CC_AEC701497E6B,0.26941896677017213
CC_AEC739840825,0.09954026490449905
CC_AEC89B7D44D3,0.15599317848682404
CC_AEC8A63F91D0,0.05872830674052239
CC_AEC95170B88F,0.1082451656460762
CC_AECA0A8CB1BD,0.1565047174692154
CC_AECD349E2097,0.1436544567346573
CC_AED0357EA173,0.6257692098617553
CC_AED0A3349B00,0.49107365012168885
CC_AED70499C796,0.14734723269939423
CC_AED77EC7A78B,0.14715038239955902
CC_AEDC1510FD83,0.0819300428032875
CC_AEE010CBB017,0.1332217499613762
CC_AEE71414E528,0.7407545566558837
CC_AEE8759D007F,0.13735612481832504
CC_AEED6EF06F29,0.16395237743854524
CC_AEEDE87CFC1A,0.2687152802944183
CC_AEEFBA5D19D1,0.24531758427619935
CC_AEF45E99AC12,0.7345930337905884
CC_AEFCDB2F88CA,0.2766100227832794
CC_AF0213915D8D,0.4182237982749939
CC_AF02F54E3C35,0.5879459500312805
CC_AF05008EC20E,0.10724385231733322
CC_AF0611715585,0.5183421969413757
CC_AF08CB6AD715,0.11703887283802032
CC_AF0C31DC66A5,0.07732461243867875
CC_AF0E2B9943A7,0.6422801852226258
CC_AF12F41DB690,0.32153183221817017
CC_AF166E2D0E3F,0.8389056563377381
CC_AF17A2737466,0.16395238041877747
CC_AF194314ADBA,0.2826908051967621
CC_AF1F270DFD26,0.18584782481193543
CC_AF214A8A035A,0.26735199689865113
CC_AF3062B89A1F,0.5315973579883575
CC_AF36A9E020FA,0.14766191840171813
CC_AF37C8AAE8E0,0.09503336250782013
CC_AF3BA240CC3F,0.1485505923628807
CC_AF3E413F6255,0.6472155570983886
CC_AF4088FC9119,0.3379760146141052
CC_AF49054B2277,0.09522297531366349
CC_AF49C2FCFA87,0.6627435088157654
CC_AF4D406B0654,0.08196229189634323
CC_AF555DC332C7,0.21861661076545716
CC_AF582B02EDCD,0.05872830525040627
CC_AF58C98AA9EC,0.838905644416809
CC_AF5CC0A687B5,0.07434064894914627
CC_AF5D3134B3F6,0.10251508355140686
CC_AF5D8D27D891,0.33186074495315554
CC_AF6005E2F4CF,0.056742510944604876
CC_AF67EE3B3FC8,0.16685625910758972
CC_AF68168C02D4,0.05050167590379715
CC_AF6FB4C4426B,0.037635364755988124
CC_AF70B1B36E22,0.2978312522172928
CC_AF710F915793,0.5324019610881805
CC_AF71470BC6CE,0.2928827077150345
CC_AF7282F7EAD7,0.11761527806520462
CC_AF746E7AC0A8,0.9259275794029236
CC_AF76F9438628,0.10167441964149475
CC_AF78C28C28A0,0.10937958806753159
CC_AF78DB9BAA2B,0.037905634939670564
CC_AF7DB1E2707C,0.06129722818732262
CC_AF8621E1CF13,0.06373597085475921
CC_AF8B23CE5A44,0.04487471729516983
CC_AF8D7E96839A,0.1090085670351982
CC_AF8F523E3706,0.09384575486183167
CC_AF8F9029DAC7,0.10958622246980668
CC_AF93202C3B31,0.06129722818732262
CC_AF934635595F,0.0720629170536995
CC_AF961AF77849,0.2618086189031601
CC_AF9970A3C3E9,0.17073419094085693
CC_AF99BB4DBAE4,0.22011796832084657
CC_AF9F176BBDFD,0.06114439591765404
CC_AFA11AC71C34,0.09351610690355301
CC_AFA5707C8CEE,0.08488864004611969
CC_AFA5B7C02A75,0.9549999952316284
CC_AFA5F052C5EB,0.16461069583892823
CC_AFA8A084A235,0.6302115082740783
CC_AFA91F7B1697,0.039715158939361575
CC_AFA93F009AD0,0.08400889486074448
CC_AFAB636D9818,0.35359628200531007
CC_AFAF81B04FCF,0.06405787542462349
CC_AFB303DBC903,0.08035901635885238
CC_AFB6D7B5A1AE,0.0680606983602047
CC_AFC12C1FC84F,0.33293586373329165
CC_AFC2525ACC6F,0.11921267211437225
CC_AFC7F0D41CE5,0.5652406692504883
CC_AFCA74650720,0.4116435170173645
CC_AFCD3EDD869D,0.09924401640892029
CC_AFCD8535C2A1,0.2500703036785126
CC_AFD475405365,0.5223633706569671
CC_AFDE3D99E223,0.16395237445831298
CC_AFDF14A9A7B6,0.4675542235374451
CC_AFDF77AA5375,0.11619945168495179
CC_AFE0FB4CB64F,0.06129722967743874
CC_AFE210591003,0.7525775194168091
CC_AFE283ADDC7F,0.12197641283273697
CC_AFE2B70AF410,0.13735612630844116
CC_AFE613046534,0.20591409504413605
CC_AFEDF9B652F7,0.1987577348947525
CC_AFEEDD45D73C,0.1510428801178932
CC_AFEF7A7D89C3,0.9464285731315613
CC_AFF169410409,0.07790835946798325
CC_AFF2B8B0FBAA,0.08554670363664627
CC_AFF69BF521E2,0.04514199048280716
CC_AFF82DC79CE7,0.7956834673881531
CC_AFFCD522C179,0.467869770526886
CC_AFFF20616F23,0.19652349650859832
CC_B003275E9D60,0.5477878332138062
CC_B00A18466BCE,0.17666122019290925
CC_B00AE0AB9A63,0.0630838468670845
CC_B00C4804D523,0.007435742625966668
CC_B00CC4C318C8,0.11197509914636612
CC_B00CCA033535,0.14715038239955902
CC_B0128621D9A8,0.05126814693212509
CC_B01309116B97,0.16344083845615387
CC_B013D539AB61,0.31710425317287444
CC_B014B10A64AB,0.17407057881355287
CC_B014DD824A0C,0.19236729443073272
CC_B0177DEF668F,0.1390770673751831
CC_B0181032E907,0.05361656844615936
CC_B01AC7F0F036,0.21563404500484468
CC_B01DBE02BB8B,0.14113534837961197
CC_B024D48B8054,0.04077660776674748
CC_B0261C998400,0.7508550524711609
CC_B029AC4DE765,0.06405787616968155
CC_B02D7541DDE0,0.09651745110750198
CC_B032E2A6905E,0.14327245056629181
CC_B034D8BBEDEF,0.12013038992881775
CC_B0350BE8E6FE,0.15911619365215302
CC_B03528226833,0.27124579548835753
CC_B03939873355,0.363008975982666
CC_B03BE9FA1734,0.04104687571525574
CC_B04334B0B0C4,0.6457394599914551
CC_B043F1CDD245,0.18648837506771088
CC_B044F29F51E8,0.10937958806753159
CC_B046431EA71E,0.14972020387649537
CC_B04BB8FC0AD8,0.10394006818532944
CC_B04C7CB49B84,0.08680764734745025
CC_B057BD497851,0.2614433288574219
CC_B05AE3704D5E,0.2063116669654846
CC_B05AF9368707,0.26165837049484253
CC_B05B4F05CD9D,0.1431429147720337
CC_B05E3F0ADEBC,0.08604755401611328
CC_B05EE9293D12,0.1555274412035942
CC_B062B789B5ED,0.12484539747238159
CC_B064B479B5A1,0.5297629296779632
CC_B07237A090D0,0.5903176069259644
CC_B0755DFB8742,0.2101938992738724
CC_B07918BD04C4,0.11017523854970931
CC_B07B5AC346DA,0.7463577508926391
CC_B07E0F9EA8CD,0.1292942926287651
CC_B0862FABE488,0.1431429147720337
CC_B08C3DEEEE70,0.19640285074710845
CC_B08F20780247,0.3716213822364807
CC_B08F35EE50C4,0.43012641072273256
CC_B092D97C8039,0.785701060295105
CC_B09356D7F241,0.16299412846565248
CC_B0967C4983E7,0.16395238041877747
CC_B096A4A3750C,0.15351026505231857
CC_B0976D630613,0.14944807589054107
CC_B09DF83E8DA4,0.5987984776496887
CC_B09E493D68E2,0.16364860236644746
CC_B0A1E309C6EB,0.7256489038467407
CC_B0A302702ED9,0.14346930086612703
CC_B0A576C7643F,0.0946644440293312
CC_B0A65753268A,0.24654546082019807
CC_B0AAF0AD6A6B,0.09516529142856597
CC_B0AFC598AB5B,0.3747763991355896
CC_B0B1DA1444BD,0.17990551590919496
CC_B0B1E52E0E29,0.18866077959537506
CC_B0B63087C4ED,0.5303410410881042
CC_B0BC441FBF4B,0.23521123230457305
CC_B0BCD5264A51,0.14785877168178557
CC_B0BDFFA551C4,0.6812649488449096
CC_B0C13AC2E1A8,0.6069360136985779
CC_B0C27E607EEF,0.08339235782623292
CC_B0C8AB9126A5,0.08203919976949692
CC_B0CAB73EC9DA,0.15695142447948457
CC_B0CCD4ADDC2A,0.1981829434633255
CC_B0D08B02907E,0.15569991171360015
CC_B0D283546341,0.1426110029220581
CC_B0D3CBCE976F,0.2139385461807251
CC_B0D4ECD771C4,0.06373597085475921
CC_B0D7A429141A,0.1629941314458847
CC_B0D8009E8CB6,0.2864533275365829
CC_B0D9E4DE26F2,0.11824855506420136
CC_B0DC4AB45357,0.0711142934858799
CC_B0DFB37E817A,0.6218688726425171
CC_B0E167437161,0.167763614654541
CC_B0E41C0DB613,0.22137027084827424
CC_B0E5C2DA2D2A,0.07007090598344803
CC_B0E7698D91DD,0.5071252703666687
CC_B0EB81C77ABB,0.10183220505714416
CC_B0ED801EBB23,0.20047782361507416
CC_B0EF31816C2E,0.07463729232549668
CC_B0F054258600,0.19422843754291536
CC_B0F098FD61B3,0.06129722818732262
CC_B0F2BFC26991,0.10215632170438767
CC_B0F5578A35C6,0.7413498044013977
CC_B0F5CF869F9A,0.04104687795042992
CC_B0F60BDC9B4C,0.15860466063022613
CC_B0F68FDEAA01,0.06405787616968155
CC_B0F836749868,0.14087931215763091
CC_B0FA04A1A16B,0.10251508355140686
CC_B0FACB174F2B,0.7790727615356445
CC_B0FB97C4DF19,0.25495454370975495
CC_B1015B2DBF95,0.7147177934646607
CC_B10186CE70F0,0.15391472429037095
CC_B10A1AD4669A,0.0144277174025774
CC_B10B9E060283,0.1457192748785019
CC_B10DAF4E7083,0.34715611934661866
CC_B112B109661E,0.06718268990516663
CC_B11400385BC2,0.026103900372982027
CC_B1170AEF8A8E,0.3136676251888275
CC_B117C62EE902,0.8196678996086121
CC_B11B78FFF0ED,0.11824855655431747
CC_B11B92C24485,0.0480159617960453
CC_B11C0F016104,0.7094502925872803
CC_B11C5EDAD05E,0.07031167298555374
CC_B123138A4DCE,0.42340052127838135
CC_B1260B8FD17E,0.7870696902275085
CC_B13110E5DAE0,0.05263662487268448
CC_B131B7A7230A,0.1666313201189041
CC_B1336D33C077,0.09937928915023804
CC_B133B383F23B,0.6026922941207886
CC_B13777FC0108,0.01973605826497078
CC_B1388245D5FA,0.0992440178990364
CC_B139AF180B45,0.12054660767316819
CC_B13ADC5B0A0A,0.18044722974300384
CC_B13AF3492FC2,0.37237620949745176
CC_B13F39269237,0.2551445156335831
CC_B141B874574F,0.12309763729572296
CC_B141C8EFBFB9,0.04371379613876343
CC_B14265F5BD2B,0.13506959825754167
CC_B14AA7B89CAE,0.5614330649375916
CC_B14C47C7E0EF,0.1257938027381897
CC_B14C68F364CF,0.14327245056629181
CC_B14D958CE776,0.2558041036128998
CC_B14FE3365CD8,0.32209500670433044
CC_B156C4D52380,0.11259987652301788
CC_B157DA76E30D,0.15211524665355683
CC_B15AB367E525,0.06405787393450738
CC_B16192C5BBFC,0.3342637062072754
CC_B1664072F206,0.1663275420665741
CC_B16BA8EB2659,0.23034245371818543
CC_B16ECA56DF74,0.15003679394721986
CC_B17296B311D3,0.3416525602340698
CC_B173918BCC8E,0.4191429793834686
CC_B17599386DCC,0.15440927296876908
CC_B17A6F488F95,0.16344083845615387
CC_B182E33ED53C,0.1521152526140213
CC_B18330714657,0.24054094552993774
CC_B184B3D0FC26,0.22492134273052217
CC_B1896AD3E346,0.38021053969860075
CC_B18A91081EC5,0.09220480173826218
CC_B18B49957711,0.15911619663238524
CC_B18D3C585EF5,0.08006270825862885
CC_B18F818F3891,0.13368916809558867
CC_B1917E7DBAD2,0.3540537416934967
CC_B1978ED9A83D,0.08317390531301498
CC_B19B2F752321,0.14517969489097596
CC_B1A0D6610EE3,0.07768990695476533
CC_B1AB24906849,0.14995961189270018
CC_B1AB7B2815DC,0.6619498610496521
CC_B1AC114978A5,0.15911619663238524
CC_B1B06D3AB2B1,0.7671807885169983
CC_B1B1B9A56CFE,0.08501021564006805
CC_B1B7EA857BE7,0.24067279398441316
CC_B1BB492AB129,0.9549999952316284
CC_B1C213CD27EB,0.3852327227592468
CC_B1C49A983E72,0.044106876105070116
CC_B1C6B6C51FCE,0.0831106260418892
CC_B1C7B40104FF,0.08006270527839661
CC_B1CE7DCBCAFB,0.07891318351030349
CC_B1CF878F06E4,0.1461757242679596
CC_B1D03AF379C3,0.22201677560806274
CC_B1D3D4BE5585,0.06405787616968155
CC_B1D777E1BCE8,0.15211524665355683
CC_B1D8DD7D15B6,0.5604833006858826
CC_B1D8F3B4AF25,0.2697796285152435
CC_B1D924C24580,0.08554670214653015
CC_B1DA5DC49F91,0.17118090093135835
CC_B1DAD1ABDE78,0.053561674803495406
CC_B1DE9CC9845B,0.06155110187828541
CC_B1DEDE94533A,0.08647038787603378
CC_B1E073C84B61,0.07317497581243515
CC_B1E127D8AEC4,0.47890434265136717
CC_B1E490CE3B4A,0.14910158812999724
CC_B1E94C87DF12,0.10251508504152299
CC_B1EC10B3AFB3,0.5843469381332398
CC_B1ECA15DF9BE,0.18242207169532776
CC_B1F0F4758305,0.7870697021484375
CC_B1F1EEA3B3F0,0.03125615455210209
CC_B1F2138EBCC4,0.15860555469989776
CC_B1F27ABDBBAB,0.12920641899108887
CC_B1F5C1901B70,0.24962180852890015
CC_B1F8F951A8BF,0.09351610690355301
CC_B1FA8AEDA775,0.2160121440887451
CC_B1FADE3FEDCA,0.044693514704704285
CC_B1FC1F3134EF,0.32153183221817017
CC_B1FE8DF646B3,0.09243603050708771
CC_B1FF0D030ADC,0.20607976317405702
CC_B1FF6BA6F97E,0.10804463773965836
CC_B200BA186DD1,0.24172706604003907
CC_B2032846C98F,0.06405787616968155
CC_B203AEC74B09,0.13316074311733245
CC_B203E5031F01,0.1651396185159683
CC_B205EBE37539,0.0582372322678566
CC_B2064BFE82D5,0.21021292805671693
CC_B2064EC815B6,0.8704273939132691
CC_B20A0F1121EC,0.16731472611427306
CC_B20CCF5250BD,0.06442317143082618
CC_B20FBE5D9212,0.110805544257164
CC_B21222ACA307,0.15599317848682404
CC_B2154D71F930,0.3647868514060974
CC_B2160F57219A,0.07169762253761292
CC_B2184056C830,0.16395237445831298
CC_B219891161B0,0.15211524665355683
CC_B21A9EB946D0,0.3272205352783203
CC_B21BAF90899C,0.1019336462020874
CC_B21FA9AA6699,0.07031167298555374
CC_B21FF4F76401,0.5682621002197266
CC_B22078E0351C,0.07317497581243515
CC_B22218BC745F,0.2107671618461609
CC_B2247F61282B,0.08740108460187912
CC_B224AB0ABDF8,0.24107371866703034
CC_B224ACAD2EF2,0.7407545685768128
CC_B224BB163671,0.06456969156861306
CC_B22C5EA62F64,0.12082963734865189
CC_B22D80148C26,0.6299592971801757
CC_B23236086FD3,0.10251508802175521
CC_B2330EA94B7D,0.13308435082435607
CC_B238B2923086,0.1410483732819557
CC_B23BA6481B10,0.0286729633808136
CC_B24117ADA922,0.24245995581150054
CC_B241ED2351D1,0.11101416498422623
CC_B243DCAC75A6,0.19272708594799043
CC_B247C68735F2,0.1809200018644333
CC_B2484952CF84,0.02451748289167881
CC_B24A19BBD8EB,0.07105101570487023
CC_B24E66527591,0.06886378228664398
CC_B24E9EC5E6F9,0.13466694056987763
CC_B250E7F2DADD,0.08400889635086059
CC_B25298D856D0,0.73240567445755
CC_B25330C545DC,0.12838379591703414
CC_B2548DFBF9A0,0.360525107383728
CC_B2563033BBA7,0.3223037600517273
CC_B25A287772AD,0.1634408414363861
CC_B25ADC06612C,0.20110377073287963
CC_B25B08AD69F1,0.04350624084472656
CC_B25CA6B6C83E,0.06740146428346634
CC_B25D1CCD9D9D,0.012612180039286613
CC_B26329CCC83F,0.1634408414363861
CC_B264948A989B,0.5245880961418152
CC_B26CE8256566,0.04346005693078041
CC_B26FBDAC124A,0.17421328127384186
CC_B276CC59E39A,0.16731472313404083
CC_B27BE369DD48,0.16248259246349334
CC_B286A2A27850,0.11684375703334808
CC_B288909D0C8D,0.6627434968948365
CC_B28AB79B8333,0.08255169242620468
CC_B291AEFBB699,0.09255382120609283
CC_B2974560531D,0.6085952997207642
CC_B2978E879260,0.7110424399375915
CC_B298A4CEA245,0.1716924339532852
CC_B29B14FD20A9,0.16851548850536346
CC_B29C88148C9F,0.07169762253761292
CC_B29D4492C72C,0.040205559320747854
CC_B29E7F7C704C,0.07900210022926331
CC_B29ED1655F5D,0.45311320424079893
CC_B2A1FB08D989,0.38243226408958436
CC_B2A327070662,0.11086944639682769
CC_B2A5AE1E5C24,0.10294084697961807
CC_B2A6043EFB0E,0.08339235633611679
CC_B2A673C49E2D,0.02471582219004631
CC_B2A96CDC297A,0.27533518671989443
CC_B2AA150D3571,0.08006270676851272
CC_B2AAC508265F,0.0480159617960453
CC_B2AAE6B3A043,0.33516027331352233
CC_B2ABEA5672B9,0.07191639840602874
CC_B2AC8D334893,0.11532766968011857
CC_B2ACF9FB403D,0.14734722971916198
CC_B2B16B4EB475,0.1479198604822159
CC_B2B327BABE86,0.09924401938915253
CC_B2B373215899,0.15216854959726334
CC_B2B867422424,0.03439739719033241
CC_B2B9BCB9EDF8,0.2977763295173645
CC_B2BA3D68C274,0.4191429793834686
CC_B2C07BB323C2,0.05823723003268242
CC_B2C11F1DB393,0.3575935959815979
CC_B2C26E634CFF,0.080960975587368
CC_B2C54E77DC7B,0.09216279685497283
CC_B2C5F6070722,0.3705084264278412
CC_B2CC87FE3962,0.06099787726998329
CC_B2CE7B449F8B,0.3136370837688446
CC_B2D24B7D9B0A,0.24208331108093262
CC_B2D4055CCAD1,0.1049271434545517
CC_B2D665A5637C,0.1742132842540741
CC_B2D77A760F52,0.035812058672308925
CC_B2DB6A065475,0.16299412846565248
CC_B2DD660D8D17,0.03444042950868607
CC_B2DE51477975,0.14327245056629181
CC_B2E0B2398A74,0.5327782988548279
CC_B2E62898B489,0.5324101507663727
CC_B2E817674A56,0.10958621799945831
CC_B2EAFE20698D,0.7339977860450745
CC_B2EC697FFF94,0.04013760983943939
CC_B2F326A553B8,0.09895001798868179
CC_B2F4CF78D460,0.2107649952173233
CC_B2FD8C27B4C1,0.07317497730255126
CC_B2FF738E7422,0.16715508699417114
CC_B300E0C2E135,0.09695836454629898
CC_B301C11A9086,0.1478358432650566
CC_B305CDCEFF13,0.07317823618650436
CC_B30DBF80C654,0.4839805841445923
CC_B30E1EBC8C40,0.10973122864961624
CC_B30E4D88A338,0.47890434265136717
CC_B30FD6A665CA,0.16682111620903015
CC_B30FFFF406E8,0.16299412548542022
CC_B3113A74AD74,0.5183421909809113
CC_B31150DA623F,0.11823135316371917
CC_B311C7D613DB,0.022622248530387877
CC_B3122C4AAD86,0.3820417523384094
CC_B31F1DB88077,0.18044614791870117
CC_B3220C1F7BA2,0.16395237743854524
CC_B323A7D1F561,0.08859462291002274
CC_B3241EB5094A,0.06754798591136932
CC_B324395FA7E7,0.1629941314458847
CC_B3262D249D0B,0.1239463821053505
CC_B32727536EEC,0.2403787314891815
CC_B327B73C8EC6,0.18227882385253907
CC_B329346FF953,0.1476619213819504
CC_B330093492B5,0.532778286933899
CC_B33176E40484,0.0092788465321064
CC_B331D52E0379,0.1889107644557953
CC_B33397E6D0B9,0.04681320227682591
CC_B336E1CFCDE1,0.14055292457342147
CC_B33AF5133447,0.08393603563308716
CC_B33B930000EC,0.17542159259319307
CC_B33C3D985DE8,0.12838379591703414
CC_B33D621E3493,0.5481778919696808
CC_B33E5FF38DEC,0.041046878695487975
CC_B342911CECC2,0.31904796361923216
CC_B345CE1BACDF,0.2200694799423218
CC_B34636560EC7,0.19582066237926482
CC_B346E02B5D3E,0.2062734603881836
CC_B34BF42BF2BA,0.20875870287418366
CC_B34C0C76F071,0.39485777020454405
CC_B34D28827379,0.41904414892196656
CC_B35841EDBE12,0.28538658618927004
CC_B3604A5FBF10,0.17868568301200866
CC_B361EE0374F6,0.1496131271123886
CC_B3640B4C3B61,0.22815451622009278
CC_B36729E4C612,0.05726320520043373
CC_B36A8B93D909,0.0965548425912857
CC_B36D8BD90914,0.12431837171316147
CC_B36FCC81ED42,0.4268916606903076
CC_B3703C353207,0.16666024923324585
CC_B3709A7B2F19,0.07793067544698715
CC_B37117B73FD7,0.23812875151634216
CC_B37447984236,0.16299412846565248
CC_B3760D021B18,0.10241802334785462
CC_B3796E0501B6,0.19945310950279235
CC_B38017E0F3DF,0.7506735801696778
CC_B380E45FBED9,0.12352272123098373
CC_B382A97F0509,0.07136235237121583
CC_B3835842F0A3,0.06703616827726364
CC_B38373E5D247,0.0773636519908905
CC_B3857BCC9D6C,0.324112731218338
CC_B3868FC78377,0.05263662338256836
CC_B3887E8C3407,0.10251508504152299
CC_B38A618FF575,0.11038187891244888
CC_B38B49DCD5AA,0.06693166941404342
CC_B38EA4C4E4FB,0.060137233883142474
CC_B3938E788350,0.7519822716712952
CC_B3971D261D72,0.08744629174470901
CC_B39EC8DC190D,0.15648344159126282
CC_B3A0B835BAAA,0.05335411950945854
CC_B3A280B8E509,0.06405787467956543
CC_B3A4E7BA564A,0.04077660776674748
CC_B3ACC02CE263,0.22043741643428802
CC_B3B05A15B15B,0.08762137740850448
CC_B3B6ADFFC91A,0.4933404266834259
CC_B3B810976F47,0.101551154255867
CC_B3BB0D08BD0C,0.09406943321228027
CC_B3C0C3898AB2,0.13648674488067628
CC_B3C67A81277A,0.10213098376989364
CC_B3CA4D58E10F,0.19905389845371246
CC_B3CDB1BD3C0A,0.3501524567604065
CC_B3CE0367D438,0.1970520704984665
CC_B3CE50B5FE07,0.14378398954868316
CC_B3D24AF817B9,0.051475702226161955
CC_B3D3EED2A6AB,0.16666024923324585
CC_B3D576CB1734,0.08197013363242149
CC_B3D930F7B064,0.08859462291002274
CC_B3DAC91CD9DB,0.5830226182937622
CC_B3DF392D05BC,0.3947936177253723
CC_B3DF7AC36679,0.11381699740886689
CC_B3E275D838B6,0.296938544511795
CC_B3E56BA7AEFC,0.11954211890697479
CC_B3E61637E2B7,0.6896138668060303
CC_B3E99F0A7306,0.07672057747840881
CC_B3E9A9FC7B94,0.8443404316902161
CC_B3EB21E7A274,0.13558875471353532
CC_B3F15271D27F,0.8297246217727661
CC_B3F6AED5A965,0.4789043486118317
CC_B3FC7C4F088C,0.17169244289398194
CC_B3FE28A86508,0.4115952908992767
CC_B3FE97905CB4,0.505509740114212
CC_B40311168936,0.02306939326226711
CC_B403CE4D8B37,0.35332982540130614
CC_B404E192BB32,0.12778143733739852
CC_B40500D104E6,0.09691652655601501
CC_B406DB281F17,0.3948577642440796
CC_B406EAC43E7F,0.1565047174692154
CC_B408D57C7DC9,0.11846306174993515
CC_B40DD01F1AAF,0.1261201858520508
CC_B40E45CC586C,0.06526499912142754
CC_B4113EE08BAA,0.0092788465321064
CC_B4124650B398,0.193172824382782
CC_B41854403F46,0.09196782261133193
CC_B41E89B4329A,0.11239421665668488
CC_B41EEE93358C,0.08950304538011551
CC_B422C275DF41,0.2059144526720047
CC_B427C47E16FC,0.11741086095571518
CC_B42B008047D6,0.7407545566558837
CC_B42C3AEE21C8,0.16798713207244872
CC_B42DB3AF92E0,0.11560751646757125
CC_B4315A9B9ABE,0.16248258650302888
CC_B4335FEBA780,0.1392739161849022
CC_B4367BA90A47,0.2443803757429123
CC_B4383CFEB08C,0.08803211450576783
CC_B43957F9DDA8,0.24817149639129638
CC_B43B698A3C02,0.07549632340669632
CC_B44209581ACD,0.16460684835910797
CC_B4438E98B686,0.46794429421424866
CC_B446666BB10A,0.12521739155054093
CC_B44668E2C2F3,0.16177727282047272
CC_B446E5C3B301,0.7026935458183289
CC_B448F42CF17C,0.17486775517463685
CC_B449922DCDD6,0.6841720819473267
CC_B44B5A5A041A,0.10958621799945831
CC_B44D02138E7A,0.12521810233592987
CC_B44D20E352D1,0.6627435207366943
CC_B44D873F7141,0.49734647274017335
CC_B45139122C75,0.19661177694797516
CC_B455DCD7CFB1,0.05472259595990181
CC_B457BC1EFE98,0.28269081115722655
CC_B45C8D01EAAF,0.15860465466976165
CC_B460AD294E49,0.7290269017219544
CC_B4632E721F89,0.07280967980623246
CC_B46533505217,0.2254726380109787
CC_B46985BF951B,0.586025619506836
CC_B46B714211C8,0.21859737932682038
CC_B475F5CDE3E3,0.13247960507869722
CC_B47BE92D3056,0.09213015735149384
CC_B47CAE1F82E7,0.16306567192077637
CC_B4825FF02DCB,0.15599317848682404
CC_B483FD08B026,0.16299412846565248
CC_B487EF77CB9F,0.05845726877450943
CC_B48BF6232602,0.14734723269939423
CC_B48DB3F334D9,0.06806069910526276
CC_B4904F5B35C3,0.1162450596690178
CC_B4947FAD54A7,0.12598612308502197
CC_B499982B2034,0.01615384705364704
CC_B49C2A33D7CA,0.3873583137989044
CC_B49C7155F07A,0.03554178848862648
CC_B4A1B03F501C,0.10958622097969055
CC_B4A54CED6475,0.0829476222395897
CC_B4A56BE017B4,0.4953322172164917
CC_B4A8F785F529,0.162994122505188
CC_B4B17D508C29,0.07890967726707458
CC_B4B63F000011,0.08803211152553558
CC_B4B7327847BF,0.15599318146705626
CC_B4B93EEAB01B,0.0092788465321064
CC_B4B9A540BE1F,0.1716924399137497
CC_B4BB6938BCE1,0.34078025817871094
CC_B4BBA1437147,0.07618878334760666
CC_B4BF7392343D,0.05029412060976028
CC_B4C21F5A85DF,0.8139187455177307
CC_B4C55B94E9A9,0.39485777020454405
CC_B4C7BDEC7257,0.11665896028280258
CC_B4C7E22E81E3,0.14734722971916198
CC_B4CA54D3CFD5,0.16395238041877747
CC_B4D1829BA2B6,0.046647483855485915
CC_B4D42F0031AA,0.17430796921253205
CC_B4D578E1C386,0.15809401571750642
CC_B4D896E47482,0.17138866782188417
CC_B4D91EB8CC93,0.7502598285675048
CC_B4DB93A7703B,0.1624825894832611
CC_B4DC098F6530,0.11624505519866943
CC_B4DCA5DE0E20,0.13417977839708328
CC_B4DE4BA6CC2A,0.07187965661287307
CC_B4E30D3E9872,0.05050167813897133
CC_B4E78092D84E,0.16344083845615387
CC_B4EAFA14A536,0.3092925131320953
CC_B4EB2EFC791F,0.6688939332962036
CC_B4EDF1F4D225,0.07312352508306504
CC_B4F0E141D297,0.1830935388803482
CC_B4F4ABDF2A3D,0.15421608984470367
CC_B4F50C3BF5F0,0.7042203307151794
CC_B4F63D3155B7,0.09144895076751709
CC_B4F75B2EB49A,0.14928682893514633
CC_B4F9D1799B07,0.06405787616968155
CC_B4F9F103FAED,0.0800629049539566
CC_B4FB7E58FAE5,0.25354463458061216
CC_B4FC52325727,0.5386215388774872
CC_B4FDF8CA84FB,0.5847138047218323
CC_B5009FDE282F,0.14887811243534088
CC_B5010358763B,0.12579380124807357
CC_B501F230801E,0.06129722818732262
CC_B503153916E6,0.39920220971107484
CC_B5061E51789C,0.15650471448898315
CC_B506B7BAB8AA,0.019288913905620576
CC_B5099580A9F0,0.06266454160213471
CC_B50C513DB095,0.05707630813121796
CC_B5109C957767,0.4789043486118317
CC_B512C8363B16,0.15860555469989776
CC_B514EE72A7B4,0.10993375778198242
CC_B51923D0BFAF,0.11080554127693176
CC_B51A668598F2,0.2771352410316467
CC_B520C7B8C864,0.1297592580318451
CC_B521EC1A0303,0.4789043366909027
CC_B523C1402A36,0.5465992271900177
CC_B523CD365299,0.25998406708240507
CC_B5245FFD1EC6,0.7222965240478516
CC_B5247725EFFE,0.19400265514850618
CC_B52B2214457E,0.0514757014811039
CC_B52B39B1DA6A,0.1809207171201706
CC_B53168EBD73A,0.0468550406396389
CC_B5330EFCE16C,0.2757719695568085
CC_B53491202C20,0.17637983858585357
CC_B5371DF409F9,0.11259987950325012
CC_B53BEBA0926B,0.7463577270507813
CC_B53C267FF41F,0.1757271945476532
CC_B53EB7D34A26,0.05472259595990181
CC_B5470B5EB8DB,0.13559854924678802
CC_B54875F8A9AF,0.14927464425563813
CC_B549DADDD983,0.06956708356738091
CC_B559BF8078CB,0.2008605420589447
CC_B55A0C4D1374,0.21563404202461242
CC_B55B1BFE9FB9,0.06879045739769936
CC_B55C30B377C3,0.04801596403121948
CC_B55D68594685,0.12666591107845307
CC_B56A0458A86A,0.19818294644355774
CC_B56C4BFBF981,0.739439046382904
CC_B572AD95F312,0.23609477579593657
CC_B5743EA772EE,0.10293875038623809
CC_B57667053B8A,0.12431837618350983
CC_B5787D27A670,0.08948370516300201
CC_B5815BC5BAC2,0.18500094413757323
CC_B5850A5F09E2,0.03971515819430351
CC_B585414CBF1E,0.16666024625301362
CC_B58B40FA5A3F,0.41784456968307493
CC_B59492B2D6B8,0.04793471619486809
CC_B594FE1C2E6D,0.037635364755988124
CC_B59B5F0DA9D0,0.3238910734653473
CC_B59D562B8F3B,0.4301264226436615
CC_B59DF8C1F1C5,0.058135364949703214
CC_B5A1AB21DE1F,0.05126814693212509
CC_B5A206AEDCD0,0.14327245056629181
CC_B5A3900D5A9C,0.1490856647491455
CC_B5A46454D25A,0.1890338748693466
CC_B5A4B25364DF,0.16666024327278137
CC_B5A510A71B9F,0.16395237743854524
CC_B5A5D46AE97F,0.2753351926803589
CC_B5A82E89C5B5,0.14734722971916198
CC_B5A9055816DE,0.11914828568696975
CC_B5A91B066026,0.1535102590918541
CC_B5AA68E4D058,0.3552085399627686
CC_B5B5B3523912,0.10442323833703995
CC_B5B6A77D9E65,0.7110424160957336
CC_B5B95CFE6AF8,0.11666872352361679
CC_B5B97A1BD47C,0.3948577642440796
CC_B5BB0D7AF9D1,0.1629941314458847
CC_B5BD2C8C30C7,0.24807898700237274
CC_B5BD917E9D06,0.051141904294490816
CC_B5CA1039F9D8,0.07999979183077813
CC_B5CB61907F4C,0.16344084441661835
CC_B5CC6410F5B4,0.06693166643381118
CC_B5CCD4D3F03E,0.23407425880432128
CC_B5D25CA5AC2B,0.035812058672308925
CC_B5D26B7E7411,0.1634408414363861
CC_B5D34C883D04,0.06703616976737976
CC_B5D49389856A,0.06359566599130631
CC_B5D8DC57BF26,0.12352272272109985
CC_B5DB1F7F7C58,0.26788082122802737
CC_B5DF8BBB4C36,0.15599317848682404
CC_B5E29467CAB3,0.7413497924804687
CC_B5EB0D198E0C,0.1343538209795952
CC_B5F0D3681BC3,0.16798712611198424
CC_B5F56271ABA4,0.03047872520983219
CC_B602058D8690,0.11813407391309738
CC_B602332D7DF3,0.08316823244094848
CC_B604C5041BF5,0.15860555768013002
CC_B6056A96D6CA,0.1565047174692154
CC_B606DE5356E0,0.26742764711380007
CC_B60B306F44FF,0.18147011399269103
CC_B60CE2B9AB08,0.41914296746253965
CC_B60D3AB1813E,0.09595704674720765
CC_B60DF22B14FD,0.16150792837142944
CC_B612095DA925,0.1591161996126175
CC_B613F6BE703D,0.6034859538078308
CC_B6181019950C,0.06442317068576812
CC_B61ADC6ED574,0.16395238041877747
CC_B61E61948380,0.06405787393450738
CC_B61E6D2F6509,0.2717028945684433
CC_B61F825D98BC,0.15746296644210817
CC_B6211B9138BA,0.1174108624458313
CC_B623208509F8,0.07317497730255126
CC_B6275B864557,0.2921034932136536
CC_B6284D8E8C01,0.07150887548923493
CC_B62897AB5D51,0.06587106361985207
CC_B62B0A206D47,0.16666025519371033
CC_B62CBBFFF421,0.14864919930696488
CC_B63633183F2B,0.21003209948539733
CC_B636A07DE435,0.05569662302732468
CC_B6383F0AA8A8,0.14999403059482574
CC_B63F326A5E67,0.2254726380109787
CC_B63FB93B6C77,0.16395237743854524
CC_B6479B6526C0,0.18418431282043457
CC_B64B193EADC8,0.17073419392108918
CC_B64D70F612EB,0.23242397606372833
CC_B64E264FCB95,0.3457388043403625
CC_B64E43D34DE0,0.15402179807424546
CC_B652315F1E6A,0.10937958508729935
CC_B6551B91C7FC,0.10161681771278382
CC_B655A073D354,0.12574464231729507
CC_B655FFC61FE8,0.08081798255443573
CC_B6568A10237D,0.1040726751089096
CC_B658FA6AADC5,0.06703616976737976
CC_B65C5A0A850B,0.16395237445831298
CC_B65FD4D75FA8,0.10167442113161088
CC_B65FD8E5CE03,0.311296409368515
CC_B660AE6A8C52,0.055696620047092436
CC_B667E2E6360F,0.10858490318059921
CC_B66BDBC98A28,0.6349493503570557
CC_B66C4F4F589E,0.09351610988378525
CC_B66C645DA996,0.06405787467956543
CC_B66F72D514BA,0.717799186706543
CC_B670ACBEBA9E,0.07648278474807739
CC_B67149DDD112,0.16395238041877747
CC_B6727788A303,0.4428423047065735
CC_B6729502F155,0.07324460297822952
CC_B67510A2914B,0.3211365580558777
CC_B675D7E716AB,0.05610228180885315
CC_B675FC083D14,0.2037273973226547
CC_B676B6612893,0.14604618549346923
CC_B6852E10449C,0.012309149280190468
CC_B68614D33821,0.6812649488449096
CC_B6866B96233E,0.14155901223421097
CC_B68696069CA9,0.6841720700263977
CC_B68AD1786AEE,0.03554178886115551
CC_B68E37EB48A6,0.1624825894832611
CC_B68FBC06D477,0.10351640433073044
CC_B692271B331E,0.061297228932380675
CC_B692FBE376CC,0.6683889150619506
CC_B699EA8B9CBD,0.0514757014811039
CC_B69D607347D7,0.07155110090970992
CC_B6A42687A99F,0.06420439556241035
CC_B6A55DE30C9A,0.12159841656684875
CC_B6A6CC0654C5,0.16585749983787537
CC_B6A827AF5A7A,0.7569902181625366
CC_B6AC429C548A,0.11033423095941544
CC_B6ACDE44E566,0.5678487181663513
CC_B6AFC6B5271A,0.06442317217588425
CC_B6B23E11CA10,0.33516027927398684
CC_B6B643CAF971,0.7569902300834656
CC_B6B8ED17CDEB,0.16395237445831298
CC_B6BB6760B6EC,0.06679596975445748
CC_B6BC805B2F0C,0.033079460822045804
CC_B6BDF671FA69,0.0979237675666809
CC_B6BF9FB8EE35,0.10003967434167862
CC_B6BFC3A9B140,0.07136235386133194
CC_B6C207561A37,0.06442317143082618
CC_B6C263D15E6B,0.04685503840446472
CC_B6C4A2A0752E,0.19096434116363525
CC_B6C6E3E82340,0.3991435170173645
CC_B6C9DD736B18,0.053535324335098264
CC_B6CD9EA2FC76,0.1247420385479927
CC_B6CDEB17F676,0.12624224722385408
CC_B6D43B815E5D,0.112729412317276
CC_B6D932FF112C,0.1178076907992363
CC_B6DC08A19DE0,0.02592282146215439
CC_B6DDCF9A2C6A,0.1292942926287651
CC_B6E2791AB004,0.2850299835205078
CC_B6E298F02D30,0.0480159617960453
CC_B6E30C00FF74,0.16395237743854524
CC_B6E35FAB5C77,0.08439367264509201
CC_B6E36B646521,0.08996034264564515
CC_B6E37855E39C,0.09049421399831772
CC_B6E6383557EA,0.13582536280155183
CC_B6E8B19907E4,0.3991033911705017
CC_B6EB3B8A05C8,0.1682666838169098
CC_B6F930E2B261,0.7786934971809387
CC_B6FBED5F3972,0.47890434265136717
CC_B6FC7FBD9320,0.26895245909690857
CC_B6FEAEC3125B,0.1035164013504982
CC_B70173E27378,0.0640578769147396
CC_B7057CB1217D,0.10858490467071533
CC_B7064073D046,0.1405101642012596
CC_B7081AD5B8C7,0.16395237743854524
CC_B709CA64A212,0.08316822946071625
CC_B70BC6885DF1,0.12537013739347458
CC_B710C799648B,0.032572302222251895
CC_B711D2F3AEE9,0.1470208466053009
CC_B713A5905CC2,0.02097581624984741
CC_B717326EDA68,0.06879045516252517
CC_B71832CD5995,0.15599317848682404
CC_B718A374B57B,0.17234691083431244
CC_B71A810141C8,0.057350778952240944
CC_B723AD831BC3,0.2270143747329712
CC_B72C2A88239E,0.606099534034729
CC_B73083C6BF7E,0.1624825894832611
CC_B734B5FA07FE,0.06013630628585816
CC_B738832D9D51,0.4531131982803345
CC_B73DC1A386E7,0.30422440767288206
CC_B743E78463F4,0.061297228932380675
CC_B74788274022,0.06864500641822815
CC_B748D7F02E7C,0.1660672515630722
CC_B74964307C23,0.4789043486118317
CC_B74B0F8E4356,0.41914296746253965
CC_B74E0D7B09D7,0.16248258650302888
CC_B752E27906BD,0.1636486053466797
CC_B754037D7002,0.12823104560375215
CC_B7561EE51FA8,0.053836607933044435
CC_B7587CAC7661,0.3992022156715393
CC_B75F2D7732FA,0.11958509981632233
CC_B75F537AFAF9,0.16301065385341645
CC_B75F5C4A485B,0.8219156861305237
CC_B7619AB98E6F,0.49107365012168885
CC_B766D76000F3,0.16299412846565248
CC_B76AD67243B5,0.10351640284061432
CC_B76D242706C0,0.22136880755424498
CC_B76D30A6B56F,0.1998655080795288
CC_B76F020F05EB,0.16248259246349334
CC_B7703BDCF533,0.32574758529663084
CC_B7719A26EA3A,0.06456969082355499
CC_B773E534421A,0.03334973156452179
CC_B775CF1A2270,0.1624825894832611
CC_B775F75FD283,0.09006955772638321
CC_B7763C899A66,0.08006270676851272
CC_B77718A7E5FC,0.22658562064170837
CC_B77B3C336E8A,0.14715038239955902
CC_B7810B42A814,0.3276914834976196
CC_B7842D68E697,0.07434064894914627
CC_B784F8862096,0.1565047174692154
CC_B7866F36A78F,0.41784454584121705
CC_B786E49318C9,0.06752445846796036
CC_B78838D23124,0.06013630628585816
CC_B78951F57A26,0.2697796285152435
CC_B78A5B1F4CCF,0.0727582260966301
CC_B78AD445A1D7,0.6642608880996704
CC_B78D7C679AD5,0.13506959825754167
CC_B7902C58BCB1,0.09693294763565063
CC_B79915F71ADC,0.0379056341946125
CC_B79E07AD5E66,0.06129722967743874
CC_B7A827D762D2,0.11217621266841889
CC_B7AF5DC39798,0.11787656247615814
CC_B7B122C7AF37,0.24061611890792847
CC_B7B41EAD7196,0.07428919672966003
CC_B7BA89E342EC,0.22458832561969758
CC_B7BC12E834E3,0.36300897002220156
CC_B7BC4E2AC046,0.11217621564865113
CC_B7CCFA1E299E,0.13654868304729462
CC_B7CED9215B96,0.4116435170173645
CC_B7D500386188,0.07905970513820648
CC_B7D588060F64,0.07761188670992851
CC_B7D9C806EEE4,0.012612179666757584
CC_B7DA364A8132,0.05823723077774048
CC_B7DA5A96CE84,0.09325723946094513
CC_B7DD3A464A79,0.2708995223045349
CC_B7DFA679E14F,0.2771352529525757
CC_B7E39D593099,0.1565047174692154
CC_B7EDA93D46CE,0.14012925773859025
CC_B7F403D41D2B,0.18554465472698212
CC_B7F80959B02A,0.25520762205123904
CC_B7F9776C6174,0.06860859245061875
CC_B7FC762BC544,0.17980860769748688
CC_B7FDCFB51D1A,0.08946336209774017
CC_B8006E6E15E7,0.6472155570983886
CC_B800F41C674B,0.16642677783966064
CC_B804DEE2339C,0.1431429147720337
CC_B805E01064E3,0.1700405329465866
CC_B805F36C5115,0.0410468764603138
CC_B80816096C9A,0.16299412846565248
CC_B80CE7D0C61E,0.6619498610496521
CC_B8117550731E,0.1668211191892624
CC_B8121E98D3C5,0.06879045590758323
CC_B812C301D72A,0.23922813534736634
CC_B8164EBC3987,0.6710610032081604
CC_B8192D415547,0.22226154804229736
CC_B81CFC4D9CD1,0.14526309818029404
CC_B8221B1EF0DA,0.14346930086612703
CC_B82A70DC9890,0.5596786618232727
CC_B82F5E7D752A,0.07739591002464294
CC_B837E84F5AD8,0.04259993806481362
CC_B8395FAB4261,0.10958622097969055
CC_B83991AE2A51,0.236077219247818
CC_B83CD047488B,0.6669158220291138
CC_B83E292DF7F6,0.07098471522331237
CC_B83F268F452C,0.1707341879606247
CC_B840FCB16E15,0.6009379327297211
CC_B8426304AF82,0.3992022156715393
CC_B84600C09775,0.10054538995027543
CC_B8491891689B,0.16893217861652374
CC_B84AAA6EF4BA,0.12330883741378784
CC_B84BA5A74E6C,0.16438149213790892
CC_B84DDEE17643,0.33186073899269103
CC_B851C0534E98,0.15870105028152465
CC_B854138924EC,0.26165837049484253
CC_B854DCF6A5E8,0.058135364949703214
CC_B868875B09EA,0.07169762253761292
CC_B869C201F061,0.06442317143082618
CC_B8709FA7CAD5,0.18341704308986664
CC_B877FCD79BB7,0.06970561146736146
CC_B8795AA5EF32,0.16344083845615387
CC_B87BC7042616,0.009278846159577369
CC_B87C72FCB287,0.6457394480705261
CC_B87CFD9ABDF9,0.10958621948957444
CC_B87E0C9E3F8D,0.13946668654680253
CC_B884E4DAAE19,0.15809401869773865
CC_B888015D8DE6,0.10394313931465149
CC_B889B6C43526,0.1642447829246521
CC_B88A6B9B4323,0.06099787726998329
CC_B89609F37207,0.12407591789960862
CC_B89A624BB504,0.1716924399137497
CC_B89CAF0D24C9,0.6925209760665894
CC_B89F9D1FCB6B,0.15599317848682404
CC_B8A696A134C6,0.18763595521450044
CC_B8AEB0E52959,0.06420439556241035
CC_B8B2743E398A,0.3464406579732895
CC_B8B57F80FF55,0.13291871398687363
CC_B8BA457BAD0B,0.14139084666967391
CC_B8BA64A71E54,0.07648278176784515
CC_B8BC9DF55D4B,0.0859186366200447
CC_B8BE6474CD20,0.10351640284061432
CC_B8C3683584C3,0.08316823095083237
CC_B8C430A0CFFA,0.031166964396834373
CC_B8C55C22A6C6,0.47890435457229613
CC_B8CBF464B07C,0.7790727376937866
CC_B8D0AA0B4A31,0.08501021265983581
CC_B8D0D5753209,0.05107595920562744
CC_B8D5845B383B,0.14404192864894866
CC_B8D7C77343DA,0.16635647416114807
CC_B8DE0EC50C76,0.06129722967743874
CC_B8E67152C72D,0.1102299839258194
CC_B8E76827B1DD,0.3119067847728729
CC_B8EA6790217C,0.09596901834011078
CC_B8EBEF0D7E82,0.16395237743854524
CC_B8EE3B69DD8E,0.07899127900600433
CC_B8F3F1EB407F,0.7026935338973999
CC_B8F43C050B88,0.10155115574598313
CC_B8F484DB38CF,0.11080554127693176
CC_B8FA3C9166D1,0.19989277720451354
CC_B8FE33C7C625,0.19565709829330444
CC_B8FEDD830E05,0.08704887330532074
CC_B913016416C3,0.15599318146705626
CC_B915F5A23DB8,0.7674657821655273
CC_B917C2D3EFD1,0.7110424160957336
CC_B91C3AB72195,0.07312352508306504
CC_B91EDDC5BA16,0.3351602673530579
CC_B920037F52BD,0.07523891776800155
CC_B9246C5F4832,0.1614004045724869
CC_B927501AC1C7,0.09607634842395782
CC_B927E3CB153E,0.05610228329896927
CC_B9316F27A27C,0.12778295278549195
CC_B9348EBC988D,0.08012031018733978
CC_B9391A4EAA9E,0.08697150647640228
CC_B93EE12053D8,0.15211524665355683
CC_B93F69DA04B4,0.1757271945476532
CC_B946AE150AE4,0.14532986879348755
CC_B9480C3F5F36,0.17169244289398194
CC_B94B47C89C8F,0.07792770266532897
CC_B94E04140F39,0.21150005459785462
CC_B951DEA5AABD,0.19960242807865142
CC_B95289A416EA,0.10256659686565399
CC_B956B0DAAAF6,0.1366494342684746
CC_B957E585DE31,0.13519913256168364
CC_B95A6F07AA2F,0.06573783829808236
CC_B95C9AD7657B,0.06442317143082618
CC_B95D0250E9C2,0.11776033043861389
CC_B95DFD21EB1A,0.15599318146705626
CC_B95EC04487F6,0.11587307006120681
CC_B95F5D9D2645,0.08617675751447677
CC_B96386996571,0.16299412548542022
CC_B963EA8A158D,0.28474786281585696
CC_B963F4FC6476,0.1536397933959961
CC_B9661FF17D5D,0.06032320261001587
CC_B967EAF9F8EA,0.03763536401093006
CC_B96A38B30D88,0.00927884578704834
CC_B96C7DEC2278,0.15705605447292328
CC_B96CDC01C1CE,0.10536382198333741
CC_B96EAE8D038E,0.04487471878528595
CC_B96EC215A833,0.7407545328140259
CC_B9747370E53B,0.1463623270392418
CC_B976E7B4B966,0.3933176815509796
CC_B97824DC2647,0.7457625031471252
CC_B98CEA01EDF4,0.16463058292865754
CC_B990FEF1C11B,0.0753339871764183
CC_B991E024270A,0.08644497543573379
CC_B9935426DBAB,0.15599317848682404
CC_B99454E87827,0.17776720523834227
CC_B99925AB9FAF,0.19477666914463043
CC_B9A3009F011F,0.05845726877450943
CC_B9A4CFF23334,0.06740146726369858
CC_B9A550E74780,0.19903914630413055
CC_B9AD6D49AB25,0.08516733646392823
CC_B9B395CEBB12,0.06442317217588425
CC_B9BD2FB32B1C,0.09537799656391144
CC_B9BF24DB150B,0.1720715194940567
CC_B9C149788EDF,0.0514757014811039
CC_B9CB5E0BC11C,0.4421297609806061
CC_B9CE32C830F9,0.17868568301200866
CC_B9D271813C5E,0.590935492515564
CC_B9D903E86F15,0.17572718858718872
CC_B9DB9F818468,0.21344610452651977
CC_B9DCD3BDA6AC,0.0855721190571785
CC_B9DEABE9D691,0.1811474770307541
CC_B9E01D35BC99,0.06249227672815323
CC_B9E3026F7F96,0.061297230422496796
CC_B9E3B506660E,0.2334630787372589
CC_B9E5B1F7BA2E,0.1560819238424301
CC_B9E8760C420F,0.21507929265499115
CC_B9EE0F061F88,0.11017524302005768
CC_B9F2D43BA7B8,0.1716924399137497
CC_B9F7AED6D5E3,0.28724374771118166
CC_B9F8F93B4420,0.4048892378807068
CC_B9FBF34DACD5,0.05366898849606514
CC_B9FDF77FF0C1,0.6812649726867676
CC_B9FE7058DF24,0.2968687891960144
CC_BA01840A6970,0.6994929552078247
CC_BA04EE73CBBC,0.18838123381137847
CC_BA059BC51512,0.1949150264263153
CC_BA0CFB2DA288,0.41914297342300416
CC_BA0D3E008099,0.16460685431957245
CC_BA0FF8A63BED,0.08733815401792526
CC_BA14D27E343F,0.14055292457342147
CC_BA156BCB082F,0.09517807960510254
CC_BA1943703415,0.031256154924631116
CC_BA1A0EAB0D01,0.1865022987127304
CC_BA1D48B0CFDD,0.663467276096344
CC_BA1EE115B539,0.053616567701101306
CC_BA1FBB8518EB,0.12563699930906297
CC_BA1FCE74694E,0.2156340390443802
CC_BA2609410C97,0.17876223623752593
CC_BA26597183DA,0.6671680331230163
CC_BA28E143C1B7,0.04781106188893318
CC_BA300C6CB807,0.18772675096988678
CC_BA35F5F2C61B,0.49107365012168885
CC_BA38D120B15E,0.7758644819259644
CC_BA3D169CC1C8,0.07442097291350365
CC_BA4206733671,0.08448609709739685
CC_BA42FF225B0E,0.08196229338645936
CC_BA46E437D56D,0.19069942235946655
CC_BA4826D93C4A,0.15211524665355683
CC_BA4BBFEA26E7,0.32980321645736693
CC_BA4C0D8FE313,0.5680471181869506
CC_BA4CE33C0783,0.1673147201538086
CC_BA4CF952573C,0.3797679543495178
CC_BA547F9AD130,0.5490364551544189
CC_BA5482ED9516,0.11743569523096084
CC_BA56D8ABD04F,0.10293874889612198
CC_BA5DA1DC356A,0.06013630628585816
CC_BA69E38C148C,0.5319874286651611
CC_BA6E747CDB3E,0.12040597200393677
CC_BA6E78C86CB4,0.11803939789533616
CC_BA6ED3E44C70,0.35667042136192323
CC_BA701A2294DC,0.06405787765979767
CC_BA769FC600FC,0.06129722967743874
CC_BA76AB37FB68,0.16395237743854524
CC_BA775E7EC870,0.21949081420898436
CC_BA77941F1084,0.11544940322637558
CC_BA77B2963E35,0.2326384425163269
CC_BA7B9D318069,0.39920220971107484
CC_BA7EDE8B01A0,0.31981989145278933
CC_BA80E588921F,0.6584635138511657
CC_BA829D7948AB,0.15202580615878106
CC_BA87360E9395,0.06129722818732262
CC_BA90B448D6C1,0.12851333022117614
CC_BA918760D51B,0.16395237743854524
CC_BA9332587B10,0.47890435457229613
CC_BA95CE13735D,0.3991380751132965
CC_BA9784C2D5AA,0.06990996152162551
CC_BA97EE46B901,0.0410468764603138
CC_BA999CC06B83,0.10351640284061432
CC_BA9A620BF0C9,0.06442317068576812
CC_BA9E881F5632,0.17234691381454467
CC_BAA16A817175,0.07885558158159256
CC_BAA5EFD592C2,0.05126814767718315
CC_BAA8F690C404,0.11573523730039596
CC_BAAA4B5D61A3,0.04104687795042992
CC_BAAEA967D2A1,0.5460334420204163
CC_BAAF89F0BF1C,0.2498878836631775
CC_BAB19E991D0D,0.16364859640598298
CC_BAB3838C4055,0.7026935338973999
CC_BAB6AAAF2962,0.5047188758850097
CC_BAB7349A08BE,0.15869252681732177
CC_BAB86C55AAF8,0.06999758407473564
CC_BAB8B771FDB1,0.11624506115913391
CC_BAB97E1BC43D,0.17507271766662597
CC_BABBC8A5E52C,0.3239399969577789
CC_BABE10D7209C,0.7621504664421082
CC_BABF3FF8148A,0.23419596552848815
CC_BAC290251387,0.16460685133934022
CC_BAC63F2EA43B,0.15650471448898315
CC_BAC9965CA60B,0.0887430876493454
CC_BAC9C42A021C,0.10653005838394165
CC_BACAFA756CBB,0.12407591193914413
CC_BACB06EB9144,0.6266004562377929
CC_BACD43C2FB50,0.1757271945476532
CC_BACD604FBC6F,0.723389494419098
CC_BACDDF7ED9DD,0.08006270825862885
CC_BAD31AFE0B2C,0.36944295167922975
CC_BAD478D1EC07,0.16248259246349334
CC_BAD6FCD13878,0.17976011633872985
CC_BAD823FF56A7,0.06032320335507393
CC_BAD8D2A8A2AD,0.18129288256168366
CC_BADF32AAD9D7,0.1370341360569
CC_BAE0AAC1ED85,0.14327245056629181
CC_BAE0DF91F928,0.5680471181869506
CC_BAE2556AF81D,0.3823577642440796
CC_BAE26F326049,0.10596274435520173
CC_BAE2B2F0E986,0.18488957583904267
CC_BAE8176AD2CA,0.15746296644210817
CC_BAEC0C15FA76,0.20225734412670135
CC_BAECAAE428AB,0.19061547219753266
CC_BAEEC3C3362B,0.023740055039525032
CC_BAF02B0A23AB,0.1657020002603531
CC_BAF27FBE9A35,0.14072623550891877
CC_BAF38D727BBC,0.07321138978004456
CC_BAF4C1A5248D,0.04869922436773777
CC_BAF6D5BA3BE2,0.3948577642440796
CC_BAFAB6A8E944,0.7407545447349548
CC_BAFBC5E1F36C,0.20598515570163728
CC_BAFC90070ED8,0.7963335394859314
CC_BAFD69237D68,0.11217621564865113
CC_BAFF69BC2276,0.07151135131716728
CC_BB05DD6F2E15,0.15860555469989776
CC_BB06C9EB753E,0.1475111111998558
CC_BB088789C4F4,0.5738677620887757
CC_BB121B0F6863,0.15599317848682404
CC_BB1426998D24,0.025652551278471946
CC_BB14EEF7F8E5,0.06526500135660171
CC_BB173E05E7F9,0.08093123435974121
CC_BB1B57BA9AF3,0.6246681213378906
CC_BB1DF97D606B,0.14576252102851867
CC_BB1E19369616,0.17234691381454467
CC_BB2196F80A33,0.16666025221347808
CC_BB2274029356,0.1911872148513794
CC_BB2D11B954C7,0.17022264897823333
CC_BB3218FB86FB,0.7729653120040894
CC_BB328F9AEA98,0.18152809739112855
CC_BB35947319B1,0.056143655255436895
CC_BB3E16C94E58,0.46792090535163877
CC_BB405D6243A0,0.0880941778421402
CC_BB423D5B1A1F,0.04371379539370537
CC_BB46DF1C5027,0.4789043486118317
CC_BB4E77C4A7B1,0.08604755401611328
CC_BB524358E889,0.11823135316371917
CC_BB540803373B,0.263342148065567
CC_BB55883EA1B8,0.04371379688382149
CC_BB6026E6B31A,0.24851667881011963
CC_BB619BB4C101,0.1629941314458847
CC_BB63D838A779,0.12633330076932908
CC_BB63ECC25967,0.022622247412800788
CC_BB654874B74B,0.606099534034729
CC_BB6BAC9AFDBB,0.09213015884160995
CC_BB6CEC8E6961,0.11234794855117798
CC_BB756C0FF059,0.3586555778980255
CC_BB774EA3BD34,0.06718268990516663
CC_BB7D8AD23F0E,0.07701009064912796
CC_BB84F27246FD,0.3255352258682251
CC_BB86F6244A6B,0.19567362368106841
CC_BB89D94D2D4C,0.1174108624458313
CC_BB89DBADDCED,0.1346459358930588
CC_BB89F6187715,0.1624825894832611
CC_BB8A887D3CFF,0.016153846681118012
CC_BB8AD20DEA80,0.25673440396785735
CC_BB9377CC58D4,0.5697132587432862
CC_BB96838E21DF,0.05667656734585762
CC_BB997300CE6F,0.05107596144080162
CC_BB9B4EEC426E,0.05823723003268242
CC_BBA195C4363F,0.2435051530599594
CC_BBAB41F5BA98,0.05823723077774048
CC_BBB6893DA25D,0.06099787876009941
CC_BBBAD073990B,0.15487297177314757
CC_BBC15739290F,0.0951163798570633
CC_BBC38F34F2B2,0.29438492059707644
CC_BBC52DC84805,0.08554670214653015
CC_BBC91D376A17,0.176661217212677
CC_BBCC601F11AE,0.11185730248689651
CC_BBCD713600B8,0.2826908051967621
CC_BBCF4F9CB116,0.26788082122802737
CC_BBD2AC0F2384,0.04890430010855198
CC_BBD4E31DD084,0.05610227957367897
CC_BBD966ACFB6B,0.12701172530651092
CC_BBDA153A874C,0.18849087357521058
CC_BBDAB6336602,0.33206267952919005
CC_BBDCACED60F6,0.1559931755065918
CC_BBDE245CAFBE,0.3802063077688217
CC_BBE453F1BDE2,0.15695143342018128
CC_BBE86F5A0873,0.4191429615020752
CC_BBEB1DD2FBAC,0.21601214706897737
CC_BBED3481AFA1,0.2558442413806915
CC_BBEE4BA164A9,0.1574629634618759
CC_BBF14FA3A6A3,0.09402974545955659
CC_BBF1BFF058C8,0.12083854973316192
CC_BBF68B5CA540,0.2564682364463806
CC_BBFAED4A0BDD,0.7110424280166626
CC_BBFB9C397022,0.06880023926496506
CC_BC0101BB6AF7,0.15402179956436157
CC_BC029C551070,0.20013034343719482
CC_BC02A4B1D272,0.061297227442264554
CC_BC05153C1451,0.10919233411550522
CC_BC0974CE7402,0.003125
CC_BC10C7C80E33,0.11938000321388245
CC_BC12ED775140,0.12271446585655213
CC_BC18C7CC5AF2,0.33605929315090177
CC_BC1D490DFEFE,0.10958622097969055
CC_BC1F032A86EA,0.06129722967743874
CC_BC271C7CA402,0.07768521308898926
CC_BC2A50D0C5DE,0.17073419094085693
CC_BC3542A23688,0.7463577270507813
CC_BC39A7179A70,0.11624506115913391
CC_BC3B084D8D8F,0.06849848628044128
CC_BC3B4FA6BF7E,0.17976011633872985
CC_BC3B5942F469,0.27713524699211123
CC_BC3B5C4C51C3,0.11368420571088791
CC_BC3FF59ECE3F,0.6608016490936279
CC_BC40C37997D4,0.07790836095809936
CC_BC41FAE37EC4,0.19618387520313263
CC_BC42F4A393A9,0.041046877205371854
CC_BC43B46543F8,0.7575854659080505
CC_BC4612E12874,0.2160121440887451
CC_BC47DFFAD108,0.05383660495281219
CC_BC4895ECDD00,0.11776033788919449
CC_BC4B02B369A1,0.14734723269939423
CC_BC4B10DE233C,0.1875514030456543
CC_BC4CDEFAA3EB,0.506314343214035
CC_BC4D11D1BE52,0.16299412846565248
CC_BC536ADDA90E,0.08100573122501373
CC_BC542160D742,0.06555227488279343
CC_BC56226B7E21,0.15599317848682404
CC_BC573532483E,0.7790727496147156
CC_BC58D84F8418,0.17097455263137817
CC_BC5ACEC3CD09,0.09412703514099122
CC_BC5CD8A60D94,0.08194220662117005
CC_BC6254FC06E9,0.37416976094245913
CC_BC63C0F50F92,0.16299412846565248
CC_BC681C7FADF8,0.11846306025981904
CC_BC6983FECE98,0.04104687795042992
CC_BC6D44DCD246,0.09503335952758789
CC_BC7503120AB9,0.09352850317955017
CC_BC7674589F7F,0.3704096138477325
CC_BC7A210DD9ED,0.16395237743854524
CC_BC7AF6A51A25,0.24037872850894929
CC_BC7B0096CC3C,0.11824855953454971
CC_BC7E1CD7C93D,0.07955564707517623
CC_BC7F01DBEA08,0.16666024923324585
CC_BC7F0C37C138,0.6072540163993836
CC_BC83D73CBAC5,0.119258713722229
CC_BC84F4CBFC24,0.20648993253707887
CC_BC85BEEBB222,0.18476044833660127
CC_BC8EFDA365EB,0.11745290011167527
CC_BC93F5FAAFAD,0.03790563605725765
CC_BC9642E096CA,0.33818551898002625
CC_BC991CD61986,0.162994122505188
CC_BC99412871D5,0.2310313105583191
CC_BC9A7C6F5FFB,0.5460334420204163
CC_BC9B42FE79E4,0.16733265817165374
CC_BCA26214CE43,0.2082601398229599
CC_BCA2C22EB92F,0.2024657368659973
CC_BCA6768C1099,0.1897653967142105
CC_BCA7555FDE9E,0.09693294614553452
CC_BCA7B9C5EB28,0.17703431844711304
CC_BCB541A92D97,0.06405787393450738
CC_BCB8135350E6,0.12564105540513992
CC_BCBAE2C70CA2,0.48599069118499755
CC_BCBB66E0EE23,0.08290531933307647
CC_BCBC70CA1C91,0.5477878332138062
CC_BCBC7EBFFD44,0.3901064574718475
CC_BCBE754DC19E,0.2883636295795441
CC_BCC1C938EF43,0.7564795970916748
CC_BCC25E9AFF9C,0.17392605543136597
CC_BCC563A80D58,0.7525775194168091
CC_BCC6F98AD070,0.051475700736045835
CC_BCC80B2D187F,0.5477362632751465
CC_BCCDADC0DCF1,0.06032320335507393
CC_BCCDEC061FEB,0.6282791495323181
CC_BCD1B3DDCCD6,0.3948577642440796
CC_BCD27BE3840A,0.17073419094085693
CC_BCD30EA6A423,0.06990996152162551
CC_BCD5B4126A6F,0.009278846159577369
CC_BCDE09655D88,0.16373324096202851
CC_BCE17E948B25,0.5842692971229553
CC_BCE1EE3F3016,0.04566754028201103
CC_BCE59B28A215,0.03519493490457535
CC_BCEF62357A7C,0.14055292457342147
CC_BCEF9F56D64F,0.08400889635086059
CC_BCF1C9D7D998,0.0652649998664856
CC_BCF51CAB66F9,0.19929071962833406
CC_BCF81FD121D5,0.7667378067970276
CC_BCFE52646BB8,0.14123405814170836
CC_BD0336948C24,0.10431205779314041
CC_BD06529D4452,0.09517807960510254
CC_BD086DF47953,0.03581205941736698
CC_BD0A53DEFD1B,0.09274574965238572
CC_BD0BDFA93646,0.16299412548542022
CC_BD0E4D33C986,0.07380606532096863
CC_BD19C31C7EA3,0.7620827794075012
CC_BD19C570D0E0,0.09483818858861923
CC_BD1D9DE55646,0.06437852531671524
CC_BD1F1F1B73B6,0.22926879227161406
CC_BD1F4D35A03C,0.57125483751297
CC_BD23B6A28036,0.6317571401596069
CC_BD266B899631,0.2816132068634033
CC_BD26A3AC455D,0.6869706392288208
CC_BD285D1A096E,0.3648767411708832
CC_BD32447EE033,0.6229518294334412
CC_BD3499A16F7F,0.10937958657741546
CC_BD35DB44FE23,0.5596786797046661
CC_BD38DC2B2FB2,0.43012641072273256
CC_BD3A5C992F43,0.4421297550201416
CC_BD3B6C3727AC,0.32574759125709535
CC_BD3BD90851ED,0.14212148040533065
CC_BD3CC943F41E,0.055642344802618024
CC_BD456E35F1F5,0.047041067481040956
CC_BD48205EFA23,0.20817407071590424
CC_BD4F5F4A7516,0.07169762253761292
CC_BD511740D6A0,0.10107383579015732
CC_BD51176398D5,0.07463729083538055
CC_BD552D0F2556,0.11846306174993515
CC_BD57B75DA3B1,0.08717656582593918
CC_BD58FC27C1B1,0.17900748252868653
CC_BD60E5430C7C,0.17703431844711304
CC_BD6541FF7711,0.18838123083114625
CC_BD6560327E9F,0.5596786856651306
CC_BD66F7C8FF0D,0.20558769404888153
CC_BD69AF022EFB,0.3247174859046936
CC_BD6CDC124ADF,0.15809402167797088
CC_BD7707B55B44,0.08075604364275932
CC_BD78D981EF27,0.6246681094169617
CC_BD7977A098F4,0.06129722818732262
CC_BD7C10CB16D9,0.2405611455440521
CC_BD82447DCDF6,0.11988494545221329
CC_BD8336E5262F,0.07155110239982605
CC_BD8C60F2260E,0.6548378825187683
CC_BD8EB9AE8145,0.5824146032333374
CC_BD8F14B9304D,0.031256153434515
CC_BD8F5E4A3936,0.16344083845615387
CC_BD9019AA6D66,0.12042452096939087
CC_BD90BDD4CDA8,0.1700405240058899
CC_BD93155FD0AF,0.14314291328191758
CC_BD978B05F38C,0.06280361637473106
CC_BD9DCCC7E90F,0.009278846159577369
CC_BD9E05D7E2C0,0.18337308168411254
CC_BDA47566461C,0.08311062753200531
CC_BDA4D66C3321,0.14950434267520904
CC_BDA4E73DE697,0.611034893989563
CC_BDA60D9C7AB9,0.10046378821134568
CC_BDA65F4D4A0B,0.12574812769889832
CC_BDA9BBB64270,0.20558769702911378
CC_BDAF083738AE,0.4664043366909027
CC_BDB09EA23F39,0.7895022749900817
CC_BDB26AAD6F67,0.10937958359718322
CC_BDB2AA5F7669,0.5879579901695251
CC_BDB6C38806A8,0.22352877855300904
CC_BDB9DF454941,0.7614875435829163
CC_BDBCCC7A2575,0.1949051558971405
CC_BDBCE9D23A12,0.28724374175071715
CC_BDBF01AA581F,0.1253701388835907
CC_BDBFDEEB5CCC,0.15211524963378906
CC_BDC182108EC3,0.6091025471687317
CC_BDC20F73FF6F,0.07428919672966003
CC_BDC33CED7478,0.2152510851621628
CC_BDC77A78AD57,0.16344083845615387
CC_BDC80731A977,0.1809207171201706
CC_BDCA046D564D,0.0920250728726387
CC_BDCF26A66033,0.09438762664794922
CC_BDDA289F6D51,0.1247420385479927
CC_BDDAB3006359,0.16685625910758972
CC_BDDABBDD0458,0.06456969156861306
CC_BDDC4AF5CBE5,0.0467940054833889
CC_BDE2870582B5,0.07155110239982605
CC_BDE5FFC71AF3,0.06405787616968155
CC_BDE6CBE5CC1B,0.12187311351299286
CC_BDE8FFF74444,0.05823723152279854
CC_BDF3AA48F1A4,0.15599318146705626
CC_BDF3B3FCC1AF,0.382336950302124
CC_BDF3D01450F8,0.10958621948957444
CC_BDF5EF546766,0.06528419926762581
CC_BDF62D2D03CA,0.0785953477025032
CC_BDF83A622C69,0.19760950207710265
CC_BDF874F4F176,0.15391472727060318
CC_BDFE64EB49C2,0.7026935338973999
CC_BDFF13640FC9,0.08114981204271317
CC_BDFFE229DE81,0.5043288052082062
CC_BDFFF350E6E3,0.09587716460227966
CC_BE01D7D1222D,0.10009956359863281
CC_BE02F2CB8342,0.04077660776674748
CC_BE063036703D,0.15653332471847534
CC_BE070D5F6799,0.09043854549527168
CC_BE07FDF7DED5,0.19775521755218506
CC_BE0806DB1E53,0.5055097460746765
CC_BE0F3FF4A94B,0.06526499912142754
CC_BE0FCC39FB8A,0.06442317068576812
CC_BE123267405C,0.15421608686447144
CC_BE14201AAB14,0.16733265817165374
CC_BE15DA4AC214,0.26144333779811857
CC_BE1821744192,0.6282791376113892
CC_BE18B51CCF6B,0.13506959974765778
CC_BE18EEFA22E4,0.19957701563835145
CC_BE1B75940EE1,0.05029412060976028
CC_BE1CC153300F,0.03230203129351139
CC_BE1DDDCB783F,0.1591161996126175
CC_BE2472C231F4,0.05610228180885315
CC_BE267B658614,0.16248259246349334
CC_BE28AB726036,0.17004052698612213
CC_BE2E20752EB8,0.5752199590206146
CC_BE34D213F4C9,0.4191429853439331
CC_BE37F86511BA,0.31362666487693786
CC_BE3AC19B3C19,0.10724384784698486
CC_BE3F245DD60E,0.24017634689807893
CC_BE4A49DA09F7,0.39485777616500856
CC_BE515ED484D4,0.8438846349716187
CC_BE56BD525A7D,0.7620827794075012
CC_BE5AD2DCBDF7,0.08562972247600556
CC_BE5B863B7BEE,0.01918414980173111
CC_BE6367622401,0.06977426260709763
CC_BE69AD16CAFD,0.14055292308330536
CC_BE6C71D42A80,0.13067782372236253
CC_BE6D78CC10E8,0.08704887479543685
CC_BE6E69AF86BB,0.06099787876009941
CC_BE7459452640,0.0465237345546484
CC_BE75054A1F4D,0.6427732706069946
CC_BE7571C9D31E,0.20072081387043
CC_BE78D27B7405,0.0092788465321064
CC_BE7C85E10F00,0.08661835044622421
CC_BE80B8C8544B,0.11745290160179138
CC_BE81826F7153,0.10049019902944564
CC_BE857C26C26C,0.08948370665311814
CC_BE8719B35404,0.26752015948295593
CC_BE888CB4F712,0.15434818267822265
CC_BE88E11902BF,0.7290269017219544
CC_BE88EC4D4583,0.6168840169906616
CC_BE89244D7EDE,0.667583429813385
CC_BE89AC116D64,0.05166259631514549
CC_BE8A87F531BC,0.11772048771381378
CC_BE8E0820AA97,0.16344083845615387
CC_BE8E56E1D44B,0.28288283944129944
CC_BE9193C4EF59,0.16248258650302888
CC_BE927556F473,0.11828095763921738
CC_BE9D47978E7D,0.1743713825941086
CC_BE9ECB992312,0.21152822077274322
CC_BEA50C5C8FAE,0.2826908051967621
CC_BEAFB1F32298,0.2945993602275848
CC_BEB3B2035C19,0.45311320424079893
CC_BEB7D2B5314A,0.056377213448286057
CC_BEC23A5A5D6C,0.15262678861618043
CC_BEC29EEC29E3,0.04801596030592918
CC_BEC2B39AF467,0.06772881001234055
CC_BEC2D038331F,0.1586046576499939
CC_BECAE8D4A073,0.7457625031471252
CC_BECE8F0F3153,0.15211524665355683
CC_BED258735035,0.21909167170524596
CC_BEDD4D4472AB,0.08501021564006805
CC_BEDDB751ECA1,0.1875774621963501
CC_BEDE17F8166B,0.1182485580444336
CC_BEE7476B376F,0.1395782634615898
CC_BEEBF3428767,0.06970561146736146
CC_BEEC5DCEB3C8,0.6091025352478028
CC_BEED3CC43EC7,0.08090168833732606
CC_BEEEB3246955,0.17169243693351746
CC_BEF0546E7427,0.1333429753780365
CC_BEF1F91F6B08,0.022622247412800788
CC_BEFCF497E5EA,0.17169243693351746
CC_BEFDCF300C0E,0.43156819939613345
CC_BF078391AEC8,0.20310760736465455
CC_BF0A59018A9A,0.10235211998224258
CC_BF0B6A319340,0.19891583323478698
CC_BF0C362C8230,0.03763536550104618
CC_BF0DC817972E,0.25598652958869933
CC_BF1317DFF40E,0.16364860236644746
CC_BF13FDC87E64,0.06886378079652786
CC_BF13FEF49CA8,0.07428919523954391
CC_BF14D2EC5A26,0.0480159617960453
CC_BF16C6EEB269,0.08316823095083237
CC_BF1878BCB1BE,0.08644497096538543
CC_BF18FD9A1D30,0.1569514274597168
CC_BF19B468C9AC,0.1624825954437256
CC_BF1C49153596,0.1855250984430313
CC_BF216FB128FC,0.19971641302108764
CC_BF21F60E5764,0.22769152820110322
CC_BF22F7A39BB9,0.09713937044143676
CC_BF2419727705,0.08196229338645936
CC_BF26A4737694,0.19272708892822266
CC_BF2897943A1A,0.16733265817165374
CC_BF297F0E969A,0.22326907515525818
CC_BF2A00EE19EB,0.17580550909042358
CC_BF2CA4B3E55F,0.09651744812726974
CC_BF2DC32EAA49,0.37050843238830566
CC_BF31729E58B9,0.14772346913814544
CC_BF3254F092B2,0.4234005153179169
CC_BF35C3DB5E0F,0.6642609238624573
CC_BF362E2C0E06,0.722270131111145
CC_BF37EA24C6A2,0.08405062332749366
CC_BF3874673772,0.07367036789655686
CC_BF38E80291C4,0.16728579699993135
CC_BF42925C6EC1,0.07150887623429299
CC_BF46405DFE3B,0.24745644330978395
CC_BF46508E2DF0,0.35765191316604616
CC_BF4886D66D16,0.7620828032493592
CC_BF4A6376FCB0,0.34725494384765626
CC_BF4BB32EC48B,0.1166152074933052
CC_BF50524BE45C,0.07312352508306504
CC_BF53470C2439,0.7457624793052673
CC_BF54DA50185E,0.1569514274597168
CC_BF59186D3740,0.0640578731894493
CC_BF59D5EE8B00,0.1538366436958313
CC_BF5A6326A95C,0.07900210022926331
CC_BF5ACF154E5E,0.04685503765940666
CC_BF5B1AF453DC,0.304763525724411
CC_BF5BFACE436F,0.6479551076889039
CC_BF5CBF9A736B,0.08946336060762405
CC_BF6322308758,0.11624506115913391
CC_BF6D84EC14C1,0.21195733547210693
CC_BF6EC2BA5DE5,0.0940297469496727
CC_BF71051E2E0A,0.46792091727256774
CC_BF74C3ADEDF8,0.1547948896884918
CC_BF7A7C2E7949,0.4910736620426178
CC_BF7AD7D6F781,0.15599317848682404
CC_BF7BE24F53C7,0.1624825894832611
CC_BF7E3F8486F7,0.7911227464675903
CC_BF7EBF484E4F,0.14196347445249557
CC_BF8508009429,0.1668562561273575
CC_BF888EE5A5D8,0.16299412548542022
CC_BF88D1D54B2E,0.09466444253921509
CC_BF89BB9006BE,0.44679961204528806
CC_BF8AC14761A2,0.04077660776674748
CC_BF8E2DA5A620,0.029073386266827584
CC_BF9517042226,0.6024885058403016
CC_BF9B27F9A321,0.15434818267822265
CC_BF9BFA5869AF,0.5517889618873596
CC_BF9F2E285D28,0.17234691381454467
CC_BFA062E7A95F,0.08503443002700806
CC_BFA2AC793C1B,0.1415398120880127
CC_BFA47880C026,0.6105952858924866
CC_BFA53C4E690A,0.7094502806663513
CC_BFAA298650F7,0.06442317068576812
CC_BFAEBE3FB033,0.570851719379425
CC_BFB1441ADB67,0.1652030348777771
CC_BFB15E7032FE,0.5825925529003143
CC_BFB80D110143,0.060136307030916214
CC_BFC0E1EC231E,0.7956834673881531
CC_BFC0E58BAB2B,0.06992078572511673
CC_BFCAA4C0C895,0.1591161906719208
CC_BFCB4CACC449,0.08946336060762405
CC_BFCE1D745828,0.07862016558647156
CC_BFD09FA092F9,0.07554777562618256
CC_BFD126BEE5ED,0.08588124960660934
CC_BFD4BE8C47E0,0.2587095022201538
CC_BFD7D7488B4A,0.7841151714324951
CC_BFD872DB2029,0.6827407479286194
CC_BFDC179D808B,0.06442317068576812
CC_BFDCC2201BF8,0.09412703514099122
CC_BFDD4A99BAB4,0.2351633757352829
CC_BFE1D34E9ED9,0.24800333380699158
CC_BFE2CB34E877,0.1427192509174347
CC_BFE465459AE0,0.07860752195119858
CC_BFEC4078C9D7,0.10980325192213058
CC_BFEC562412EB,0.11745290011167527
CC_BFEE361A4A1F,0.06129722818732262
CC_BFEEA94F99A7,0.045667539536952975
CC_BFF1D0A210C4,0.11185730248689651
CC_BFF4AA466828,0.1721393883228302
CC_BFF4B1384F19,0.1257938027381897
CC_BFF51EB82E74,0.17169243693351746
CC_BFF6219BBCCC,0.056742510944604876
CC_BFFB308386E1,0.32792375087738035
CC_BFFE0F8E78F8,0.2746249705553055
CC_BFFF75E806FA,0.15211524963378906
CC_BFFFDEEE0EE8,0.11173786967992783
CC_C004BE1D3F01,0.07238281518220901
CC_C008A6CA99CD,0.12155111879110336
CC_C0198648BEFC,0.5881210446357727
CC_C01C5A130DA2,0.10828843116760253
CC_C01E23195254,0.16395238041877747
CC_C020FEB74DE1,0.18515200912952423
CC_C0212FDE1137,0.0959690198302269
CC_C0231FA0CE8C,0.08408584147691726
CC_C02529C1018B,0.34746729731559756
CC_C02675DF4BB0,0.13885041922330857
CC_C0294B9897FF,0.18621549904346466
CC_C0332D2FE3B1,0.22136881649494172
CC_C038672A80AA,0.13588070273399352
CC_C03ACE024315,0.10300276577472686
CC_C03EEBFEF249,0.26941896677017213
CC_C03F9AD5B170,0.1214762806892395
CC_C03FA29690E5,0.28836363554000854
CC_C04066006B83,0.7369030117988586
CC_C0438DD54F6F,0.10242721140384674
CC_C0441FC2DB34,0.44212977290153505
CC_C04BB6DADE92,0.12838379591703414
CC_C04F6A96C8D9,0.18134861886501313
CC_C052AE7DE9BE,0.17234691083431244
CC_C054C1659EA4,0.1843464732170105
CC_C055874A7CDF,0.3223037660121918
CC_C05929F7A06F,0.13434247076511383
CC_C05BC266AA29,0.08196229338645936
CC_C05CF991CC27,0.14475723952054978
CC_C05D0A305130,0.34700416922569277
CC_C05FCD8DD031,0.06431631371378899
CC_C05FEF044FA4,0.39349520206451416
CC_C0646007E2A0,0.2424599587917328
CC_C064BF3FD516,0.06898955553770066
CC_C064C2D4CEED,0.2088870882987976
CC_C06971090D66,0.24098990261554717
CC_C0704DCCF0F3,0.06800309494137764
CC_C07439F954C0,0.15434818267822265
CC_C076C4DDDE1F,0.1362354040145874
CC_C076CA7CD883,0.13875027298927306
CC_C07D36F55D5E,0.06703616976737976
CC_C089283CA867,0.1629941314458847
CC_C08B1BF8CF64,0.7131644725799561
CC_C08C72119A40,0.13775489330291749
CC_C08CEAFD726D,0.6858568549156189
CC_C08E46891910,0.1760067492723465
CC_C0905367C5E2,0.11278963387012482
CC_C0931FB5CE85,0.46792090535163877
CC_C096FBD4FB6C,0.15351026207208635
CC_C09730D7B335,0.16395238041877747
CC_C0999B383124,0.0938952922821045
CC_C09D3F8BCAFD,0.2687152802944183
CC_C09DBAF2F8CC,0.055696623772382735
CC_C09E03C9DBE8,0.3121191501617432
CC_C0A3B0E54F93,0.44882004261016845
CC_C0A55B28ACA4,0.16395237743854524
CC_C0A63720F54A,0.36583513021469116
CC_C0A7CD1711B8,0.4178445637226105
CC_C0A81F65A85B,0.08949289321899415
CC_C0ADF02A2A1D,0.13623540252447128
CC_C0B38A9E043D,0.046647483855485915
CC_C0B9547691BE,0.1453298658132553
CC_C0BDFA62867C,0.16299412846565248
CC_C0C1DEBCE3AD,0.39920220375061033
CC_C0C54A5C5A86,0.15977067053318023
CC_C0CF0AA95EE5,0.33033843636512755
CC_C0CF17F2D54E,0.5311456620693207
CC_C0D0258EC2DB,0.3214810252189636
CC_C0DB92F51C7A,0.12561720460653306
CC_C0DD282AF94B,0.16395237743854524
CC_C0DD2D93B42C,0.15711936056613923
CC_C0DE12B95A3B,0.18242206871509553
CC_C0E028C56C7B,0.11925871968269348
CC_C0E07FD24764,0.7407545685768128
CC_C0E29C7BA0F6,0.17586830258369446
CC_C0E45F89A906,0.1298012688755989
CC_C0EBC10D1F03,0.10251508504152299
CC_C0F12A39C0DD,0.16395237743854524
CC_C0F4B8227ADD,0.2902384579181671
CC_C0F68194D0D3,0.040776607021689414
CC_C0FD2051A87F,0.17600674629211427
CC_C0FEA958291F,0.4910736560821533
CC_C0FFAAF4AE31,0.23447528779506682
CC_C1021FB87194,0.1485505923628807
CC_C104C96E4CF4,0.1682666838169098
CC_C108070162D8,0.16299412846565248
CC_C10F484501C8,0.7407545566558837
CC_C10F6D8A0469,0.051075960695743564
CC_C1126D55B19B,0.19329440891742705
CC_C112AFF27CEB,0.21826423108577728
CC_C1201B577662,0.10351640433073044
CC_C1241BB9B49D,0.07350336015224457
CC_C124D4BDB111,0.15436143577098846
CC_C12A8BA82E8B,0.07428919672966003
CC_C12CC7D14C7C,0.1237628772854805
CC_C12D98835DDC,0.2872437357902527
CC_C12F66419183,0.45461915135383607
CC_C13309A99222,0.705437159538269
CC_C13A960A5357,0.7620828032493592
CC_C13CD61A91AC,0.0864703893661499
CC_C143D1739527,0.15211524665355683
CC_C1460658E089,0.02262224815785885
CC_C1473D76A1CE,0.39485777616500856
CC_C1495D5BDF7B,0.1565335288643837
CC_C14B808FC988,0.05569662302732468
CC_C14C97CB8FC1,0.17726088762283326
CC_C14DC0042E56,0.004072092846035958
CC_C1541AAB52E1,0.3332470417022705
CC_C1549208D52D,0.12199199497699738
CC_C155CB8B4101,0.15746296644210817
CC_C156B5E03A3A,0.4918782651424408
CC_C158120B216C,0.32574758529663084
CC_C15C9448BDB1,0.10251508355140686
CC_C1679DF2A290,0.11038187891244888
CC_C167D5A148FF,0.33433753848075864
CC_C169E7D7A891,0.6841720819473267
CC_C16A5D4B2824,0.05361656919121742
CC_C16E44C1F908,0.3223037660121918
CC_C1730340D90C,0.11772048771381378
CC_C1737A35185D,0.3955398976802826
CC_C173966B68B9,0.5183421969413757
CC_C1740E00A5F7,0.1500058263540268
CC_C175A01713EF,0.1574629694223404
CC_C1777DBA4C75,0.08501021414995194
CC_C17803436E08,0.2732761025428772
CC_C178CAD842C4,0.27645508050918577
CC_C17BF59F4778,0.16666024327278137
CC_C17C2CCB0454,0.7480953454971313
CC_C1807880B439,0.06898955628275871
CC_C184CEAFA2D5,0.6394296050071716
CC_C1868E14B50F,0.0904942125082016
CC_C186D9CAD140,0.39485777020454405
CC_C188CD3C5669,0.2549769341945648
CC_C18A3444DBFB,0.4652825117111206
CC_C18A7E54A942,0.15211524665355683
CC_C18EF75663E2,0.1509178638458252
CC_C18F755142FC,0.31981990337371824
CC_C192E5E4DB5D,0.2367251843214035
CC_C197BBECEA91,0.09868579953908921
CC_C1992AF9CF12,0.04104687795042992
CC_C199581E278C,0.04229913502931595
CC_C19DD7FF548B,0.048015961050987245
CC_C19F62DAC79D,0.1933481812477112
CC_C1A086F2F882,0.07412900179624557
CC_C1A58354A9B6,0.11587306559085846
CC_C1A98C3FFAC3,0.3704096019268036
CC_C1AE98B975FC,0.07790835946798325
CC_C1B0FE21ECBE,0.39760937094688414
CC_C1B13A145393,0.4058412194252014
CC_C1B3098220B8,0.08311062902212143
CC_C1B4E929EFFA,0.3128364086151123
CC_C1B544470FB3,0.03735131248831749
CC_C1B5C3C43D01,0.10351640284061432
CC_C1B8419FE45D,0.16395237743854524
CC_C1B87032A460,0.061297228932380675
CC_C1BBCD9BF5F4,0.6091025590896606
CC_C1BCD386113C,0.07549632340669632
CC_C1C0089A2EFF,0.44212974309921266
CC_C1C31B226741,0.7457625031471252
CC_C1C4641735BF,0.11216153651475906
CC_C1C7FBAC2CD2,0.3705084204673767
CC_C1CAB9F47851,0.09302842915058136
CC_C1CB338F6AB1,0.15599317848682404
CC_C1CDD476FC0B,0.06405787467956543
CC_C1D1BB02F5CF,0.8036803841590882
CC_C1D21E136B42,0.6593612670898438
CC_C1D4F690847F,0.05569662302732468
CC_C1D606A22411,0.19329244494438172
CC_C1D886866D92,0.14734723269939423
CC_C1D8BF2F3B31,0.0503620695322752
CC_C1D93F511F94,0.08400889486074448
CC_C1D9CBB212EF,0.07532802224159241
CC_C1D9D7AAB864,0.1266164228320122
CC_C1DB7350EA8F,0.06442317143082618
CC_C1E13C7AE93D,0.39485777020454405
CC_C1E18E258011,0.6804712772369385
CC_C1E2F7C98D72,0.09509096145629883
CC_C1E4991B3658,0.14398084282875062
CC_C1E7D9192C09,0.07662930190563202
CC_C1EB0837B745,0.07102708369493485
CC_C1EB9B34B315,0.18773135244846345
CC_C1EC90090DDF,0.08031074702739716
CC_C1ED01ECE1DA,0.06588436141610146
CC_C1F664015650,0.6487329602241516
CC_C1F6B0605B59,0.4926543742418289
CC_C1F913DB56D9,0.5206323742866517
CC_C1FA1FBC61B1,0.07256947979331016
CC_C1FADBCAFE54,0.16700009405612945
CC_C1FADE86F52D,0.043098616600036624
CC_C1FAE99CD855,0.012612179294228554
CC_C1FCCFE7AD1C,0.08401904851198197
CC_C1FDFD6C9596,0.08096643537282944
CC_C1FED2330E62,0.09406943172216416
CC_C1FFDFFF5182,0.0480159617960453
CC_C20266E2BF0E,0.13163364231586455
CC_C204386B4814,0.48009021282196046
CC_C2051D85669E,0.33550257086753843
CC_C207E71ED2FA,0.16248259246349334
CC_C20A2179D5E4,0.10300276428461075
CC_C20D6D9A2707,0.16299412846565248
CC_C20E61CF3316,0.0794842392206192
CC_C20F4EB39649,0.47890435457229613
CC_C2103EFBE501,0.07662930339574814
CC_C211AB96651F,0.07275353223085404
CC_C213B61F5D51,0.1624825894832611
CC_C2162E213505,0.531597352027893
CC_C2179826C453,0.06442317292094231
CC_C217B0876AA7,0.0514757014811039
CC_C21875E57501,0.06849848628044128
CC_C21BA61F8DD3,0.6449458122253418
CC_C2214AB601DE,0.2505182921886444
CC_C22299B71FD2,0.03735131174325943
CC_C223DA9C2A59,0.7078309416770935
CC_C2253D9547EE,0.09561918377876281
CC_C227990DC950,0.061297228932380675
CC_C228F5C89C3B,0.43743467330932617
CC_C2292B68A289,0.07554777264595032
CC_C229CC5887E0,0.3286697804927826
CC_C22BD0FC303B,0.4933404266834259
CC_C22D0234423F,0.14952525347471238
CC_C22F6E87B804,0.10958621948957444
CC_C233AC3D5134,0.15650472044944763
CC_C233AF75D0E4,0.34938052892684934
CC_C23543C5D782,0.3704096138477325
CC_C238404E6B93,0.24650198221206665
CC_C2392452A704,0.3923739016056061
CC_C23931D2061A,0.07434064894914627
CC_C23C4D705966,0.23609477877616883
CC_C23DF292CF68,0.15911619663238524
CC_C240AC0ACEEA,0.4135899007320404
CC_C246E1A11740,0.3195197880268097
CC_C249EA4E6A79,0.06548264771699905
CC_C24A17B28F90,0.2856945753097534
CC_C24AC48E78BE,0.08148117065429687
CC_C24DA80E9154,0.10017566233873368
CC_C25285DB01B6,0.27533518671989443
CC_C252DBBDBE8B,0.35702574253082275
CC_C253546AA7F6,0.7318332910537719
CC_C256DC954291,0.14055292159318925
CC_C25A6EF86C12,0.06250435337424279
CC_C2601BA482F6,0.1629941314458847
CC_C264ABDB1106,0.009278846159577369
CC_C264ADF571F0,0.7857397675514222
CC_C266F3FBB160,0.14772346913814544
CC_C2670C3EE03D,0.17948789298534393
CC_C268C7A04869,0.15818099081516265
CC_C269B1F7F39D,0.08400889337062836
CC_C26AEBA47884,0.16084324419498444
CC_C26E643932E1,0.030985884740948676
CC_C26E82E8400E,0.08196229487657547
CC_C2700FE9A671,0.6265628695487976
CC_C271675A23A0,0.2420109987258911
CC_C275A21A9556,0.11196957975625992
CC_C275F056E1EA,0.2642591655254364
CC_C2768B1ACB39,0.012309148907661438
CC_C27D58EA0C78,0.02127772606909275
CC_C285B6CA478E,0.16395238041877747
CC_C28BFC7C4CE1,0.06977426409721374
CC_C28C41F3D3C6,0.3704096138477325
CC_C28E4545A115,0.39485777020454405
CC_C28F533E4A75,0.06705318689346314
CC_C28FE49ADC67,0.21152822375297547
CC_C2919FE158EC,0.4026064693927765
CC_C29379F1001A,0.08098031729459762
CC_C2967D11C984,0.4652825057506561
CC_C29854E4C74E,0.3426597356796265
CC_C29D7256DA3F,0.6034859418869019
CC_C29E5A156457,0.05813536420464516
CC_C2A37F68F740,0.10241802036762238
CC_C2A67BC77DAE,0.5958776354789734
CC_C2AA37A61267,0.5315973579883575
CC_C2AAACCFA98C,0.0684984877705574
CC_C2AAC8C34FF8,0.14854609072208405
CC_C2AC53428642,0.13958899676799774
CC_C2ADE24F7F55,0.18772675693035126
CC_C2B1D20DEE27,0.6714131593704223
CC_C2B333603B33,0.43012641072273256
CC_C2B5EAB3A810,0.06442317292094231
CC_C2B7AAC61ED9,0.10653005987405777
CC_C2BCBCF152BC,0.16248258352279663
CC_C2BDCA0DB96E,0.5990812420845032
CC_C2BE2540F5BA,0.19866839349269866
CC_C2BED74EE071,0.06129723116755485
CC_C2C5112A54A7,0.10161681473255157
CC_C2C56EC58170,0.22769152522087097
CC_C2C66FC827D6,0.06572454273700715
CC_C2CA7F1B6520,0.05263662487268448
CC_C2CB6FC07BF0,0.8925547122955322
CC_C2D0045A9AE8,0.3214810252189636
CC_C2D00D6FC9C4,0.046855039149522784
CC_C2D40CC383A5,0.17507272064685822
CC_C2D5F4F69C36,0.3325388073921204
CC_C2D70F2C3C5D,0.11017523854970931
CC_C2D7CDB8CA96,0.6224955677986145
CC_C2DC216D62F1,0.48671550750732423
CC_C2DE2B272B45,0.07123658061027527
CC_C2DE56AF9E95,0.0510759599506855
CC_C2DF40636A4E,0.17169243693351746
CC_C2DF45A5FC6F,0.09128986895084382
CC_C2E005BF1B2D,0.08949289470911026
CC_C2E0406E2EA5,0.16299412846565248
CC_C2E10DF9FA03,0.13417177200317382
CC_C2E2BD5488DC,0.7614875793457031
CC_C2E7CCD4FC4F,0.16344083845615387
CC_C2E7D22DB632,0.11012265086174011
CC_C2ECB3C9C20B,0.10279612839221955
CC_C2F20BCB63B2,0.5614330768585205
CC_C2F2F0A720BF,0.168720018863678
CC_C2F4CBC92E3A,0.7564796090126038
CC_C2F543F57832,0.18190118968486785
CC_C2F7977BCDA1,0.17951028943061828
CC_C2F8362C73BF,0.12394638359546661
CC_C2FB676586B8,0.3705084264278412
CC_C301EE5C6BDA,0.1945699781179428
CC_C30438554735,0.16299412846565248
CC_C3084D3D2BC3,0.6310114383697509
CC_C308A6894D5E,0.051662597060203555
CC_C30BD551317C,0.14598610252141953
CC_C311C0740084,0.6514320969581604
CC_C3134C914336,0.19866839051246643
CC_C31516FFBC7A,0.06442317143082618
CC_C318D9132831,0.5507908463478088
CC_C31A0D5751C5,0.21368825435638428
CC_C31AD3A432DA,0.7339978098869324
CC_C3221218ADE2,0.14323079138994216
CC_C3268C7FF8B7,0.10690205246210098
CC_C327C11E0F9D,0.16460685431957245
CC_C32D5761DFEF,0.21058957874774933
CC_C32D74DA30B3,0.44212976694107053
CC_C332C0B96A08,0.7110424160957336
CC_C33312FED95D,0.05002385042607784
CC_C338EE170069,0.10904082208871842
CC_C33959BEDDC4,0.2125094473361969
CC_C33AB30A5A82,0.07824222445487976
CC_C33F0FE8EEAB,0.24861745536327362
CC_C3405FBBDD72,0.0468550406396389
CC_C342F0C68E55,0.046855039149522784
CC_C34341BE6D4A,0.1865022987127304
CC_C34364658006,0.2706455230712891
CC_C3448A38468D,0.10946839451789855
CC_C347CD1B3E58,0.15860555768013002
CC_C34891ADA29F,0.04104687944054604
CC_C34A4ADFFC50,0.28776501417160033
CC_C34CFE39D0FD,0.634899127483368
CC_C34D826737D9,0.11824855953454971
CC_C3507A30F9DF,0.1624825954437256
CC_C35307C389EC,0.39920220375061033
CC_C354291EB85F,0.5452425897121429
CC_C35990E8C550,0.1586046576499939
CC_C35A6B6F30DA,0.061297228932380675
CC_C35F82199FC0,0.08400889635086059
CC_C366842194BE,0.009278846159577369
CC_C36B688C6642,0.7389459252357483
CC_C36BFF104ABA,0.12967173606157303
CC_C36F82D3624B,0.07768521308898926
CC_C37273BB9F28,0.1221994936466217
CC_C380A3B83A37,0.10800157636404037
CC_C38173C3EAA5,0.11885945498943329
CC_C383F61FAF5D,0.024986092746257783
CC_C385977A1246,0.06405787542462349
CC_C38D557597B7,0.19436734914779663
CC_C38E19651303,0.1538366436958313
CC_C3951F060A1C,0.5216290593147278
CC_C3963F4C01B3,0.10054780095815659
CC_C39649F7241C,0.0677760511636734
CC_C39AA2D757B5,0.11544940322637558
CC_C39AB0943562,0.14734723269939423
CC_C39B9D44BE0B,0.512506639957428
CC_C39BB366DE5F,0.04842895455658436
CC_C39D821A079E,0.10862229466438293
CC_C3A037C9DFE1,0.42994971871376036
CC_C3A723EF6260,0.29177272915840147
CC_C3AA47006594,0.06901030391454696
CC_C3AA6EC260B1,0.16460685431957245
CC_C3ABD9639909,0.01564248315989971
CC_C3AC38852BFD,0.1624825894832611
CC_C3AEABA676B7,0.6452831983566284
CC_C3B4344A9536,0.430126428604126
CC_C3B4B79AA2AD,0.16798713505268098
CC_C3B7684F616F,0.4343839466571808
CC_C3B799E11169,0.26788082122802737
CC_C3B898E0DFA5,0.27645508050918577
CC_C3BF8F8460A1,0.17934016287326812
CC_C3C0B68E7DB9,0.05245564356446266
CC_C3C35C52D4DC,0.15599317848682404
CC_C3C56C598325,0.09503335952758789
CC_C3C6D443ABF1,0.10351640582084656
CC_C3C982A4ED02,0.07644604444503784
CC_C3CB52971C2A,0.2945993602275848
CC_C3CDBCBBE517,0.18560534119606018
CC_C3D27F154B53,0.04323597140610218
CC_C3D416ED819F,0.1152867093682289
CC_C3D5EF89B288,0.11898221373558045
CC_C3D681B2470A,0.15746296644210817
CC_C3D70D6398FE,0.8219156980514526
CC_C3D75C851DE3,0.061297228932380675
CC_C3E44D0BA283,0.12871018052101135
CC_C3E51627777A,0.11217621266841889
CC_C3E534B4DC25,0.10294085144996643
CC_C3E8CF6AB15A,0.26941896677017213
CC_C3EB1C768C86,0.11156317293643951
CC_C3EB30D04567,0.06679596900939941
CC_C3EB3B97C76E,0.7674658060073852
CC_C3ECB6E0D6F1,0.5315973639488221
CC_C3ED86B8B19B,0.12953280061483383
CC_C3F2C8D1D56E,0.09402974396944046
CC_C3F3DF32759B,0.14456038326025009
CC_C3F9685F0454,0.20783450305461884
CC_C3FFA83F9577,0.15047025084495544
CC_C400E31E1439,0.10431206226348877
CC_C4015CBF8705,0.3215318262577057
CC_C402068449EC,0.17073419094085693
CC_C402A2B81862,0.263159716129303
CC_C4033943A69D,0.08181930035352707
CC_C409F618E80B,0.23607722520828248
CC_C40A7F5420DC,0.04077660739421844
CC_C40B54C8C4CD,0.6265628576278687
CC_C40BAB640A14,0.838905644416809
CC_C40CCA012C0F,0.6091025590896606
CC_C40D75F43C08,0.08946336209774017
CC_C4114D10688B,0.09794870167970657
CC_C414009E1F68,0.16299412548542022
CC_C4160C52C568,0.18086376488208772
CC_C418D9972ABA,0.33186074495315554
CC_C41B305D1D2D,0.3119067907333374
CC_C41BA13FF259,0.5956567466259003
CC_C41E32AC7377,0.0844861015677452
CC_C41FD15FB839,0.17868865728378297
CC_C42CAE37600D,0.1565047174692154
CC_C42DD2A73F11,0.4300138592720032
CC_C439EB69966F,0.06002385094761849
CC_C43B6ABBFB80,0.7339977741241455
CC_C43CAB0AFBFC,0.0719678521156311
CC_C43CACB5F53D,0.08554670512676239
CC_C43D68E7ADF7,0.2474564403295517
CC_C43F3168335E,0.05006770044565201
CC_C43F7B2E5F97,0.03230203129351139
CC_C44A0A22299C,0.1411405473947525
CC_C450D879E0DC,0.015642482973635196
CC_C45790F208BC,0.17703430950641633
CC_C459F0A4A10E,0.6265628695487976
CC_C45D975AAD8E,0.1270117238163948
CC_C4611B932530,0.12474204003810882
CC_C462FBF7DE4B,0.09693294614553452
CC_C463FA683C96,0.10858490318059921
CC_C46694D3AF47,0.7946709275245667
CC_C4687D3519EA,0.07919226884841919
CC_C470C4403CE1,0.15599317848682404
CC_C47349B66FAA,0.12191359251737595
CC_C4744495C1CB,0.28955050706863406
CC_C4748D1D81D4,0.06526500061154365
CC_C47BA3B32640,0.1565047174692154
CC_C480A1112A98,0.17637983560562134
CC_C4822D4E2528,0.2671967506408691
CC_C482B814EFAC,0.24798907935619355
CC_C4852FCD9506,0.06241550743579864
CC_C485DC638AA6,0.15956380665302278
CC_C48E6B8D04E9,0.14772346913814544
CC_C49432C09E25,0.19494058489799498
CC_C4979DE268F1,0.046855039149522784
CC_C4988C9445A3,0.6627435207366943
CC_C49B0E97E6F0,0.7620828032493592
CC_C4A1EBEA0909,0.19818294942378997
CC_C4A8519F75EF,0.43012641072273256
CC_C4A9E45AF414,0.5055097281932831
CC_C4ABB0F3777D,0.1624825894832611
CC_C4AC5DEA0AEB,0.7939265370368958
CC_C4AC9BBD4EA0,0.49107365012168885
CC_C4AF741F1870,0.17267543971538543
CC_C4AF7CF08596,0.1089112862944603
CC_C4B3E7E7BA29,0.26941896677017213
CC_C4B8C40F31BD,0.048015961050987245
CC_C4BD24E3A1F5,0.3609969258308411
CC_C4BE5E44C0E0,0.15262678861618043
CC_C4C12AA3576E,0.6414733052253723
CC_C4C1A6682FCA,0.1581809937953949
CC_C4C1DF3B3CD1,0.11463881433010101
CC_C4C28357FABD,0.1793401598930359
CC_C4C366E8FFDC,0.09312490001320839
CC_C4C3A12873CC,0.07570609450340271
CC_C4C614749468,0.7969287872314453
CC_C4C7EA16BD8E,0.23524681329727173
CC_C4DBFC8380AA,0.1247420385479927
CC_C4DC8695BC4C,0.1777516633272171
CC_C4E1C179C440,0.1534031867980957
CC_C4E5B1244620,0.11780768930912018
CC_C4E7DA72B10F,0.4531131863594055
CC_C4E90B071FFF,0.15599318146705626
CC_C4EA8396D399,0.06032320186495781
CC_C4EB768E9414,0.035812058672308925
CC_C4EC6AFED0C9,0.39485777020454405
CC_C4EDD08FC460,0.01564248315989971
CC_C4F122D9EDB9,0.12746156752109528
CC_C4F341D0F330,0.22832468450069426
CC_C4F366AEBFBD,0.07975385040044784
CC_C4F587F146C4,0.018776049464941026
CC_C4F5E0825568,0.1264097884297371
CC_C4FBB4B62AE3,0.1555752843618393
CC_C503EE065AA4,0.30903674066066744
CC_C50476FCB5D4,0.11644578278064728
CC_C5049360AA5F,0.1834198445081711
CC_C50547C69113,0.12046655863523484
CC_C50736CD1BF4,0.1431429147720337
CC_C50B22085CD9,0.0468550406396389
CC_C50B7EB09A79,0.7648769974708557
CC_C50CD2481DF0,0.43447084426879884
CC_C51365518835,0.09487210214138031
CC_C5138F3B1BF5,0.06456969156861306
CC_C5162D8F0188,0.08012031018733978
CC_C51A09F3A7BB,0.2703742980957031
CC_C51DF992E25F,0.030882808193564416
CC_C51F9D4363FC,0.10235239416360856
CC_C5214A55E9EA,0.11898221522569656
CC_C52555FA7DFC,0.03554178886115551
CC_C5294142A329,0.1707875221967697
CC_C529E2E09B89,0.21289135813713073
CC_C52A0643074F,0.22524809837341309
CC_C52A56210C8E,0.08311062902212143
CC_C52DDE444A1B,0.14785877168178557
CC_C52FF99F70A4,0.03307946063578129
CC_C531643BF690,0.038953300938010214
CC_C53E4614EE45,0.059162279963493346
CC_C541EA49CF6E,0.08156613856554032
CC_C543CDDF7996,0.15599317252635955
CC_C54629B9B738,0.07768990844488144
CC_C547E2DF3A75,0.3119067907333374
CC_C548FFEB86FE,0.18873009383678435
CC_C54F5F634D2C,0.6127313613891602
CC_C557DFD05084,0.04685503989458084
CC_C5589C2EE21A,0.03790563605725765
CC_C55AD9BDFE2B,0.13405734449625015
CC_C55C3FD2E35D,0.1440419301390648
CC_C55D61C9CB5E,0.09695836305618286
CC_C55EC408C72D,0.975
CC_C560BAA43A7D,0.2708995223045349
CC_C56284990A7F,0.08413037061691284
CC_C564C660ADAC,0.5338641405105591
CC_C5652B4ACE1E,0.16685625910758972
CC_C56823816C75,0.05432814583182335
CC_C56EE3273715,0.14952525347471238
CC_C570F368FB87,0.02246566005051136
CC_C572CC50C59B,0.7407545328140259
CC_C5771981BED5,0.14055292457342147
CC_C57C1E60C152,0.2983739346265793
CC_C57C614F341A,0.027746128663420678
CC_C57D427C357E,0.6054915189743042
CC_C57FDEF09071,0.06144374832510948
CC_C5841F4BD260,0.12653637826442718
CC_C5873E69BB14,0.5794115900993347
CC_C58B86E735F1,0.061195362359285355
CC_C58F10AEB380,0.09251479059457779
CC_C58F403ED452,0.15211524963378906
CC_C58F57A93446,0.2500703036785126
CC_C58F6EE6DFE2,0.14734723269939423
CC_C5945DED7CD9,0.040776607021689414
CC_C594EC7331C9,0.10351640433073044
CC_C59844D4FAD8,0.17073419094085693
CC_C59CA9AC02EE,0.07555392384529114
CC_C5A0FEA46686,0.382001256942749
CC_C5AA3F2EAEE2,0.015642482601106168
CC_C5ABD4234E85,0.11796491965651512
CC_C5AC918711F2,0.09081443846225738
CC_C5B3E4C1006C,0.11410834938287735
CC_C5B679E1F641,0.05166259780526161
CC_C5BCCE759CF4,0.7570748329162598
CC_C5BF1C772E29,0.18337309062480928
CC_C5BF9A0578AF,0.13291871696710586
CC_C5C965CE9E54,0.49107365012168885
CC_C5CCD4113C3D,0.11745290160179138
CC_C5CD2608F7E6,0.1504063218832016
CC_C5CD5449840E,0.06405787616968155
CC_C5D3EAC0086E,0.6627435207366943
CC_C5D54ED9C674,0.7457624912261963
CC_C5D5C9DC1C77,0.38200125098228455
CC_C5D7B8952007,0.0680030919611454
CC_C5E2D180F088,0.060524719581007955
CC_C5E4EC302570,0.061297228932380675
CC_C5E56D70C42C,0.12653637528419495
CC_C5E628EBB180,0.10167441815137863
CC_C5E811243A31,0.25625306367874146
CC_C5E85A8290A6,0.31190677881240847
CC_C5F2A6EA8EC1,0.05245564579963684
CC_C5F2BC1E1F7D,0.11928311735391617
CC_C5F41B252D83,0.31267871856689455
CC_C5FB9FD3F080,0.774064815044403
CC_C5FE2B7CF553,0.26895245909690857
CC_C600B83C2EFE,0.3369005352258682
CC_C601F8E608F3,0.00927884578704834
CC_C6046FA11864,0.21011268794536592
CC_C605E8F1D55F,0.16395238041877747
CC_C61090B8A8C8,0.14055292308330536
CC_C615F1801A89,0.28922225832939147
CC_C617AF7F0CA8,0.06250435262918472
CC_C61B46EDB41D,0.10161681622266769
CC_C61BDAAA22A7,0.08754013404250145
CC_C61E9EDB1149,0.09695836305618286
CC_C620E0613CC6,0.3748528599739075
CC_C622B2DEBC17,0.09596901834011078
CC_C627876BF828,0.41904416084289553
CC_C629D87BEF48,0.0625043548643589
CC_C62BEEAD8BBB,0.1634408414363861
CC_C62C40278298,0.11811859458684922
CC_C630F95E2816,0.3934952080249786
CC_C634676CBF2B,0.6280389666557312
CC_C63953F107E7,0.20046390295028688
CC_C63A1284BC6A,0.05610228329896927
CC_C63D604C0D48,0.1431429147720337
CC_C6419BDDAC88,0.1951128214597702
CC_C642A8B1EF93,0.14520773589611052
CC_C64301D8110D,0.08560430854558945
CC_C6434BFDE1C9,0.09431234002113342
CC_C647F30A407D,0.12004461586475372
CC_C6497DD63416,0.14361826628446578
CC_C64DCE4BF5B6,0.10880350023508072
CC_C64F61764781,0.1757271945476532
CC_C6501429EDF1,0.20948098599910736
CC_C65123C8F105,0.15211524665355683
CC_C654C8437E33,0.16299412548542022
CC_C654D57E1AA3,0.04104687795042992
CC_C66418BB529D,0.19236752092838288
CC_C66AFB5A9E0F,0.16299412846565248
CC_C66C57777B6D,0.16299412846565248
CC_C66DA3F9E518,0.26196460127830506
CC_C66F2E0C7C03,0.06405787542462349
CC_C67A2DFA8BF5,0.6091025590896606
CC_C67A33AAAC77,0.07701009064912796
CC_C67F2EEA0CAC,0.37825711369514464
CC_C682F56096AA,0.159563809633255
CC_C687B1B2F95B,0.08644497096538543
CC_C688600E5A17,0.21335413455963134
CC_C689925BDF72,0.14068245589733125
CC_C68C040436E8,0.14051016122102739
CC_C68EDDC5A8DA,0.15211524963378906
CC_C69430FF62C4,0.1565047174692154
CC_C6960A8BADD4,0.02795558124780655
CC_C697D7EA3C7E,0.07191639840602874
CC_C69DED224BFC,0.12825580984354018
CC_C6A31D431B1C,0.13041431009769439
CC_C6A8412D798B,0.025652551278471946
CC_C6A93258D8F2,0.12394638359546661
CC_C6ABA4F2B131,0.17073419094085693
CC_C6AC9DED0A27,0.20339975655078887
CC_C6ACED8E22AA,0.16395237445831298
CC_C6B128EA964C,0.1221092849969864
CC_C6B64CDCC451,0.1657020002603531
CC_C6B9A8F1589D,0.030985884368419647
CC_C6BAF2108342,0.15340318232774736
CC_C6BC154576D0,0.07317497730255126
CC_C6BC25D84653,0.06990996152162551
CC_C6BD2F6DFFB0,0.6627434849739074
CC_C6C10AF6A8DD,0.14734723269939423
CC_C6C1FF2B5956,0.2826908051967621
CC_C6C25F3CAF45,0.04104687944054604
CC_C6C3AE29EC99,0.09861316904425621
CC_C6C45EE07AD8,0.09464051201939583
CC_C6C849075081,0.6743902802467346
CC_C6D01DCCCF3B,0.3747540652751923
CC_C6D3A5398C6C,0.14734723269939423
CC_C6D3DBF84988,0.15211524665355683
CC_C6D6D72D5E98,0.16395237743854524
CC_C6DEF9616C2B,0.06199708580970764
CC_C6E2A9B0D4B4,0.12212653309106827
CC_C6E30229A446,0.9549999952316284
CC_C6E5E3AEDF3A,0.7345930457115173
CC_C6F137F97E08,0.04371379688382149
CC_C6F5C27D3D9E,0.11787964105606079
CC_C6F8B50119CD,0.19607107937335969
CC_C6F94C3CAAF1,0.051662597060203555
CC_C6F9F75ABA90,0.5374049723148346
CC_C7010319A561,0.22584669589996337
CC_C701CE3B1CCF,0.06588436067104339
CC_C706C553C25F,0.2697796285152435
CC_C709B3EAAE3D,0.06214057430624962
CC_C70F8F00183D,0.5012522995471954
CC_C7152397ADC0,0.17169244289398194
CC_C716CDC40B74,0.07443571388721466
CC_C719A6E021B3,0.1068634495139122
CC_C71C0D4F723F,0.12653637528419495
CC_C72314E8BE9D,0.7508550882339478
CC_C724ABCC806D,0.06703616976737976
CC_C7251F485884,0.1586046576499939
CC_C7275AD42EF6,0.17647792100906373
CC_C727EE3E1913,0.0965640276670456
CC_C72A44041A8E,0.6974417686462402
CC_C72A9C2CD4DC,0.844340443611145
CC_C72C268C5103,0.03868303149938583
CC_C72D8904E9AC,0.1815182387828827
CC_C7300A89C53E,0.702693521976471
CC_C7325E35F855,0.7675044775009155
CC_C733C198445E,0.05376308932900429
CC_C7394AE78284,0.7087830185890198
CC_C73E4CDC73FD,0.08196678012609482
CC_C741BC2B01BE,0.10294084697961807
CC_C744083ED319,0.2007894366979599
CC_C7456BA8BAB1,0.2094795286655426
CC_C749032FFAA7,0.5047188818454742
CC_C749B8F86021,0.07618878185749053
CC_C74A09A07E71,0.10155115574598313
CC_C74CF8A6DC47,0.14925122261047363
CC_C74F689DFD0C,0.1716924399137497
CC_C751B163B237,0.05126814693212509
CC_C7555E318BB2,0.054535699635744096
CC_C7555E508C77,0.11156317442655564
CC_C759455A9611,0.15262678265571594
CC_C75B219E83A8,0.3680245578289032
CC_C75BD778864C,0.1169392630457878
CC_C75DC0654E6F,0.1204682782292366
CC_C75F2B4F053E,0.1590522676706314
CC_C76475151991,0.6841720819473267
CC_C765BD377D92,0.5577981173992157
CC_C76C059CD366,0.29459935426712036
CC_C76DE2C6F3CB,0.1269559696316719
CC_C76F55318A93,0.06129722967743874
CC_C773CFB676C4,0.020198386535048483
CC_C775F911CA46,0.31267871856689455
CC_C7760466BA78,0.061297228932380675
CC_C77994DE6A2B,0.15675018578767777
CC_C77C0A12F6C8,0.239091095328331
CC_C77D303071C5,0.09617771804332734
CC_C780963C6C6E,0.09695702642202378
CC_C78232D19D1D,0.10046378374099732
CC_C78283BCC788,0.08527884483337403
CC_C7853345C480,0.4374338150024414
CC_C785F6CD4201,0.09306545630097389
CC_C787B2209854,0.1275487571954727
CC_C787CDB0E116,0.13212085366249085
CC_C787F96951BE,0.41914296746253965
CC_C7928E931BD5,0.18988257944583892
CC_C79442EA56A9,0.01564248315989971
CC_C7964F88356D,0.10431205928325653
CC_C79A2904A2E3,0.14346930384635925
CC_C7A1A40AFAA2,0.13287595361471177
CC_C7A2010B5835,0.02262224778532982
CC_C7A2D400E8FD,0.0640578731894493
CC_C7A55149832F,0.04917457066476345
CC_C7A5CA0EB3A0,0.7730544805526733
CC_C7A6481EEE0B,0.09507299214601517
CC_C7A6C2C80066,0.0480159617960453
CC_C7A86DDF4B3B,0.6925209760665894
CC_C7AC72ECAD3C,0.05823723077774048
CC_C7AEBCD68F81,0.15402180403470994
CC_C7AFE39D299D,0.1392739161849022
CC_C7B1B22E24F4,0.10980632454156876
CC_C7B7909B209E,0.1405529260635376
CC_C7B8A8D76CDC,0.14129527360200883
CC_C7BA86FDCE4F,0.13894753456115722
CC_C7C201574121,0.16299412846565248
CC_C7C43201AC36,0.14862017035484315
CC_C7C7552715B1,0.6710923910140991
CC_C7CA41306CC2,0.1911896973848343
CC_C7CAEFAB24E6,0.05556644201278686
CC_C7CBD5C23E71,0.3748528599739075
CC_C7CDF47AA4F4,0.044693513214588164
CC_C7D091C512E9,0.05361656844615936
CC_C7D0CFACBEC4,0.6131886839866638
CC_C7D4054B186C,0.10167441964149475
CC_C7D813C5A6AE,0.14045564383268355
CC_C7D841CD3A92,0.2188120424747467
CC_C7DCC4194BBF,0.12082134634256363
CC_C7E3237B0721,0.07533398568630219
CC_C7E365D021C2,0.12851333022117614
CC_C7E637928783,0.1119695782661438
CC_C7F44BDE483D,0.03554178848862648
CC_C7F52F9865B0,0.10634558051824569
CC_C7F5474B713D,0.06129722818732262
CC_C7F6567AD1D7,0.6301692366600037
CC_C7FC57C695AB,0.15434818267822265
CC_C7FEAAF6617D,0.07554777562618256
CC_C805F792A877,0.5860256314277649
CC_C809EFCF1026,0.399138069152832
CC_C80ADBD24835,0.1423701137304306
CC_C81454E55BCE,0.19306862950325013
CC_C816BE3170B8,0.09302842766046523
CC_C8171A854C54,0.22043741643428802
CC_C8182F4F9B34,0.08006270676851272
CC_C81D56509657,0.15003679543733597
CC_C82296987913,0.15905226469039918
CC_C8247B6191A9,0.13448310792446136
CC_C8288B08BACE,0.5596786677837372
CC_C82F457BC010,0.11038187742233277
CC_C837D03193A9,0.15436143279075623
CC_C838B1A59AE8,0.12394638508558273
CC_C83998B840BF,0.37920275926589964
CC_C83E92A89B11,0.16733265817165374
CC_C83FCA32361B,0.2905855357646942
CC_C83FCB35347F,0.18134862184524536
CC_C8405E4534FF,0.1569514274597168
CC_C84442515604,0.14064079970121385
CC_C8468266C953,0.10942352861166
CC_C84D36A131AE,0.09067700207233428
CC_C8524F52CE16,0.7784775257110595
CC_C857D3C45610,0.6449458122253418
CC_C8601D1DF95A,0.17666122019290925
CC_C8605CE54AB8,0.17703431248664855
CC_C860E1599172,0.10351639986038208
CC_C862DE4318EB,0.1600829303264618
CC_C8641A6F05A4,0.09402974545955659
CC_C86831D62785,0.12407592087984085
CC_C868C3BCC388,0.12920641750097275
CC_C869947883BD,0.7256489038467407
CC_C86B9055B9FD,0.11898221671581269
CC_C86D53909F65,0.07213484942913055
CC_C871AD7AEA70,0.8023504734039306
CC_C87372B6C468,0.21021241843700408
CC_C8739A70C7FD,0.08255168944597244
CC_C8744EDBC78D,0.2360947847366333
CC_C874C1FAB2AE,0.03334973081946373
CC_C87551989839,0.18373250365257263
CC_C88124CFDC8B,0.13350844383239746
CC_C881BB1A2085,0.07312352359294891
CC_C882FE58543F,0.16299412846565248
CC_C8852211226A,0.06420439705252648
CC_C88565327E11,0.49334043860435484
CC_C88632F5C47C,0.10251508504152299
CC_C887AE4CCEEA,0.07428919672966003
CC_C888B74F972B,0.554131281375885
CC_C88BA0073839,0.1460461884737015
CC_C88D40CD9FD0,0.044693514704704285
CC_C88EA6752AF8,0.7564796090126038
CC_C8903A9F6CEE,0.006336979474872351
CC_C89097BA8BBE,0.09691497534513474
CC_C890E63AAB39,0.06405787467956543
CC_C891ECC0BDCA,0.03892886899411678
CC_C895203364CB,0.6416721701622009
CC_C89687934609,0.17507272064685822
CC_C896A13C497D,0.28836363554000854
CC_C897ADAE2036,0.10351640284061432
CC_C8981624D0E2,0.13404737114906312
CC_C89A4232FC73,0.08857069164514542
CC_C89C07EF8EB5,0.09599443525075912
CC_C8A5057564D0,0.288363641500473
CC_C8A69E04E2F5,0.176661217212677
CC_C8A7D0F28325,0.41904236674308776
CC_C8AA9ECFD9D2,0.04685503840446472
CC_C8B23B5E0745,0.08554670363664627
CC_C8B268B998AC,0.22470192313194276
CC_C8B942D630FC,0.08954936414957046
CC_C8BD6E8C33D4,0.19919021427631378
CC_C8BD9944198A,0.06740146428346634
CC_C8BE20EE38D7,0.16395237743854524
CC_C8BF9AFC1E87,0.16395238041877747
CC_C8C1E54B9F56,0.08756611347198487
CC_C8C4B6786C77,0.07739590853452682
CC_C8C6D6E9BB7A,0.7256859421730042
CC_C8C8A04213BB,0.16663132309913636
CC_C8CA842C53A2,0.07280968278646469
CC_C8CAA487E819,0.14314291775226592
CC_C8D16FED8C27,0.11544940173625946
CC_C8D5CBAC5E4C,0.06884935647249221
CC_C8D65E0DA703,0.1337143748998642
CC_C8D7145DFDBE,0.07639459073543549
CC_C8D742AE2450,0.4177804172039032
CC_C8D9EE3F7FC1,0.07900210171937942
CC_C8DB8903B4BC,0.3190479576587677
CC_C8DC7A496C50,0.5490364611148835
CC_C8DF621E331E,0.12431837320327759
CC_C8E31E94AC2C,0.26941896677017213
CC_C8E8ED6CE4F2,0.09402974396944046
CC_C8E9B8021F37,0.16504887789487838
CC_C8F5EABEE44D,0.014705756679177284
CC_C900D141C57C,0.31005599796772004
CC_C9033236B7EE,0.7347385048866272
CC_C9043EDBB231,0.12874950766563414
CC_C904D6B5A2FD,0.6601936101913453
CC_C905A7D2E6E9,0.25435425341129303
CC_C905CE1FE90F,0.1571591913700104
CC_C907BD8161CD,0.7110424399375915
CC_C909FC8E1615,0.24190088510513305
CC_C90F7E693B71,0.15557528883218766
CC_C91063EF7DDE,0.7026935338973999
CC_C912D1E79920,0.6472155690193176
CC_C9137B67FC52,0.5098273813724518
CC_C915FD1F0791,0.20110377073287963
CC_C91702789CFC,0.06129722818732262
CC_C919F88B180C,0.4135898947715759
CC_C91B74E08BEB,0.10531383603811265
CC_C91D155EFF8C,0.4178445518016815
CC_C91D7ECE34DE,0.15262678563594817
CC_C91F86D3342B,0.11914828419685364
CC_C91FE7F1F0D8,0.20460429787635803
CC_C9208453E0E8,0.19668159484863282
CC_C9255ABCA9E8,0.4206489145755768
CC_C9280BD3BA8E,0.11803939938545227
CC_C92BEBE82383,0.5879580020904541
CC_C92FC80DD829,0.12690837383270265
CC_C9317B42E4DC,0.20558769404888153
CC_C935356EA1EE,0.09553421288728714
CC_C936F20E596F,0.7026935338973999
CC_C937BCC44936,0.13448310494422913
CC_C9380948938E,0.3529681980609894
CC_C9400CD86083,0.1069524958729744
CC_C941B4DEA9E6,0.06703616827726364
CC_C9430858F2F5,0.33516027331352233
CC_C943B5BC0F93,0.4800242781639099
CC_C944FEF95DFC,0.30903192758560183
CC_C94A8CF51750,0.11587307006120681
CC_C957BF0B65F8,0.16248258650302888
CC_C95CAE4068CD,0.1425181359052658
CC_C9641ECB87B0,0.1624825954437256
CC_C964EBFFCA07,0.17840613722801207
CC_C966DB0BF2AA,0.41914297342300416
CC_C9691234DEF4,0.15492081195116042
CC_C9697ACB78E8,0.09707766622304917
CC_C96BB22A1D4F,0.15599317848682404
CC_C96FF1B424D1,0.0718796581029892
CC_C972B23A9DD0,0.3200793504714966
CC_C974F0915755,0.1629941314458847
CC_C9762F4C6B4F,0.1850009471178055
CC_C977D8962020,0.17655932009220124
CC_C978C2A053AC,0.11302231401205062
CC_C979272BF197,0.1629941314458847
CC_C97F42624CE2,0.10453378409147263
CC_C9804F57EDA2,0.14734723567962646
CC_C9831B920EC7,0.17234691679477693
CC_C9834872142A,0.7654608249664306
CC_C984AF5DDE80,0.21600465178489686
CC_C98506A9AF43,0.03971515819430351
CC_C98999925DFB,0.21832748651504516
CC_C98C806E777B,0.0892380490899086
CC_C98FE19D228A,0.15758979618549346
CC_C99544E0B5B1,0.44363569617271426
CC_C99D968EDD1E,0.03554178886115551
CC_C99F50AA946D,0.1461427703499794
CC_C9A8C178EF0A,0.1565047174692154
CC_C9A9F2CEA77C,0.07778415381908417
CC_C9AAAC5E2DEC,0.7575854420661926
CC_C9ADE21A9CF4,0.14517969787120819
CC_C9B08DC7459A,0.7155397772789002
CC_C9B5CBA1D0C1,0.2590535134077072
CC_C9BAB81E5207,0.10824516713619232
CC_C9BE6C6A14D9,0.11544940322637558
CC_C9C062746AB0,0.7110424041748047
CC_C9C27FE45DEA,0.10351640284061432
CC_C9C6BE196913,0.11806694269180298
CC_C9C7EF23E6E0,0.12521810233592987
CC_C9C995E5CEB8,0.1559931755065918
CC_C9CDED3B72F4,0.4652825117111206
CC_C9D04AA29954,0.8674460649490356
CC_C9D0D02806DF,0.012612180039286613
CC_C9D36546BF2E,0.12933595180511476
CC_C9D5952DB717,0.07648278325796128
CC_C9DD473789EF,0.32574758529663084
CC_C9DDBAE7F34D,0.13938664197921752
CC_C9DFB99BCFE8,0.21883033514022826
CC_C9E16AF708A3,0.16887731850147247
CC_C9E33613FDB0,0.24240694046020508
CC_C9EB398A0504,0.16248258650302888
CC_C9EBCA9088ED,0.14398083686828614
CC_C9EC2E9153F8,0.21644125878810883
CC_C9F0CB8623AD,0.17776720821857453
CC_C9F5E09FDEFD,0.08006270676851272
CC_C9F9351F65B1,0.11728462874889374
CC_C9FBC87F4A94,0.06667690426111221
CC_C9FBCF584FC6,0.1480563089251518
CC_C9FFEC2A78BC,0.19734466075897217
CC_CA03722716FC,0.06999288499355316
CC_CA06C2235B8A,0.1553346574306488
CC_CA0D4E74B044,0.07761188596487045
CC_CA13E2862A33,0.1761486917734146
CC_CA150634B585,0.050067702680826186
CC_CA15FA4FAE7F,0.1884642392396927
CC_CA177B1FEC56,0.05442324504256248
CC_CA17BFB4092A,0.06893697604537011
CC_CA1BA399C918,0.08644497245550156
CC_CA21C0F30251,0.15809401869773865
CC_CA262DDC214D,0.10409066081047058
CC_CA2744AF5050,0.08858543336391449
CC_CA2786DB1355,0.6642609357833862
CC_CA2BD0C96FD2,0.15010767430067062
CC_CA33D05CC9BB,0.04775351285934448
CC_CA3711A95CBC,0.18591465651988984
CC_CA4352E71F6B,0.15415133237838746
CC_CA44BEC1548F,0.10255247205495835
CC_CA465282A76F,0.05245564579963684
CC_CA4817D9D817,0.6599014401435852
CC_CA4989F1924C,0.120310477912426
CC_CA4E509D03CC,0.14188539534807204
CC_CA5A9CD9D974,0.9264285683631897
CC_CA5CBBF27FC6,0.691456651687622
CC_CA5DC7719F54,0.110381880402565
CC_CA5E3DD0CB89,0.10938055962324142
CC_CA5E88569CC1,0.1675107330083847
CC_CA5EB27B6FEA,0.21468487083911897
CC_CA61F2DC606F,0.09693294614553452
CC_CA626DE5A5DE,0.13041430562734604
CC_CA6529E97C3F,0.3214810252189636
CC_CA6641DF0FD5,0.15809401869773865
CC_CA67290CCF8A,0.06144374832510948
CC_CA6A08FF575D,0.08006270974874496
CC_CA6DFE466B37,0.11624505817890167
CC_CA73F18EF78E,0.15262678563594817
CC_CA7900F4EDA4,0.575670474767685
CC_CA7B9F724A04,0.12216194272041321
CC_CA7E66FDFFDA,0.6841720819473267
CC_CA8688470E4E,0.10980632305145263
CC_CA86A9301946,0.18968834578990937
CC_CA887F83B4A7,0.1757271945476532
CC_CA8C71AE1DDA,0.2847478806972504
CC_CA8E86D716A7,0.10937958806753159
CC_CA92579D282F,0.05263662561774254
CC_CA97FA9E55BB,0.27925952672958376
CC_CA98ECED6A94,0.080960975587368
CC_CA9AE8F42550,0.14342187345027924
CC_CAA098E267EE,0.29177272915840147
CC_CAA16A8CCD7E,0.12733203172683716
CC_CAA64FCF32B2,0.33936020731925964
CC_CAA7DCA33D3D,0.15211524665355683
CC_CAAD0BEDF103,0.03307946063578129
CC_CAAF8987DDE0,0.2599098116159439
CC_CAB1A5D2F8B7,0.05047532469034195
CC_CAB366670069,0.5644388854503631
CC_CAB4E8D6144A,0.5776704967021942
CC_CAB7A5C4F512,0.3171347379684448
CC_CAB80AED6419,0.08859462440013885
CC_CAB8A3688A23,0.10351640284061432
CC_CABA26DBCD5B,0.224701926112175
CC_CABC1BC43641,0.2500702977180481
CC_CAC1118EEB57,0.7262441277503967
CC_CAC186316291,0.1757271945476532
CC_CAC25F35620D,0.12187310755252838
CC_CAC392AA1A12,0.2945993602275848
CC_CAC57BE205C0,0.08095628172159194
CC_CAD3A96B9991,0.06456969156861306
CC_CADD8356DD06,0.5517889559268951
CC_CADDA919BA80,0.11745290160179138
CC_CADDB83F8044,0.05651361867785454
CC_CADF09213D34,0.09707766622304917
CC_CAE01AE56C41,0.19306862652301787
CC_CAE79898A101,0.12297731637954712
CC_CAE82BB097F9,0.314644593000412
CC_CAE99DD82474,0.3719720423221588
CC_CAEB53EA79E8,0.177260884642601
CC_CAEE66E255F9,0.06526500061154365
CC_CAF6BE41E01B,0.4234874129295349
CC_CAFC8DBA6B89,0.06129722818732262
CC_CAFFDF46952D,0.3477090895175934
CC_CB0144C9A52F,0.17073418498039244
CC_CB01E80A56F0,0.2697796285152435
CC_CB04E892A85B,0.37825711965560915
CC_CB0582EBA7D0,0.052636624127626416
CC_CB07C0AF435A,0.16395237445831298
CC_CB0C7126E336,0.1114336371421814
CC_CB0EBE4F4A46,0.3673534095287323
CC_CB0FA6621EB1,0.09402974545955659
CC_CB0FFAF7B22D,0.15211524665355683
CC_CB1285151690,0.6224955677986145
CC_CB1A4E8692A5,0.03307946063578129
CC_CB1AD6FB8ABA,0.11134104281663895
CC_CB1CB77A6733,0.04020555876195431
CC_CB21AD4E272B,0.1636485993862152
CC_CB2238CF6445,0.3381835758686066
CC_CB2419A37A4E,0.11148135960102082
CC_CB28650CDF7C,0.7458471298217774
CC_CB2B8B608539,0.12040596902370453
CC_CB2C234B67C1,0.1565047174692154
CC_CB32AC35E1FD,0.17905878126621247
CC_CB34EC76FB21,0.8882068991661072
CC_CB3620170747,0.04229913502931595
CC_CB36B6BBD1B1,0.3680245578289032
CC_CB386BF83036,0.08939206451177598
CC_CB389682A258,0.00927884578704834
CC_CB38A949EE17,0.2420109987258911
CC_CB3AB4E7A03A,0.11938825249671936
CC_CB3CFFB2638C,0.7026935458183289
CC_CB41549D6CD2,0.06970561295747757
CC_CB471DE5968B,0.1797132521867752
CC_CB47D32B5B22,0.626106607913971
CC_CB4BF4D8C73E,0.16395237445831298
CC_CB51990E6A7D,0.15911619365215302
CC_CB559309B998,0.24245995581150054
CC_CB568CEC1826,0.044693513214588164
CC_CB5B1476943B,0.1716924399137497
CC_CB5E60525643,0.03257230147719383
CC_CB63B6882A78,0.13633809983730316
CC_CB680F671C46,0.06442317143082618
CC_CB685B625B15,0.25710641741752627
CC_CB6CB00D9CE0,0.44363569021224974
CC_CB7040CEE232,0.21019961535930634
CC_CB715F47A1A7,0.20113686919212342
CC_CB72B584D22B,0.5327783048152923
CC_CB72D5FF9813,0.058383750915527347
CC_CB735F49DF92,0.6886694073677063
CC_CB748A086A6B,0.08954936265945435
CC_CB775C59AF82,0.10937958508729935
CC_CB7932759942,0.04487471953034401
CC_CB7B74274876,0.20958707332611085
CC_CB7BEE073BBE,0.08439367413520812
CC_CB7D50B39905,0.14055292457342147
CC_CB7E75B5E417,0.2136785328388214
CC_CB819CBEB3A3,0.19568348526954651
CC_CB83E7815195,0.07928154170513153
CC_CB84564702A0,0.1174529030919075
CC_CB847AE61423,0.18487245440483094
CC_CB875B71D034,0.14456038922071457
CC_CB8BE55D4A82,0.14868172109127045
CC_CB8DB4A409C7,0.12218166589736938
CC_CB8F5A065319,0.5604832768440247
CC_CB9022D2D371,0.574865871667862
CC_CB9081352865,0.2945993661880493
CC_CB91A3703686,0.17169243693351746
CC_CB9432376672,0.08554670512676239
CC_CB9C1C7A42DB,0.09707766622304917
CC_CB9C9DEB3DCA,0.10858490318059921
CC_CB9DF0E28C84,0.08641425371170045
CC_CBA1128FC93F,0.1967928647994995
CC_CBA2A1D03DC1,0.3223037660121918
CC_CBA41E42FAFA,0.03763536401093006
CC_CBA7168C407D,0.28046858310699463
CC_CBA757A0308C,0.37333459258079527
CC_CBA7ED13504E,0.07007090598344803
CC_CBA930306D08,0.3180975794792175
CC_CBAAF3E0288B,0.5043288052082062
CC_CBAC98F162CD,0.04801596328616142
CC_CBB11A05DB72,0.08096097260713578
CC_CBB145FD833C,0.06013723239302635
CC_CBB2CA39F7A0,0.0965548425912857
CC_CBB3556F13E3,0.04685503840446472
CC_CBB66D0FB69E,0.15415133833885192
CC_CBBA35547F67,0.09404678493738175
CC_CBC0BD52E7EA,0.15379242300987245
CC_CBC1D55EBE04,0.07617144435644149
CC_CBC220D6E5B0,0.17637983858585357
CC_CBC288F713B1,0.4675492882728577
CC_CBC45F7D5688,0.15599317848682404
CC_CBC9934AD9A3,0.5665077269077301
CC_CBD24EFB2E0A,0.17645998895168305
CC_CBD4433AF9F1,0.0862218275666237
CC_CBDBD546C8F5,0.6835169672966004
CC_CBDDD31791B9,0.1358806997537613
CC_CBDE1A0C9ABC,0.15436143130064012
CC_CBE0F451157D,0.015642482787370682
CC_CBE104D92013,0.2200811803340912
CC_CBE24C2F91BA,0.1559931755065918
CC_CBE45A31DF70,0.7564796090126038
CC_CBEA3C6B7CFD,0.033079461008310315
CC_CBEAD50C5918,0.39129428267478944
CC_CBEE5222FF56,0.13519913405179979
CC_CBF603B2AD22,0.18584782481193543
CC_CC05EE4D74EF,0.21832748651504516
CC_CC0C6F55B470,0.08116576597094535
CC_CC10C3D883B7,0.16614870727062225
CC_CC13C7A53935,0.08939206451177598
CC_CC1496C2007F,0.7048711538314819
CC_CC14F013A76F,0.06129722818732262
CC_CC18BF39668B,0.20339975953102113
CC_CC19C6FEEF56,0.39485777020454405
CC_CC1AD95C8286,0.12292218655347824
CC_CC210C9E489E,0.10161681920289993
CC_CC232491BC18,0.4722548365592957
CC_CC2383C355D8,0.101103176176548
CC_CC29446A2B1A,0.6257692337036133
CC_CC29C0EF675B,0.09049421101808548
CC_CC2D3E33FA20,0.6812649607658386
CC_CC2DF55B07C3,0.46528248190879823
CC_CC3A67A99602,0.1557191550731659
CC_CC3AFC539FBB,0.08949154391884803
CC_CC3BEA7406A6,0.661949872970581
CC_CC3DD4F4CDD2,0.021487180143594742
CC_CC412E2C4293,0.12514102458953857
CC_CC479EDB70F1,0.14346930086612703
CC_CC4E0F6FF0BB,0.09595704227685928
CC_CC4F3CFE3912,0.12469927817583085
CC_CC51100D34C3,0.05335411950945854
CC_CC53B6A3B921,0.4789043366909027
CC_CC562D9CF241,0.14346930086612703
CC_CC564338C65A,0.193100181221962
CC_CC5B20CCCD4F,0.31940624713897703
CC_CC5B51DF0B8E,0.11341451406478882
CC_CC5D78E54484,0.28724374771118166
CC_CC627B317CF2,0.7564796090126038
CC_CC647A6C2C19,0.101058728992939
CC_CC6746F4E1BA,0.06456969082355499
CC_CC6809387789,0.060136307030916214
CC_CC69B601D6B9,0.10937958657741546
CC_CC6CF0916012,0.16299412846565248
CC_CC717A4DEB6A,0.11000988334417343
CC_CC7499FBA229,0.14271925240755082
CC_CC769DA17ED1,0.0763945922255516
CC_CC78148D92BD,0.2119447559118271
CC_CC7C05FBC368,0.22436396777629852
CC_CC7C6E822C2C,0.08554670214653015
CC_CC8171F4F8E4,0.1033819481730461
CC_CC82089F7601,0.11544940620660782
CC_CC868CF2A4BE,0.07899127751588822
CC_CC87965EE9CF,0.10531383454799652
CC_CC88F893937F,0.434630298614502
CC_CC894AAE61C2,0.6940383911132812
CC_CC89A5F809CC,0.18552510142326356
CC_CC8A3E1DFF06,0.08006270676851272
CC_CC91B3CEC31A,0.07304550111293792
CC_CC965379300A,0.532778286933899
CC_CC96B061AD4B,0.2163669317960739
CC_CC96B88B3060,0.0855721190571785
CC_CC98F99AB259,0.06678122580051422
CC_CC9CDFDF33AF,0.16733265817165374
CC_CC9FAA3D3389,0.21094582080841065
CC_CCA3E72FA8E6,0.16359856426715852
CC_CCAAB0190D28,0.09239148795604706
CC_CCAC2DE37C23,0.1233544483780861
CC_CCACC31D3BD1,0.22658562064170837
CC_CCAEB2B0D557,0.03915789201855659
CC_CCB2023A51F1,0.07213485091924668
CC_CCB2687D05E8,0.34754891991615294
CC_CCB4AF5B3988,0.07019668072462082
CC_CCB4BA607C8B,0.1707341879606247
CC_CCB5A2A0F5A4,0.040776607021689414
CC_CCBDAF745265,0.1766064077615738
CC_CCBF4942D1A1,0.16395238041877747
CC_CCBF5FBFCF83,0.15746296644210817
CC_CCC15681956F,0.04539727084338665
CC_CCC59E089058,0.2905855357646942
CC_CCC62F3822D2,0.1636485993862152
CC_CCCB6FE86C24,0.300725930929184
CC_CCD0A2F9B976,0.2061056524515152
CC_CCD124365C33,0.2217469185590744
CC_CCD210E33CB5,0.12189031392335892
CC_CCD3596AA9D8,0.12646704465150832
CC_CCD638E372F9,0.07099233865737915
CC_CCD8ACF4407F,0.12653638124465943
CC_CCE19C403D3B,0.0831106260418892
CC_CCE3EA0E360B,0.2618086189031601
CC_CCE4DA605E0D,0.1497618615627289
CC_CCE751F2A8B3,0.1559931755065918
CC_CCEDEA24E68C,0.17913902401924134
CC_CCF11F401A80,0.1475323885679245
CC_CCF19563ED3D,0.15220311880111695
CC_CCF4C872C617,0.01615384705364704
CC_CCF6C5723581,0.07618878483772278
CC_CCF9CD340595,0.05832947120070457
CC_CCFB1D30D24C,0.035812058672308925
CC_CCFC0A51113E,0.08644497245550156
CC_CCFE7BE30757,0.17138866186141968
CC_CD0520BA4B68,0.22971204817295074
CC_CD07605C1FC4,0.07155110090970992
CC_CD0C5166F30D,0.1716924399137497
CC_CD0C5A992C6B,0.11000988334417343
CC_CD0FD4ECDB5E,0.27768164277076723
CC_CD11832FE4BB,0.05872830525040627
CC_CD19A062161E,0.19528812170028687
CC_CD19EF3BC41E,0.11975402384996414
CC_CD1E8E5060A2,0.6028582036495209
CC_CD1F637A0DDB,0.09596901684999466
CC_CD2059E849D9,0.10438229143619537
CC_CD27CF37BA86,0.16541758477687835
CC_CD2EB2984AA1,0.07304549962282181
CC_CD2EE3D89714,0.15340318381786347
CC_CD2FCC99F99A,0.25120697021484373
CC_CD315C06D010,0.16299412846565248
CC_CD340704F0A5,0.627156400680542
CC_CD3624297DA9,0.06405787765979767
CC_CD3F9D67B0E3,0.2720088064670563
CC_CD41E5F69968,0.112305748462677
CC_CD42C0175654,0.15977067351341248
CC_CD46C0200AB3,0.15869253277778625
CC_CD48B0A61CCA,0.1682666838169098
CC_CD4CE1A48C45,0.15211524367332457
CC_CD4D310F0C20,0.1178227573633194
CC_CD5597EB38CC,0.15911619365215302
CC_CD55BA38C7BB,0.20947953164577485
CC_CD5FE6711E88,0.10251508504152299
CC_CD609865264C,0.6804713129997253
CC_CD62466EF288,0.11417479515075683
CC_CD635FC53124,0.22862437665462493
CC_CD6487907D92,0.10431206077337266
CC_CD668CFA696C,0.2605155110359192
CC_CD694F358863,0.09517807960510254
CC_CD6F3473A5D6,0.16460685729980468
CC_CD7A72AE2128,0.0556966207921505
CC_CD7C2DCDF5D9,0.34052740335464476
CC_CD7CC3578431,0.0731235221028328
CC_CD7F00F6212D,0.3342637002468109
CC_CD805C832FF6,0.3571071743965149
CC_CD82F347D6EF,0.13260914236307145
CC_CD84320D7069,0.08196229338645936
CC_CD85B41F4F6E,0.7502598404884339
CC_CD87A2BE2461,0.5039076149463654
CC_CD8D98CE1832,0.5183421850204468
CC_CD9068BAC08A,0.13590752333402634
CC_CD90F5FCB1C7,0.1401292562484741
CC_CD91D3F48931,0.17484726309776305
CC_CD93CEAD21E7,0.05823723077774048
CC_CD9428253184,0.31267871856689455
CC_CD96617B1882,0.15211524665355683
CC_CD96E2770ACC,0.03554178848862648
CC_CD9CC04F0DF8,0.05472259521484375
CC_CDA0CC30868F,0.18225112557411194
CC_CDAB4BBF0BCD,0.08518745005130768
CC_CDB603689517,0.09051962792873383
CC_CDB70B498E05,0.6642609119415284
CC_CDB7A37B5791,0.10858490020036697
CC_CDBD745E1090,0.1624825894832611
CC_CDC10A881E49,0.22340821623802185
CC_CDC2A8052BE7,0.08960696756839752
CC_CDC4FD37691F,0.4135899007320404
CC_CDC68B8CA730,0.07899127751588822
CC_CDC6BA37FDAD,0.26143197119235995
CC_CDC7656399FE,0.1337332844734192
CC_CDC9DB42F71D,0.1233544483780861
CC_CDCF6A31F4F4,0.14327244758605956
CC_CDD17C2884EC,0.2011037737131119
CC_CDD17CCC85CB,0.5614330530166626
CC_CDD28EEDB117,0.16395237147808076
CC_CDD410741E77,0.4656023383140564
CC_CDD6B3AA2ADC,0.32574758529663084
CC_CDD8570C57AC,0.30123427212238313
CC_CDDA751BBBE6,0.6273951292037964
CC_CDDB2C757599,0.14564508199691772
CC_CDDF924C38AC,0.07905970513820648
CC_CDEB8A279A15,0.0914489522576332
CC_CDEE2671B798,0.16733265817165374
CC_CDF0FF22CDD2,0.2500703036785126
CC_CDF451A9E411,0.1858064830303192
CC_CDF75481B0A7,0.28100770711898804
CC_CDF8869408ED,0.31904796361923216
CC_CDFB36360DE5,0.4803817570209503
CC_CDFBFE0036D7,0.046855039149522784
CC_CDFCB8C4ABC7,0.5830226063728332
CC_CE03DD4703AC,0.09227428287267685
CC_CE0412DCD62A,0.10010876059532166
CC_CE049FA1154E,0.2945993602275848
CC_CE067BE113C0,0.6479914426803589
CC_CE0E9331ED51,0.7575854420661926
CC_CE147A53851B,0.1657020002603531
CC_CE181DE7E3F8,0.1320559412240982
CC_CE19B53F579F,0.4679209113121033
CC_CE1B40BE0113,0.4950948178768158
CC_CE1B4D9621B1,0.41067140102386473
CC_CE1C5B5C0675,0.06129722818732262
CC_CE1F3EB9B4F5,0.11896942555904388
CC_CE1F426D2345,0.08960696905851365
CC_CE20503BFD55,0.6265628814697266
CC_CE245BC3956C,0.4800902187824249
CC_CE27DE3C66E7,0.10331074148416519
CC_CE317BFFE599,0.06405787393450738
CC_CE3753196FE5,0.10937958359718322
CC_CE3998A937FD,0.39479362964630127
CC_CE418F9DF0D9,0.0658636137843132
CC_CE425DA77784,0.027652550488710403
CC_CE4425995049,0.2575259000062943
CC_CE470FD8A3C3,0.2318583071231842
CC_CE51729C3ABA,0.1679871290922165
CC_CE547B980864,0.11958509981632233
CC_CE54FA0A1537,0.16520302891731262
CC_CE5B5EA40B36,0.12624224722385408
CC_CE5E916074C8,0.06740146726369858
CC_CE5F8568ED79,0.09959215670824051
CC_CE604CB6BA07,0.263342148065567
CC_CE651090FFE7,0.0754963219165802
CC_CE6844D81392,0.16682112216949463
CC_CE6F6B3732F5,0.0510759599506855
CC_CE712558D8AF,0.6023186326026917
CC_CE7257FE6539,0.5757710933685303
CC_CE7626E67D99,0.4191429793834686
CC_CE77AE742AC4,0.7278362870216369
CC_CE7A1BC9CD98,0.16395237743854524
CC_CE7FA91BB43C,0.4421297609806061
CC_CE866C0C5B6E,0.16395238041877747
CC_CE86B8F0BBD1,0.15860466063022613
CC_CE8C5CFC05EC,0.06308384984731674
CC_CE8CD20A2C45,0.10065288841724396
CC_CE8DC62A613C,0.3290312886238098
CC_CE930CF75F1C,0.13247960656881333
CC_CE99C7E8FD44,0.7457624912261963
CC_CE9A1A5BDD51,0.5626816987991333
CC_CEA4EBBFEFCF,0.1624825894832611
CC_CEABF4532E14,0.03622070178389549
CC_CEACE65C9752,0.14785877168178557
CC_CEACFE7EDEA6,0.07639459073543549
CC_CEAFCA6405FE,0.4234874129295349
CC_CEB0990A3F4A,0.17572719156742095
CC_CEB0994981CE,0.05263662338256836
CC_CEB3D5B5172C,0.01918414942920208
CC_CEB97A7C92B0,0.11960202604532241
CC_CEBAFD98678C,0.0744248941540718
CC_CEC30CD9E429,0.09878036677837372
CC_CEC8EC5490F6,0.06740146726369858
CC_CECAA6645EA6,0.15436142981052398
CC_CECC2BE42CEA,0.08833145648241043
CC_CED294DB7A45,0.06572454199194908
CC_CED43447F756,0.1841971755027771
CC_CED5042A9A47,0.05478854179382324
CC_CED5A70C9A51,0.7026935338973999
CC_CED64B9AD109,0.15809401869773865
CC_CEDE79C4BD03,0.17138866186141968
CC_CEDF1142FEBE,0.061297228932380675
CC_CEE5A07A87EA,0.06977426409721374
CC_CEE9F9382609,0.10207634568214416
CC_CEEB3E83FAAF,0.23609477877616883
CC_CEECDDD36368,0.11145526468753815
CC_CEF427149551,0.4177804231643677
CC_CEF6A74D6C4D,0.1624825894832611
CC_CEFC59B67B92,0.24081069231033325
CC_CEFEF9E415F2,0.13957826644182206
CC_CF009DAC8E64,0.09651745110750198
CC_CF05CDED4CAD,0.030022572726011276
CC_CF0682C8DC63,0.09048501998186112
CC_CF0AD663CDD5,0.25680564641952514
CC_CF142EC1D17A,0.025531720742583273
CC_CF1D27BB19EF,0.17494816035032273
CC_CF2110BEC9D0,0.14734722971916198
CC_CF23AE889426,0.11544940322637558
CC_CF259C0D7753,0.05361656695604324
CC_CF2A41DA98A9,0.35359628200531007
CC_CF32BBCE2F0B,0.1559931755065918
CC_CF3488B42273,0.19891583621501924
CC_CF34DA195752,0.39920220375061033
CC_CF36103555E7,0.1035164013504982
CC_CF36403A45C8,0.10904082506895066
CC_CF39BC33863E,0.7573205232620239
CC_CF3F059B66A2,0.16299412846565248
CC_CF405017459E,0.3714150846004486
CC_CF4141DFAB98,0.7452518939971924
CC_CF474F880316,0.15599317848682404
CC_CF52F22A2656,0.606099545955658
CC_CF5481F063C1,0.08196229636669158
CC_CF5999723BC8,0.031437233090400696
CC_CF5B67D5FBFF,0.06129722967743874
CC_CF5DAF79181B,0.06694496273994446
CC_CF67B1EB47C8,0.49107364416122434
CC_CF711FDEBE6D,0.16299412846565248
CC_CF724E0761C0,0.16666024923324585
CC_CF786C6D564D,0.0688493549823761
CC_CF7B7E158244,0.0642043948173523
CC_CF8083BC282A,0.07007090747356415
CC_CF84CF3EC0EC,0.080960975587368
CC_CF85F73B53BD,0.16395237743854524
CC_CF8A438618B0,0.025922821089625358
CC_CF8CAA9F2DF3,0.12851333022117614
CC_CF8D37E26502,0.08096097409725189
CC_CF8E24366F5B,0.6427732706069946
CC_CF97060B68E6,0.05126814767718315
CC_CF978B6D4E45,0.15809401869773865
CC_CF99582282E5,0.19192437529563905
CC_CF9CC5E12D09,0.844340443611145
CC_CF9D851AAA80,0.03581205904483795
CC_CF9DB2F89DC2,0.1624825894832611
CC_CF9DFD2CA132,0.16520303189754487
CC_CFA23A967FF4,0.09571447372436523
CC_CFA3FB1CDF0F,0.07900210171937942
CC_CFAA20584DD6,0.25132242441177366
CC_CFACF48E2FDE,0.26135966181755066
CC_CFAD5E7FD77F,0.10858490020036697
CC_CFB70E34E6B0,0.7109696745872498
CC_CFBBBF5EB282,0.2905855417251587
CC_CFBD88E9D0E9,0.1624825894832611
CC_CFBF4293669B,0.08644497394561768
CC_CFC010959608,0.09595704525709152
CC_CFC12ADA99B1,0.12521738708019256
CC_CFC257ED71DC,0.06718268841505051
CC_CFC35A3AA942,0.07306487113237381
CC_CFC581549A1E,0.702693521976471
CC_CFCA0E4C59C4,0.07129418551921844
CC_CFCB7433BAF8,0.3704096257686615
CC_CFCBBE5E397A,0.21524891555309295
CC_CFCE718B4584,0.13056241124868392
CC_CFD2A6E0C6AD,0.039444887265563014
CC_CFD3D259BE77,0.1266164243221283
CC_CFD7F4954B0F,0.11824855655431747
CC_CFDE4B06509A,0.17138866782188417
CC_CFDEFABAC332,0.4933404326438904
CC_CFE022151E43,0.08744629174470901
CC_CFE302E59120,0.5855073928833008
CC_CFE343CD94EE,0.23016003668308258
CC_CFE3E56D034A,0.6001506805419922
CC_CFE9BA58A35C,0.5320898056030273
CC_CFEC78A0C00C,0.15281776785850526
CC_CFF0B3CB5293,0.4531132221221924
CC_CFF9E7A46FBF,0.1624825894832611
CC_CFFA03B71F79,0.33186074495315554
CC_CFFA1202DB3D,0.1757272005081177
CC_CFFAB6961C09,0.12014722973108291
CC_CFFDEAD4C87E,0.14667170941829683
CC_D0008EBFB8FB,0.5315973639488221
CC_D007FE1DF18C,0.45591755509376525
CC_D009B605E470,0.06679596975445748
CC_D0105531852B,0.04991503581404686
CC_D0110CBC10AE,0.733524215221405
CC_D0136CB2E7A4,0.06849848628044128
CC_D01769281FDA,0.14055292308330536
CC_D019A4951C31,0.6452831983566284
CC_D01A77C80F84,0.37767903208732606
CC_D01BC4935FC0,0.16663131713867188
CC_D021720FFB07,0.2217469185590744
CC_D02B3BBBCE57,0.4542990684509277
CC_D02C2B0A9B48,0.4421297609806061
CC_D02DE4312B7C,0.19830531775951385
CC_D02F4D3A590A,0.291772723197937
CC_D03164E7EE63,0.25946526527404784
CC_D0331286AD8F,0.22646390795707702
CC_D0331836BCAF,0.39485775828361513
CC_D0367EF146BF,0.975
CC_D04054FF9C7C,0.39485777616500856
CC_D041F0DEA64F,0.05823723152279854
CC_D045D02AD88D,0.07138310074806213
CC_D0461C30DFAA,0.19140625298023223
CC_D046AE57FFE2,0.16395237445831298
CC_D04B0E7F2C9F,0.09909824728965759
CC_D04FCED830D2,0.1757271945476532
CC_D052684AAA5A,0.07555490583181382
CC_D0550D6CB744,0.17637984156608583
CC_D05646333CE0,0.2905855417251587
CC_D056D77ADFC0,0.17637984156608583
CC_D05BCDC1B9DF,0.09695836305618286
CC_D05F492609D6,0.12402313202619553
CC_D0626E48ADB0,0.0670707382261753
CC_D06464485898,0.05943721234798431
CC_D067A36C1E51,0.07860184609889984
CC_D06828D5C645,0.20110377073287963
CC_D069094135C9,0.15421608686447144
CC_D07102B9D96C,0.3705084204673767
CC_D073B3BA57E1,0.06013630628585816
CC_D079FE778858,0.7194873809814453
CC_D07BADF951EF,0.5555975198745727
CC_D07D1C064D11,0.12619275897741317
CC_D07D4F0C0791,0.17485920786857606
CC_D0819118C1FD,0.3579407215118408
CC_D082D9C12729,0.05882256329059601
CC_D086C787E28B,0.13367533981800078
CC_D08708D29694,0.10167442113161088
CC_D087E763481C,0.03554178848862648
CC_D0882397DE50,0.10858490020036697
CC_D090F476345B,0.19098508059978486
CC_D0958D95AAAF,0.3117238640785217
CC_D0968FD5D434,0.1648992568254471
CC_D09C5CB7071D,0.04970748201012611
CC_D09D2025F4E3,0.16395237147808076
CC_D09D884D201E,0.07538667768239975
CC_D09FD701D415,0.1039400652050972
CC_D0A289D8595F,0.11292626261711121
CC_D0AA89439858,0.21013637483119965
CC_D0AE4748F321,0.1033291533589363
CC_D0AED3590B9D,0.33516027927398684
CC_D0C4B5B3D7EA,0.12871018052101135
CC_D0CF9DC33290,0.14407404959201814
CC_D0CFE197344C,0.16023910343647002
CC_D0D47B6683B3,0.05107595920562744
CC_D0D78D9695C9,0.10155115574598313
CC_D0DA1AEFBB2B,0.14734723269939423
CC_D0DD8D2E76A9,0.2697796285152435
CC_D0E7C88F6768,0.26196459829807284
CC_D0EBA7792316,0.14055292457342147
CC_D0EE60B79B5B,0.09582718163728714
CC_D0F679FB7CCB,0.11637459397315979
CC_D0FC0A74A47D,0.23982825875282288
CC_D0FC69802CB5,0.15383664667606353
CC_D10092325095,0.037905634939670564
CC_D1012509F3E9,0.15973985344171523
CC_D102AB7C4360,0.07900210171937942
CC_D104ACBBAD56,0.748725950717926
CC_D105B1734E83,0.23782794177532196
CC_D105FAE17246,0.12537013739347458
CC_D10B3641735E,0.28132752180099485
CC_D114959B2A7E,0.07284666448831559
CC_D11617CD97D5,0.17169244289398194
CC_D11DAB4B88D9,0.08196229338645936
CC_D11E7780E2B9,0.185181325674057
CC_D126400948F2,0.1266164228320122
CC_D1264962E93E,0.08181929886341095
CC_D1297ECF79C3,0.06420439556241035
CC_D12DD972BA1A,0.08554670512676239
CC_D13008A67FF9,0.1979818105697632
CC_D1302170046D,0.2270143747329712
CC_D131FE4E2195,0.06442317143082618
CC_D132B42FBFD5,0.1752084970474243
CC_D133C6BFCA80,0.04890677854418755
CC_D133D280ECE3,0.12298245579004288
CC_D13E12ABC70C,0.055696622282266614
CC_D1408DB0172E,0.15599318146705626
CC_D140F8236B19,0.1504063278436661
CC_D141A70687D5,0.12610209733247757
CC_D141C5241C8C,0.10879491567611695
CC_D14A61E81C09,0.24223115146160126
CC_D14CE392C84C,0.09707766622304917
CC_D14DE1D9835D,0.7113631844520569
CC_D14F1D15E651,0.484091705083847
CC_D152F6CA72C1,0.24817149639129638
CC_D1546778D8E9,0.17666122317314148
CC_D15AD64E2808,0.14205667972564698
CC_D15B6AE7EFA5,0.1574629694223404
CC_D15CC7A30B8A,0.05707631036639214
CC_D15FC81FF15E,0.6841720819473267
CC_D15FFD3CE564,0.055696622282266614
CC_D163357A61D9,0.1186722233891487
CC_D163A4FD6C65,0.046855039149522784
CC_D165F7DC6B2B,0.05823723152279854
CC_D16B00A050A8,0.4234874129295349
CC_D16F4F8FEEAA,0.06703617125749588
CC_D170915B1FB5,0.3621862351894379
CC_D173A4D62F91,0.06679597049951554
CC_D17415042E3A,0.5519548654556274
CC_D178185D8984,0.7548257231712341
CC_D178C8484E55,0.5697674572467804
CC_D179DF4431F5,0.10801302045583724
CC_D179E8B6AA77,0.1452077329158783
CC_D1822B5E5073,0.10394006669521332
CC_D1879D798435,0.12746156752109528
CC_D188508A53D3,0.3705084204673767
CC_D189C876078F,0.06442316994071007
CC_D18F866D83C5,0.037905634939670564
CC_D18FFC354239,0.05823723077774048
CC_D191FE071112,0.26957942843437194
CC_D193DD5E737D,0.12004289478063583
CC_D1945FE7A0E5,0.08950304985046387
CC_D1961F82F1BA,0.5043288052082062
CC_D19A8F690460,0.1716924399137497
CC_D19F0F071992,0.1624825894832611
CC_D1A32F128E07,0.21076716482639313
CC_D1A3664B4E80,0.08491731733083725
CC_D1A3F09E73FB,0.1893152564764023
CC_D1A90C6FDF13,0.41914297342300416
CC_D1A981B0B6DA,0.09213015884160995
CC_D1AB0F78FDBC,0.5614330649375916
CC_D1AC6A47A169,0.6475695967674255
CC_D1ACA5CA4446,0.04685503989458084
CC_D1AD99E473C6,0.5680302083492279
CC_D1B22566A74D,0.21094664335250854
CC_D1B6E274FD67,0.10255247354507446
CC_D1B7729EE94A,0.06740146726369858
CC_D1B9FF47D595,0.0480159617960453
CC_D1BB13ABF21B,0.03763536512851715
CC_D1BCD967C0AF,0.0959455668926239
CC_D1BE5CBF3DD8,0.2590096443891525
CC_D1BEF2EDDC92,0.1666313201189041
CC_D1C132FA8DB8,0.054535699635744096
CC_D1C559E97E0D,0.6257692217826843
CC_D1C81FA1DAEB,0.838905644416809
CC_D1C9D215017D,0.7620827913284302
CC_D1CBCB6AB6EA,0.3137064456939697
CC_D1CCF0BA34FF,0.1193542093038559
CC_D1CE829274A9,0.3105395019054413
CC_D1CEE9BD220D,0.02451748251914978
CC_D1CF010CE88D,0.04309861771762371
CC_D1D1A37B55FF,0.0959690198302269
CC_D1D6419D1AC5,0.37773326635360716
CC_D1DB03BBA961,0.17854842245578767
CC_D1DBEB2521AB,0.31995218992233276
CC_D1DCC960FE8A,0.340175861120224
CC_D1DEEE008DB7,0.1495252549648285
CC_D1DFFBEB0D49,0.12878275513648987
CC_D1E03F3A6E69,0.12579380124807357
CC_D1E4776CB77B,0.41784456968307493
CC_D1E9940689FE,0.14323078989982604
CC_D1F08540BE4B,0.0092788465321064
CC_D1F19CB4E1EA,0.06901030242443085
CC_D1F2386471A1,0.2206114113330841
CC_D1F24AD519FC,0.08090168535709381
CC_D1F296790CD7,0.05576256662607193
CC_D1F7D49BB3DE,0.16299412846565248
CC_D1F9CF8B6D7B,0.27759703397750857
CC_D1FB13EC0812,0.291772723197937
CC_D2019C5948FE,0.6888202071189881
CC_D2040C7FFE9A,0.046855039149522784
CC_D207FD9D8578,0.3320626676082611
CC_D20A05A00AD8,0.19877198338508606
CC_D20BC003ACBC,0.09402974545955659
CC_D20C5840549E,0.36114022731781004
CC_D20E2832F913,0.8147025823593139
CC_D20F94A9C4B6,0.29999822974205015
CC_D2117FF71FF0,0.10046378523111343
CC_D211E9AE94B3,0.15479489266872407
CC_D212CDFEF986,0.09213015884160995
CC_D2165642FD6D,0.06405787616968155
CC_D216C0419900,0.10351640582084656
CC_D217092B9BBA,0.07244370579719543
CC_D21989FDB44D,0.10420680791139603
CC_D21A4ABA9070,0.0614437498152256
CC_D21A74F9E93F,0.2773137092590332
CC_D21CB0395CD9,0.31151151061058047
CC_D21DC5D3265C,0.15977067053318023
CC_D21DD6755FE2,0.1586046576499939
CC_D221354D8B09,0.144757242500782
CC_D2254B292EDF,0.21382420957088472
CC_D2273560C5F0,0.6302177667617798
CC_D22BEF80758F,0.0731235221028328
CC_D22D6C7CBEF2,0.16299412548542022
CC_D2379C730044,0.4910736560821533
CC_D23841DE7ACD,0.19281358420848846
CC_D238DDD7ABE7,0.5650440931320191
CC_D23E86F674C3,0.3071231544017792
CC_D23FCE500A40,0.1624825894832611
CC_D241A3C08817,0.15599318444728852
CC_D2425B113E8D,0.2201179653406143
CC_D24410CB0F55,0.3991380751132965
CC_D2450F09579E,0.1781077653169632
CC_D24615CAACFC,0.5314269006252289
CC_D24841C611FE,0.22099216282367706
CC_D24A92824E36,0.1634408414363861
CC_D24B9BF999B6,0.17666122019290925
CC_D24D4B1467BF,0.22337721288204193
CC_D24F23CD8480,0.7669092416763306
CC_D24FCE310CEE,0.47890433073043825
CC_D24FEA8563A1,0.06280361637473106
CC_D2541BF5A6D9,0.12857435792684554
CC_D255679A7067,0.1493830531835556
CC_D25D6AA21EEE,0.7339977979660034
CC_D25E936DF38A,0.025798993930220605
CC_D26123F4966B,0.14323078989982604
CC_D261C22A377F,0.06572454124689102
CC_D26286415E11,0.15363979041576387
CC_D262ED491565,0.1154494047164917
CC_D2657ED752A0,0.301784348487854
CC_D2668DA59C8F,0.2886867344379425
CC_D2669F81D2A4,0.21000725030899048
CC_D26EB2E60B56,0.4421297609806061
CC_D26FB31E3AB9,0.05872830674052239
CC_D271E028158F,0.6422801852226258
CC_D2720CC4A83A,0.7234843969345093
CC_D274499A57E0,0.7790727496147156
CC_D27A3A9D2F6C,0.10536382049322128
CC_D27C8F3501F8,0.7407545566558837
CC_D27D21CBB3D7,0.27614292204380037
CC_D27D3985DEFD,0.1624825894832611
CC_D280B89DDE05,0.16395237743854524
CC_D282B68A6D71,0.3357417702674866
CC_D286219989C3,0.1892281025648117
CC_D28ACD8901C6,0.3399678409099579
CC_D28D5AA3D4A1,0.08006270527839661
CC_D297120DAB56,0.10938055664300919
CC_D29A8F33C839,0.0524556465446949
CC_D29BCB76CAFC,0.07854424268007279
CC_D2A192239CAF,0.2128726601600647
CC_D2A46C988D4A,0.0676171638071537
CC_D2A657EF14EE,0.12564176917076111
CC_D2B5FC7C38DF,0.09651744961738587
CC_D2B61DE45855,0.05361656844615936
CC_D2BE14587D36,0.1174108624458313
CC_D2BE8B463529,0.7312650918960572
CC_D2C0FF3AF6EC,0.08621263802051544
CC_D2C3A3CF8C43,0.15003679543733597
CC_D2C663FD2B34,0.2732760965824127
CC_D2C8F386C890,0.14715038239955902
CC_D2CD6F111899,0.4789043486118317
CC_D2CE804BD304,0.02262224815785885
CC_D2CE9F62425D,0.17666122019290925
CC_D2D039B8BFC7,0.16248258650302888
CC_D2D5DEFED456,0.5352147221565247
CC_D2D6E402CC5E,0.13780273497104645
CC_D2D792A9A4CC,0.12712796479463578
CC_D2D9134BCE69,0.7203857779502869
CC_D2DE1E3664B2,0.11017646938562393
CC_D2DED6A9E044,0.21344610452651977
CC_D2DEEA125614,0.11405102759599686
CC_D2DF820CD197,0.12519144415855407
CC_D2DFDDB1E8F9,0.05564234405755997
CC_D2DFE9A1967D,0.20496054291725158
CC_D2E269AEF461,0.1757271945476532
CC_D2E694711D50,0.5807805776596069
CC_D2E885A14B34,0.06427552327513694
CC_D2ECED58EEB0,0.11867222189903259
CC_D2EE9A0520F0,0.22172505259513856
CC_D2F111C79D63,0.05667656660079956
CC_D2F16DDB2F86,0.16395237743854524
CC_D2F1D6805985,0.7620827794075012
CC_D2F437B47AF0,0.2674811363220215
CC_D2FA5D087CBC,0.09087339788675308
CC_D2FB67928254,0.1158730685710907
CC_D2FB807EE276,0.14407290518283844
CC_D2FD7B0D8B34,0.19609365463256836
CC_D30259D4AE64,0.30422440767288206
CC_D3038ACDF752,0.838905644416809
CC_D3038C299801,0.10431205928325653
CC_D307F79C971A,0.0683023564517498
CC_D30BBC7AD658,0.07812141105532647
CC_D31051013E58,0.10941794663667678
CC_D311F59BFECA,0.07552888393402099
CC_D312F8274754,0.08644497245550156
CC_D31513E751D3,0.16344083547592164
CC_D31BAFB2E16A,0.11648897230625152
CC_D321AB865DC7,0.45311318039894105
CC_D3241471BDCB,0.08621263802051544
CC_D326CB82A372,0.5191549599170685
CC_D328B9E67E65,0.08006270527839661
CC_D32B6AE58AED,0.6427732825279235
CC_D32FC5DDE730,0.3126787066459656
CC_D333F59A0877,0.1569514274597168
CC_D33AB9982EED,0.1495252564549446
CC_D33C6EA896A6,0.10351640433073044
CC_D3454F3F4C2F,0.18838122487068176
CC_D345983E82DE,0.09707766622304917
CC_D3476644188A,0.06405787542462349
CC_D34AFCBB4312,0.28836363554000854
CC_D34C0C572354,0.08311062753200531
CC_D34EE8EF4A0F,0.13150494694709777
CC_D34F08703FA6,0.11743569523096084
CC_D34FB9B21386,0.7570748567581177
CC_D3542F5E6244,0.04104687795042992
CC_D354EEB02D80,0.0556966207921505
CC_D3566095CE43,0.18402755856513978
CC_D35D3BBB5C65,0.6457394599914551
CC_D35D3D201CBD,0.16460685133934022
CC_D35EC5D38FEB,0.5415008187294006
CC_D362B82DF21E,0.22085085213184358
CC_D36462358A57,0.14333489686250686
CC_D364E6AE7D90,0.0850102111697197
CC_D3693EAA812A,0.12031047940254211
CC_D36B6847D67E,0.20327047407627105
CC_D36B7BA76307,0.16395237743854524
CC_D36BB11E0FA7,0.16299412548542022
CC_D36D6C1A33A3,0.1536397933959961
CC_D37184A9254B,0.07706051468849182
CC_D37758B14921,0.08810851573944092
CC_D3778E20CFC2,0.13672217726707458
CC_D378C1F7091D,0.39485777020454405
CC_D379299E0F99,0.15169157981872558
CC_D3796039EE79,0.6627434968948365
CC_D3867188DFC2,0.13120996654033662
CC_D3908B8051B8,0.1716924399137497
CC_D39307AB7E8A,0.13247960656881333
CC_D3966F181FE3,0.03944488801062107
CC_D39682A0DFC8,0.051662597060203555
CC_D39752AFEA75,0.7042856693267823
CC_D397D9DD9272,1.0
CC_D39A6914D1CC,0.15262678563594817
CC_D39BA5427404,0.33186073899269103
CC_D39D435485BB,0.0410468764603138
CC_D39DB7F6050E,0.050067701190710065
CC_D39E809D8FA6,0.25122990012168883
CC_D39F9382AB3F,0.19401869773864747
CC_D3A41831C0C2,0.16395237743854524
CC_D3AA942E84C7,0.1909020721912384
CC_D3AB84DCD29D,0.10161681622266769
CC_D3ACC16BFB7B,0.1586046576499939
CC_D3B5CBDFDCBD,0.06239004135131836
CC_D3B941DB7A79,0.6452831983566284
CC_D3BC63E2F339,0.838905644416809
CC_D3C08D8E747F,0.12012294232845307
CC_D3C14DDAA15B,0.12042452096939087
CC_D3C39C93F423,0.08218522965908051
CC_D3C45878B875,0.13260914087295533
CC_D3C65BEDBE29,0.14346692562103272
CC_D3C963739232,0.7278363108634949
CC_D3CD6179558D,0.21989759504795076
CC_D3CE59984E11,0.0928790107369423
CC_D3CF771B872D,0.04487471953034401
CC_D3CFB84F655B,0.2694189608097076
CC_D3D086C4F645,0.15599317848682404
CC_D3D095D6121D,0.11914828419685364
CC_D3D4903DA282,0.16685625910758972
CC_D3D68BDCD8A9,0.15434817969799042
CC_D3DB217BF289,0.0890954777598381
CC_D3DD7BF44AEE,0.16299412846565248
CC_D3DDAC9F1216,0.7256488919258117
CC_D3DED803C042,0.651482093334198
CC_D3DF80A94AEA,0.11912162154912949
CC_D3E23627B45E,0.16567306816577912
CC_D3E2E9727887,0.04685503989458084
CC_D3E3FC61AA16,0.08448610007762909
CC_D3E6428FAD86,0.08833146095275879
CC_D3E89CF79C1D,0.09750133007764816
CC_D3EEC5574F6E,0.708982253074646
CC_D3EFE102C1D4,0.176661217212677
CC_D3F6B908DA1D,0.15921258926391602
CC_D3F6E968C913,0.0671366848051548
CC_D3F7481F33E4,0.1594316452741623
CC_D3F7C98C6392,0.07701009064912796
CC_D3FAA1172A83,0.3991380751132965
CC_D401FF247864,0.14995871484279633
CC_D402AA6A0EDA,0.1500367909669876
CC_D40366FF4DFE,0.706224548816681
CC_D404797FE4C8,0.16248259246349334
CC_D406BE13BD9A,0.14327244758605956
CC_D406C5FE3ABC,0.1157757893204689
CC_D40E1461BA58,0.4531131982803345
CC_D415D9B6C366,0.14715038239955902
CC_D41B1351AEAF,0.12928281128406524
CC_D41B3719D7BB,0.36378991007804873
CC_D4237565AA66,0.16248259246349334
CC_D423987544DA,0.2698593407869339
CC_D4275FDCF3AF,0.07772995084524155
CC_D429C424DEDA,0.08744628876447677
CC_D42C0B72CA29,0.17542158663272858
CC_D42D1C42C2E6,0.10351640433073044
CC_D42EC9A5D1FB,0.5269427359104156
CC_D42FFA8F3169,0.7452518820762635
CC_D430AD797054,0.08604207187891007
CC_D434963D1147,0.03887383881956339
CC_D434E30C3619,0.05882256478071213
CC_D4378A238AC8,0.12506842613220215
CC_D43AA71F891F,0.1723028838634491
CC_D44135D745E2,0.04708517044782638
CC_D445807B5C61,0.18149217665195466
CC_D447F85C2DA9,0.18617957532405854
CC_D449C9463913,0.7026935338973999
CC_D44DB6A794B9,0.14087930619716643
CC_D44E2EE70A16,0.21001169681549073
CC_D450F59B7FDA,0.9635316967964173
CC_D451AA90DA94,0.7026935458183289
CC_D45366071D78,0.0844705805182457
CC_D4549F4D112A,0.06849848628044128
CC_D454A91ED4BE,0.09049420803785324
CC_D4560BD446D4,0.24710552990436555
CC_D4585F3BA979,0.30557618737220765
CC_D45C72ADBA41,0.06679596826434135
CC_D45E9E364846,0.19868923723697662
CC_D463F4B81D2E,0.11708262860774994
CC_D46F15239114,0.1843464732170105
CC_D4758B2ED70D,0.3227232754230499
CC_D476D2A870F2,0.1476619213819504
CC_D47737A3F8D6,0.12394638061523437
CC_D477FD58EC18,0.11176470816135406
CC_D47BE18B5B11,0.046855039149522784
CC_D47D5407FBA7,0.03649097383022308
CC_D4800E51EA8F,0.5460334479808807
CC_D482D79EDC54,0.7562767505645752
CC_D483D735A0FF,0.13997822403907775
CC_D484D97F139A,0.28836363554000854
CC_D48A5222D7E8,0.6671680212020874
CC_D48ABFDB1118,0.19118970334529878
CC_D48BADA0D657,0.15340318977832795
CC_D48C2D07FFC3,0.10331073850393295
CC_D491A7F1C9EE,0.32675654292106626
CC_D492CE57105F,0.10335371196269989
CC_D495145DAD2F,0.12464044690132141
CC_D497EAC15351,0.06563029661774636
CC_D49A23D8A5CA,0.7222965121269226
CC_D49C6111B381,0.09656402915716171
CC_D49CA4139769,0.13894752860069276
CC_D4A1AD0C9DF7,0.20109569430351257
CC_D4A2C3AD56EB,0.1658575028181076
CC_D4A57BDF8148,0.10958621948957444
CC_D4A744C3AFE7,0.1229959636926651
CC_D4A922C06B8D,0.11785001754760742
CC_D4ACDA4FD85C,0.1553064316511154
CC_D4B177D13DC8,0.07939661741256714
CC_D4B2657C05F6,0.14734723269939423
CC_D4B41319640F,0.11855855137109757
CC_D4B9866EFF62,0.0092788465321064
CC_D4B9D3D0C209,0.0836419478058815
CC_D4BA0989254A,0.14961312860250472
CC_D4BA33FD0125,0.26788082122802737
CC_D4BB3EB8D4D9,0.12579380571842194
CC_D4C029F67176,0.31267871260643004
CC_D4C8EBDD846C,0.41914296746253965
CC_D4CE0555C2DD,0.17703431248664855
CC_D4D009E2F58D,0.10958622097969055
CC_D4D14E7F3295,0.1864420711994171
CC_D4D4D53CEAE2,0.05077660605311394
CC_D4D633EDAAB5,0.0816462516784668
CC_D4DDF151EBB1,0.14045564234256744
CC_D4E01FC49F1A,0.20037088692188262
CC_D4E2C6924B4E,0.5937902390956878
CC_D4E8CEB23FA6,0.42402251362800597
CC_D4E9D50AF4C9,0.11925871819257736
CC_D4EA2BF9B258,0.12967173606157303
CC_D4EB3A79F2C3,0.5958610296249389
CC_D4F1868FB6A2,0.052636624127626416
CC_D4F1FED7AC0E,0.05263662487268448
CC_D4F351A53A94,0.14952525198459626
CC_D4F8A339FF16,0.09596901684999466
CC_D4F92B3A2375,0.3273348867893219
CC_D4FAA038D994,0.07547688111662865
CC_D4FCC1633979,0.01461217924952507
CC_D4FD0FA4BDD8,0.11259987801313401
CC_D4FF6E78764B,0.11043232381343841
CC_D50037B1FCC9,0.17811238765716553
CC_D502283AAA08,0.06703616976737976
CC_D506E134BDFC,0.16663132309913636
CC_D5125E84765B,0.12686276137828828
CC_D515509A602A,0.15211524963378906
CC_D515BD5845EA,0.05610228255391121
CC_D5160A512B7F,0.11173786967992783
CC_D516E35A78B5,0.1693994700908661
CC_D519406BC995,0.06427552327513694
CC_D51C84976ED6,0.15211524665355683
CC_D51E05C25275,0.7674657821655273
CC_D51E9F3EC439,0.7575752377510071
CC_D51F77AC5BBB,0.27645508050918577
CC_D520C6A31ED6,0.08006270825862885
CC_D5240CE735A2,0.15211524665355683
CC_D52A0987F80F,0.09296317771077156
CC_D52BE54FF386,0.2188442289829254
CC_D52F264961F6,0.4969179153442383
CC_D530D5BAAF38,0.7385321855545044
CC_D531B5EF2B50,0.08724062591791153
CC_D53330AE5DBD,0.30485163927078246
CC_D53514D412DB,0.12487157434225082
CC_D535D3A5474E,0.8701867699623108
CC_D536704B6764,0.17138866782188417
CC_D5398708F838,0.1039400652050972
CC_D53A623898DC,0.5191549777984619
CC_D53D1602C69F,0.0975187674164772
CC_D5459D97C01C,0.15599318146705626
CC_D54851664574,0.15436143726110457
CC_D548B13848C6,0.1577768549323082
CC_D54CA7477ADF,0.45268280506134034
CC_D54D5281D251,0.41778041124343873
CC_D54DF0838CAF,0.17219628095626832
CC_D552A9B5B960,0.112729412317276
CC_D555A7B67B3B,0.05166259929537773
CC_D556FDC5966D,0.1259233370423317
CC_D558E04454C0,0.021487179771065713
CC_D55A98E39501,0.10605422854423523
CC_D55D672116FB,0.19484952688217164
CC_D55F551D3210,0.15746296644210817
CC_D55F55DC196E,0.10022909790277482
CC_D56282147102,0.8219156980514526
CC_D562CEEE6A2F,0.14952525794506072
CC_D563064A1548,0.15340318381786347
CC_D564D2AA15DC,0.06694496497511863
CC_D56A450323C9,0.11259987652301788
CC_D56D100C07F0,0.9714285731315613
CC_D56F2152C73A,0.16520302891731262
CC_D571187B1C70,0.05707630813121796
CC_D571AE0ACF88,0.0480159617960453
CC_D5725D4E3CF2,0.09396300315856934
CC_D575368B6FF2,0.11975402384996414
CC_D5790BFC8988,0.10958621948957444
CC_D579487A4A94,0.16299412846565248
CC_D579BAEE8B34,0.10058476328849793
CC_D579E137FB97,0.14734723269939423
CC_D5868C04EC3E,0.14713396728038788
CC_D58727BEE89B,0.16438149511814118
CC_D58D0F46193D,0.07331517189741135
CC_D58F3CAAE820,0.1747559905052185
CC_D590B277F862,0.12967173457145692
CC_D595E3C32990,0.05050167441368103
CC_D596637152BB,0.1440419301390648
CC_D599363DA090,0.06442317217588425
CC_D599E95C96D2,0.1865022987127304
CC_D5A1F66E28AF,0.1593470096588135
CC_D5A7829DDDA8,0.2678808271884918
CC_D5ACFCB0FAC0,0.5477878332138062
CC_D5B1468B1D65,0.05050167441368103
CC_D5BD6FAD166B,0.6841720819473267
CC_D5BEC047CB8F,0.10335371196269989
CC_D5C13E9667EA,0.3536431610584259
CC_D5C65AB848BC,0.17998669147491456
CC_D5C9503563CB,0.07905970513820648
CC_D5CA3445543F,0.14910158962011338
CC_D5CD19E5DC55,0.15807761251926422
CC_D5CDC8E71E4F,0.09255382269620896
CC_D5D4482D6AB6,0.5206139206886291
CC_D5D4DC36B22D,0.3705084264278412
CC_D5D501A7A4BA,0.11278388798236846
CC_D5DD1BA297C1,0.17234691381454467
CC_D5E1DB12F6A3,0.03020845502614975
CC_D5E34124820B,0.07899127900600433
CC_D5E4B0516E78,0.4221125185489655
CC_D5E667665E0C,0.26788082122802737
CC_D5E7B18A98BB,0.10302818268537521
CC_D5E808DDA012,0.08975736051797867
CC_D5E80ED7BA91,0.035812058672308925
CC_D5E9ADA8827D,0.10166171193122864
CC_D5EB4BC1791D,0.10801301747560502
CC_D5ED88759533,0.11143364161252975
CC_D5ED8FB753E8,0.25227201282978057
CC_D5EF0A01C613,0.06913607567548752
CC_D5F108DB60D8,0.06032320111989975
CC_D5F3BC12B278,0.03937205709517002
CC_D5F92C73B8F4,0.7564795851707459
CC_D5FBEB929658,0.1716924399137497
CC_D5FFA79413FD,0.07398248165845871
CC_D5FFAA421FEB,0.07790836244821549
CC_D6055E1252B6,0.06420439556241035
CC_D606659BD359,0.08975736200809478
CC_D606DC703264,0.17073419392108918
CC_D6089B5CE984,0.16131342947483063
CC_D612967B387A,0.10251508504152299
CC_D61505C6C0F4,0.08744629323482514
CC_D6170164D4BF,0.205587700009346
CC_D6193328683E,0.08632965385913849
CC_D61D2B1D4B78,0.2514791786670685
CC_D61E7FCC91E6,0.7820617437362671
CC_D62049402E86,0.07428919672966003
CC_D624EA7C29B6,0.17073419392108918
CC_D6264BBCFF2F,0.0625603049993515
CC_D6333E73482B,0.13659244477748872
CC_D6340AF9CD64,0.12785861939191817
CC_D6366AFA48C6,0.2003708839416504
CC_D63834E2237C,0.1723469078540802
CC_D63882D26B64,0.39485777020454405
CC_D63A9390D33A,0.15262678563594817
CC_D63B6EC93F0B,0.1775019496679306
CC_D63C622774C2,0.0905196264386177
CC_D63DB1F30AA1,0.16364860236644746
CC_D63ED494CD5C,0.3992022216320038
CC_D63F07D11783,0.3042139828205109
CC_D640653E2B30,0.3533839225769043
CC_D641DAB36A81,0.06013630777597427
CC_D641EB8FAAD1,0.07549632340669632
CC_D6421E8A0EC7,0.06405787616968155
CC_D645773ACCBD,0.11017524600028991
CC_D6465C0D0BA7,0.09707766771316528
CC_D64786ADE3E7,0.2003708839416504
CC_D64ED727CFFF,0.2594573855400085
CC_D650C38490DB,0.06405787542462349
CC_D65141E001DE,0.21269903779029847
CC_D651B35BBEF1,0.07137227803468704
CC_D653C7E9B209,0.042504886910319326
CC_D657BEAE4B20,0.1538366496562958
CC_D6591E377B60,0.15956380665302278
CC_D65BC3BD8FE2,0.14734722971916198
CC_D65D47CD4278,0.17703431248664855
CC_D65F05F4104A,0.36313630938529967
CC_D65F33ED6F35,0.046855039149522784
CC_D664F3E2FEEC,0.19199419915676116
CC_D66E20927674,0.17073419392108918
CC_D66E21C86AC7,0.02894323319196701
CC_D67137D854DA,0.7780982613563537
CC_D6727C42CDCA,0.048015961050987245
CC_D67529F00FC5,0.0415475606918335
CC_D675A9841C09,0.17073419392108918
CC_D676883F33BA,0.3747540473937988
CC_D6783DDF0C4E,0.3933964014053345
CC_D68061DD74A6,0.10131888538599014
CC_D6820311B0A0,0.1716924399137497
CC_D683A5E9EFA8,0.2945993602275848
CC_D6872761F067,0.06442316919565201
CC_D6905883A8A7,0.0556966207921505
CC_D690869322AA,0.12440620958805085
CC_D6921F08F519,0.08440751433372498
CC_D693529C2D39,0.17421328127384186
CC_D69E2AC4754E,0.07448716908693313
CC_D69F07FB5DFA,0.07701008766889572
CC_D6A0181F18E7,0.12011950612068176
CC_D6A250160643,0.19678947031497956
CC_D6A55CDE54AF,0.626106607913971
CC_D6A5A7377DD4,0.07949396520853043
CC_D6A6B1030B09,0.10351639986038208
CC_D6B0FF5E6118,0.505509740114212
CC_D6C030C952C4,0.6276009321212769
CC_D6C48B5540BC,0.2053394764661789
CC_D6C963BCAA91,0.01461217924952507
CC_D6CC8D247E7A,0.08497796058654786
CC_D6CD93E594E2,0.07229519635438919
CC_D6CE1A5DF0BA,0.02822585143148899
CC_D6D1D466A98B,0.11197509616613388
CC_D6D2F88BBC97,0.15262678265571594
CC_D6D329E72DC6,0.7339977979660034
CC_D6DC10F3C8C7,0.17073419392108918
CC_D6DDD7A1AD4C,0.11259987801313401
CC_D6E0189402EE,0.2708995223045349
CC_D6E3F168572D,0.12653637677431107
CC_D6E7DC170BEF,0.17073419094085693
CC_D6E87506F009,0.16284964084625245
CC_D6E9B159673A,0.1586046576499939
CC_D6EA3ED7E326,0.7071908712387085
CC_D6EAED72D334,0.18151823580265045
CC_D6EB912BEAB5,0.06129722818732262
CC_D6EC154F536A,0.39920220971107484
CC_D6ED615280E0,0.08196229338645936
CC_D6EDC24EED1F,0.1932944178581238
CC_D6EE82C2E883,0.2500703036785126
CC_D6F2E45399DB,0.7339977979660034
CC_D6F4804C79B8,0.11660734266042709
CC_D6F8BBAA2239,0.30712316036224363
CC_D6F9B49F7F27,0.3042139828205109
CC_D6FA2F7DB3E2,0.11928311437368393
CC_D6FA643DA378,0.7525775194168091
CC_D6FC0215FE8E,0.10373440384864807
CC_D7038C89DFAF,0.06526500135660171
CC_D703A0A1E9A1,0.13626533150672912
CC_D704840B68D3,0.04104687795042992
CC_D705E98D2CE6,0.12669281512498856
CC_D706D8B4B811,0.08671045750379562
CC_D7086EE0407B,0.09517808109521866
CC_D71011D31E6F,0.6243016719818115
CC_D7124C326C9D,0.26334214210510254
CC_D71949348E58,0.04077660776674748
CC_D72424AA9FE2,0.07448717057704926
CC_D7289930B5D8,0.0970776692032814
CC_D729E17924BE,0.09299800395965577
CC_D72B29D5557D,0.11038187593221664
CC_D73215111768,0.25101188123226165
CC_D732F7DE061A,0.06456969082355499
CC_D73627BC0C42,0.10284570455551148
CC_D741BE3FD260,0.1760067492723465
CC_D741C8AFFFE9,0.1760067492723465
CC_D746F0614398,0.15977066457271577
CC_D749CFACCEFA,0.08560430556535721
CC_D74BED2343C5,0.7423246741294861
CC_D74D437133A8,0.12320471256971359
CC_D74E3CAABAC6,0.6611524105072022
CC_D750EDBFA407,0.17572719752788543
CC_D7525D1F70F2,0.07306487113237381
CC_D75A6A9A0738,0.13752334117889403
CC_D75A9389D75F,0.15211524665355683
CC_D75B211749AF,0.07549632042646408
CC_D761EAAB48EC,0.17234691679477693
CC_D76CCABAD7A5,0.13268148005008698
CC_D76E833AF36C,0.6457394599914551
CC_D77323EA0CFE,0.3923097550868988
CC_D77AF3FD7C8A,0.31362666487693786
CC_D77B0F488E08,0.24619122445583344
CC_D77B3E03DD3F,0.20392078757286072
CC_D77CE50A5F5D,0.06442317143082618
CC_D77E24D9A860,0.39920220375061033
CC_D78180DE6BF3,0.15351026207208635
CC_D789A6E9BBBB,0.14443085640668868
CC_D78A7315B53B,0.5405879735946655
CC_D78B3851FFD5,0.1252080351114273
CC_D78FD0B061DC,0.05726320296525955
CC_D7943FD353CF,0.7786934852600098
CC_D7946FC8CC1F,0.14944807291030884
CC_D7965682307A,0.19574757516384125
CC_D797C0BE9AD5,0.7452518820762635
CC_D79DA07C35CA,0.13506959974765778
CC_D7A0C3CAA4D8,0.0480159617960453
CC_D7A2944FB72C,0.3934952199459076
CC_D7A3033CDEF8,0.17169244289398194
CC_D7AB20450937,0.050067701190710065
CC_D7AC664F5E53,0.22172505557537078
CC_D7AE1DF635F1,0.11391867250204087
CC_D7AFEB65CB77,0.0092788465321064
CC_D7B1A11903C3,0.18242206275463105
CC_D7B6240818EE,0.07174907326698303
CC_D7BA515150F2,0.16248259246349334
CC_D7BCC11E90D1,0.0689895547926426
CC_D7C455F303EF,0.15809401869773865
CC_D7C464EA9258,0.12234099060297013
CC_D7CBF4964B7F,0.3277113914489746
CC_D7CD7415AAEC,0.1299765020608902
CC_D7D03DA9CF41,0.07448716908693313
CC_D7D159A9A5CF,0.19886281788349153
CC_D7D1CA714C68,0.13680146038532257
CC_D7D1E0504B83,0.055696622282266614
CC_D7D39147F659,0.1707875221967697
CC_D7D59F1707B3,0.08682498782873153
CC_D7D94704F84F,0.07701009064912796
CC_D7E047CE185E,0.15911619663238524
CC_D7E57BF8B92A,0.15340318530797958
CC_D7E5ED8BAB71,0.08747170567512512
CC_D7EB40D9C407,0.11729682087898255
CC_D7EB4CB5AC83,0.12598612457513808
CC_D7EEFF88E2C7,0.7110424160957336
CC_D7F6A56D2CE6,0.07336429059505463
CC_D7F6C6E09979,0.35944547653198244
CC_D7F83106DB2F,0.07226062342524528
CC_D7F85AB2E2D8,0.11432786285877228
CC_D7F9FF003F99,0.15599318146705626
CC_D7FB99824C59,0.04622070491313934
CC_D800C6566DC9,0.07768990993499755
CC_D801888CC024,0.04685503840446472
CC_D801D55F0141,0.05569662302732468
CC_D802E81D86B0,0.14715038239955902
CC_D807F321FC52,0.07449331879615784
CC_D80CB0F888C5,0.31967994272708894
CC_D80FF39DB7AD,0.11421420127153396
CC_D81349090F58,0.055668306350708005
CC_D8154DAB5DB7,0.12464475780725479
CC_D815BD1731C7,0.14944807291030884
CC_D81A9D67E98D,0.16364860236644746
CC_D820037F6F2B,0.6282791495323181
CC_D821A1CD6D8E,0.08447527438402176
CC_D821A446A48F,0.15211524665355683
CC_D82901C966D0,0.8443404078483582
CC_D82A3794DD85,0.3214810252189636
CC_D82F774F0FA0,0.16993453204631806
CC_D831AFB64AA3,0.07765669822692871
CC_D831BF8DF693,0.16460685729980468
CC_D83594E2EF70,0.06806069910526276
CC_D835DF64E886,0.5232517898082734
CC_D83ADD41A543,0.7413497805595398
CC_D83C2633BCA1,0.45156476497650144
CC_D83E0A8A6CED,0.041046878695487975
CC_D843C11B9EEE,0.12031048089265824
CC_D844597C2695,0.08891485184431076
CC_D8529AFAA00B,0.15211524665355683
CC_D859B3C45B82,0.040841365978121755
CC_D85BF9D11E1C,0.13635754138231276
CC_D85CE7C86842,0.7620828032493592
CC_D8645E47C05A,0.18488957583904267
CC_D865273FF242,0.184027561545372
CC_D86A4D053552,0.34148578643798827
CC_D86C0A727E85,0.39485777616500856
CC_D86E0FA2DC35,0.0383804626762867
CC_D8759AE5C68E,0.043713797256350516
CC_D87770823699,0.44493411779403685
CC_D87806249E02,0.046855039149522784
CC_D878BBF51F57,0.24678743481636048
CC_D878DCEB60DB,0.19891583621501924
CC_D879027D6F91,0.11435470283031464
CC_D87F4135D638,0.12619275897741317
CC_D881DACFF890,0.6920982122421264
CC_D8857D3B3558,0.035159255005419256
CC_D886BEB0EF53,0.03554178848862648
CC_D8870FCBDCD2,0.1629941314458847
CC_D8874E50A33E,0.11624505817890167
CC_D8882D8F31A5,0.47573207020759584
CC_D88F5A21FEA6,0.10255247354507446
CC_D8914B4D4DC2,0.21532786190509795
CC_D891F45EC7CE,0.17703430652618407
CC_D892DCCE8211,0.363008975982666
CC_D89846448FB2,0.06405787616968155
CC_D898DBDD230B,0.023069392517209054
CC_D89B7BB829EE,0.29459935426712036
CC_D8A874E53DB2,0.07644604295492172
CC_D8A90DBD390B,0.16460685133934022
CC_D8B286D870E9,0.09302373379468917
CC_D8B4E4A0C29B,0.09850980341434479
CC_D8B669B0E2C2,0.06003495156764984
CC_D8B9D70CD2C7,0.09388033151626587
CC_D8BC07EBA480,0.27143933773040774
CC_D8BCE6B90BD6,0.21322126686573029
CC_D8BDCE599EAD,0.738495123386383
CC_D8BF873D7D17,0.14012926071882248
CC_D8C7D58D2DEA,0.16299412846565248
CC_D8CD317B8622,0.3096320390701294
CC_D8CE880ED1D4,0.03306567780673504
CC_D8D49B1B7017,0.03790563531219959
CC_D8D679103945,0.17169243693351746
CC_D8D6C2E566BA,0.18418432176113128
CC_D8DD8400CFA6,0.1118573009967804
CC_D8DDC480C029,0.4065959930419922
CC_D8DE0194910A,0.11577578783035278
CC_D8DF6FFF159D,0.3745422959327698
CC_D8E0B16756C2,0.06679597049951554
CC_D8E2FE13E8BF,0.05823723152279854
CC_D8E3D41E003B,0.7407545566558837
CC_D8E767D04107,0.07549632042646408
CC_D8EB09BAAA00,0.1964302182197571
CC_D8ECA5CFEC66,0.3705084264278412
CC_D8EE946FD3FA,0.15890772491693497
CC_D8EF40B722E1,0.3373364329338074
CC_D8F59EF058D8,0.16610039174556732
CC_D8F8B5430C28,0.6091025710105896
CC_D8F9CB40401C,0.7071908712387085
CC_D8FAEF9DBD35,0.02822585143148899
CC_D8FE805FECA8,0.15436143279075623
CC_D8FEF8FAC3FA,0.3991153120994568
CC_D90468FD7B0D,0.19830531775951385
CC_D90A90B1C9B3,0.3940350353717804
CC_D90C35653B1B,0.5824145793914794
CC_D90DAE603829,0.09161652326583862
CC_D90E4DE653DA,0.1569514274597168
CC_D90F0EEFC950,0.11211981475353242
CC_D9119A09374B,0.10661520957946777
CC_D913D64B2092,0.25520761013031007
CC_D914C13BD0D5,0.13957826495170594
CC_D91B67879DBA,0.15211524665355683
CC_D91CA3DBB8C9,0.09672728478908539
CC_D91D6DE450A2,0.1624825894832611
CC_D91FD2EA0D34,0.04566753879189491
CC_D92582A6F2AE,0.04104687944054604
CC_D9283D9CD1CD,0.09787332266569138
CC_D92E4228FB8B,0.7525775313377381
CC_D931C4B20B11,0.16021828055381776
CC_D9322F47555B,0.2804685771465302
CC_D93248EC62F8,0.17507271766662597
CC_D933874DF721,0.04104687795042992
CC_D9361DB8EA11,0.14106446206569673
CC_D937FDD3BFA7,0.5183421909809113
CC_D93A4CE7460F,0.0987585112452507
CC_D93A8365A559,0.6880142688751221
CC_D93CF5192B98,0.14063969254493713
CC_D93ECB8EECED,0.15599317848682404
CC_D942B32ABA3A,0.6091025590896606
CC_D9454132539C,0.025652552396059035
CC_D945D9AC7F13,0.7110424280166626
CC_D9488AEEC569,0.15911619663238524
CC_D94B21F92B14,0.09469354897737503
CC_D94C46327CB2,0.33186074495315554
CC_D9526C70D29B,0.25390529334545137
CC_D95D8A2DF621,0.47573207020759584
CC_D95E60D5806E,0.05050167739391327
CC_D961FB1794AA,0.06884935647249221
CC_D962F5D3E256,0.21933026611804962
CC_D9661ECDC459,0.06420439779758454
CC_D96ACE835D02,0.13539598435163497
CC_D96AE7CEA168,0.49107365012168885
CC_D96AEDED5E02,0.0947597712278366
CC_D96EA783601B,0.12160581648349762
CC_D9718D1A5314,0.15211524963378906
CC_D9753BD4DA44,0.05099787525832653
CC_D975C2463C67,0.04991503730416298
CC_D97E9E7F414E,0.08433958142995834
CC_D982BA24D58E,0.25598652958869933
CC_D982E8496D2C,0.184027561545372
CC_D984A06988D6,0.05472259595990181
CC_D984B7B19057,0.10904595404863357
CC_D98699C2307A,0.7964672803878784
CC_D987307A6F2C,0.1559931755065918
CC_D98B015BBE8C,0.6812649607658386
CC_D9927EC41BAE,0.16344083547592164
CC_D992FC5AC396,0.7790727496147156
CC_D9934BD55F53,0.7502598524093628
CC_D9945C099880,0.08211330026388168
CC_D998D9D21571,0.05943721532821655
CC_D9990E69C9F5,0.126806777715683
CC_D99C1255CE42,0.2945993602275848
CC_D99D0606FF27,0.041046877205371854
CC_D99D675D2BBC,0.19724892377853392
CC_D99DFDCA0CE3,0.7730903267860413
CC_D99F456F74E4,0.2826908051967621
CC_D9A03C1EBB79,0.17584143579006195
CC_D9A050EBDFDF,0.16299412846565248
CC_D9A1129AF2AE,0.2474678099155426
CC_D9A1E3A167F1,0.045523320138454434
CC_D9A39632264A,0.30422441363334657
CC_D9A4A559869A,0.3329858958721161
CC_D9A6FE8D7CAD,0.10889136493206024
CC_D9AE1DA4131E,0.14327244758605956
CC_D9AFCDA45975,0.25710641741752627
CC_D9B06754C03D,0.49187824726104734
CC_D9B7279BB5F5,0.07196785062551499
CC_D9B75DBAA66C,0.08261017948389053
CC_D9B7BE52255C,0.023957107774913312
CC_D9BE09C06464,0.025652550905942918
CC_D9C1E75FC3F9,0.2420109987258911
CC_D9C655121E24,0.08287990540266037
CC_D9CBE08DD2D4,0.6452832102775574
CC_D9CFF63BA03B,0.1892443746328354
CC_D9D3E96EBB73,0.16227167546749116
CC_D9D54968151C,0.2284844309091568
CC_D9D56017EE01,0.07891416400671006
CC_D9D87FFBC7D6,0.11028832942247391
CC_D9D8D8846C65,0.17234691381454467
CC_D9DB8321BF1F,0.06563029661774636
CC_D9DE99B7EDB0,0.2284844309091568
CC_D9DEA86EBE5C,0.13266325145959854
CC_D9E238CA9EF8,0.1538202404975891
CC_D9E327E8F83E,0.27515880167484286
CC_D9E779F3E12A,0.11679825931787491
CC_D9EA36E0B62F,0.13487320840358735
CC_D9EE2BD4C09F,0.04566754028201103
CC_D9EEBE161760,0.16567307114601135
CC_D9F20AE4FA11,0.18402755856513978
CC_D9F27347B1CB,0.13550870716571808
CC_D9FC3352988F,0.06694248989224434
CC_DA036B31D42E,0.1624825894832611
CC_DA03F3C05DF8,0.05099787674844265
CC_DA04A01DFED3,0.06679597273468971
CC_DA0750A99F59,0.3619963526725769
CC_DA0895402C42,0.03329362571239471
CC_DA0AF5C09B73,0.3990392625331879
CC_DA0BB6DC6253,0.10901066958904267
CC_DA0CA3A4A504,0.0882419466972351
CC_DA0CCD0835D9,0.20016974806785584
CC_DA0D9D499B89,0.05750309452414513
CC_DA0E3C3E2DF2,0.053303693607449534
CC_DA15418D8D33,0.8222949385643006
CC_DA1B6B406CEE,0.15860555768013002
CC_DA1E7E21E61E,0.05442324355244636
CC_DA230FBB96ED,0.14346930086612703
CC_DA24FA2FAD45,0.10243020802736283
CC_DA25C468A7E9,0.8206703662872314
CC_DA308AAFC9FA,0.17721379697322845
CC_DA336354A61C,0.06405787616968155
CC_DA38919613DD,0.10351640284061432
CC_DA397567DCCD,0.15211524963378906
CC_DA3E4103ACAA,0.07150887474417686
CC_DA3F07A15666,0.035812058672308925
CC_DA40BF7C8A45,0.39920220375061033
CC_DA427E24F55C,0.07138310074806213
CC_DA469A21AD02,0.6452832221984863
CC_DA48090EEE65,0.8219156980514526
CC_DA4F49757BFE,0.2674686789512634
CC_DA4FB713841D,0.643566906452179
CC_DA572DEC9EEB,0.07611748725175857
CC_DA5D5C14D361,0.07859569191932678
CC_DA5E8EA4CF0C,0.09169663339853287
CC_DA60F7F5BADE,0.1924141526222229
CC_DA61D140E487,0.06405787467956543
CC_DA62856B7BBE,0.21601214706897737
CC_DA62B2294102,0.4178445518016815
CC_DA6664AB0344,0.24072336554527282
CC_DA666B011859,0.11483025252819061
CC_DA66A3A3751E,0.019184150174260138
CC_DA66E0CAB79B,0.12114854305982589
CC_DA6FE3209CFE,0.06185267791152001
CC_DA751E9E0651,0.47890433073043825
CC_DA76C8CDEACF,0.1261201873421669
CC_DA7ABF62F809,0.6026922821998596
CC_DA7C2A3067EB,0.08647038638591767
CC_DA7E95C1D00F,0.2826908051967621
CC_DA82C1D82588,0.18041459321975709
CC_DA8309F38659,0.09890003204345703
CC_DA836364059F,0.361344975233078
CC_DA8E14F3F845,0.2872437357902527
CC_DA91B198FA8D,0.10841565579175949
CC_DA931D89B29D,0.19391510486602784
CC_DA949950469F,0.14384554028511048
CC_DA9884A3EDB5,0.06456969231367111
CC_DA9A9ECC25C6,0.044693514704704285
CC_DA9AC8C518A8,0.07633530348539352
CC_DA9C31D23666,0.12725749760866165
CC_DAA50D64AB37,0.17169244289398194
CC_DAA922E1B0EC,0.16299412548542022
CC_DAA9ED474393,0.05614365562796593
CC_DAC3D6FDC20C,0.06442317143082618
CC_DAC3E996DD81,0.28994925022125245
CC_DAC75D9971A9,0.061297228932380675
CC_DACB5AE91072,0.42348740696907045
CC_DACEA802ACAE,0.060843588411808015
CC_DACF0C999923,0.14604619145393372
CC_DACFABB212DC,0.11898898482322692
CC_DAD202AEAA4C,0.3472549319267273
CC_DAD728D9879C,0.14734722971916198
CC_DAD760E77E78,0.05147569924592972
CC_DAD7CF01227E,0.07138310223817826
CC_DAD909BAD907,0.09695836305618286
CC_DADB5F68FC6F,0.11990900188684464
CC_DADBABD48123,0.5315973579883575
CC_DADC181D6EBA,0.27713524699211123
CC_DADDBA49D338,0.08096643388271332
CC_DADEC4296C7F,0.6638046622276306
CC_DAE919F9CD5E,0.3747540473937988
CC_DAE96420D560,0.10161681920289993
CC_DAEDB284DF68,0.09517807960510254
CC_DAF6491721B5,0.05405787564814091
CC_DAF709C74574,0.0758029654622078
CC_DAF8EEB8FE30,0.4421297550201416
CC_DAF926BA3010,0.16892115771770477
CC_DAF9BEBE74FA,0.14702084809541702
CC_DAFAF8D7CE0B,0.040318813920021054
CC_DAFCEB37A993,0.19242846667766572
CC_DB0174751689,0.37017956376075745
CC_DB02D2A13B2F,0.18773135244846345
CC_DB0885F62F84,0.03762158155441284
CC_DB171312A42C,0.08325908929109574
CC_DB194266EDED,0.2945993483066559
CC_DB19C8E300F0,0.08187858611345292
CC_DB1E59275D2D,0.6073216676712037
CC_DB280065CA4F,0.15421608686447144
CC_DB2AF8229B51,0.12082963436841965
CC_DB2FAA0B00F9,0.07434329241514206
CC_DB31F29705F0,0.5909256339073181
CC_DB321A664E36,0.2597738206386566
CC_DB3546E75AE6,0.10921689569950103
CC_DB356447A811,0.18976460695266723
CC_DB36E4CFBC41,0.009278846159577369
CC_DB37967A953E,0.32722052931785583
CC_DB3C797F3558,0.05872830525040627
CC_DB3E7ECE0C9D,0.21893281638622283
CC_DB40F0DDE097,0.2816881835460663
CC_DB47534272B8,0.2297120451927185
CC_DB4B9B95EEB4,0.19710394740104675
CC_DB4E052B97AC,0.10980324745178223
CC_DB4E27F735D9,0.05567387416958809
CC_DB508282E901,0.6110349178314209
CC_DB528BE48BB1,0.1270427420735359
CC_DB54001E999C,0.05726320445537567
CC_DB55186D6C8E,0.17234691977500916
CC_DB5913C59DC2,0.1902927428483963
CC_DB5D09435FCE,0.015642482787370682
CC_DB5D9EEDE96A,0.49239360690116885
CC_DB5E137EC491,0.08006270676851272
CC_DB5EA4472CAC,0.1569514274597168
CC_DB66EB0D5EEB,0.10255247503519058
CC_DB69052801D4,0.06405787542462349
CC_DB6C65AC58A4,0.11587306559085846
CC_DB7022D4F20B,0.14715038239955902
CC_DB70AF79D293,0.09850980341434479
CC_DB732975484D,0.1716924399137497
CC_DB7389D89F97,0.16299412846565248
CC_DB741F6C450E,0.7570748329162598
CC_DB748FB51F13,0.05006770044565201
CC_DB75EC24C095,0.3025801837444305
CC_DB781A357DE0,0.06129722967743874
CC_DB7E1813373A,0.28836363554000854
CC_DB7E5D89D825,0.12017769068479538
CC_DB811EDAAC28,0.29459935426712036
CC_DB81A194546A,0.7956834673881531
CC_DB83EC01413A,0.222749662399292
CC_DB86699EC029,0.04162022061645985
CC_DB88A88F61F2,0.2837213039398193
CC_DB8E3AB69DB4,0.06420439779758454
CC_DB96F3CBBC18,0.10538544803857804
CC_DB9853346E7C,0.025531720742583273
CC_DB99BED223E2,0.1035164013504982
CC_DB9BE9F4B01B,0.5674911737442017
CC_DB9C49D4C527,0.1860959857702255
CC_DBA013FA1E67,0.7407545685768128
CC_DBA33794B76E,0.5555975198745727
CC_DBA67A160F54,0.47573207020759584
CC_DBA84A23F29B,0.2921034872531891
CC_DBA9F8D7FBD0,0.11017523854970931
CC_DBAF55AECC9C,0.10900857001543045
CC_DBAF62856E6E,0.09703622460365295
CC_DBB029EEC4D3,0.0892937108874321
CC_DBB02E040D7C,0.3947589576244354
CC_DBB122A0E825,0.06099787726998329
CC_DBB2081577C7,0.1764600843191147
CC_DBB2403B6AF5,0.0751874640583992
CC_DBB8797AD01F,0.12257848381996155
CC_DBBA158A31C4,0.07280967980623246
CC_DBBC73098365,0.659132468700409
CC_DBBD523F9F73,0.09302373230457306
CC_DBC084BD54A5,0.07639458924531936
CC_DBC491F049E1,0.2500703126192093
CC_DBCA076FFA42,0.10937958508729935
CC_DBCDF66A0C4F,0.05244327560067177
CC_DBD178A66E5B,0.33446836471557617
CC_DBD1FFC21A48,0.4178445518016815
CC_DBD351B13341,0.6710923910140991
CC_DBD36983740B,0.10946448743343354
CC_DBD70E1CC761,0.1773941069841385
CC_DBD710FAAAC1,0.16395237445831298
CC_DBD817234E9F,0.6282791376113892
CC_DBD90B2F202A,0.048015962541103366
CC_DBE4042D8E18,0.025531720742583273
CC_DBE84B60FCC1,0.24172706604003907
CC_DBEAABE7BAF0,0.3933964014053345
CC_DBEB39543505,0.07043744623661041
CC_DBF10C5E2AA8,0.17993960082530974
CC_DBF70F7AB9F3,0.11402363181114197
CC_DBFF83A9795E,0.13132969588041304
CC_DC027E8B3E68,0.6413347840309143
CC_DC05375FD185,0.5833977997303009
CC_DC0A1C9E108C,0.16364860236644746
CC_DC0F03F74BCC,0.015642482414841653
CC_DC14F8B9D225,0.20110377669334412
CC_DC1610F0E38E,0.6021000742912292
CC_DC228CB3EECB,0.08939206451177598
CC_DC277C84F66A,0.16344083845615387
CC_DC295542395D,0.12394638359546661
CC_DC2C5D514BB8,0.08132751882076264
CC_DC32A00641F0,0.08311063051223755
CC_DC3423897E8B,0.10009956359863281
CC_DC350DAA5603,0.0583837516605854
CC_DC381FAED937,0.16299412846565248
CC_DC3AE13943A0,0.5624832808971405
CC_DC3D9BF33B67,0.10921131372451783
CC_DC3E2AD15C37,0.0480159617960453
CC_DC3F4106A8FE,0.1624825894832611
CC_DC41EDB0ADBD,0.23480714559555055
CC_DC425FFF857C,0.11080554127693176
CC_DC42D605616E,0.053561673313379285
CC_DC43FBCCC69A,0.019288914278149605
CC_DC46DFCFBDAD,0.8219156742095948
CC_DC4946E9DE04,0.7110424280166626
CC_DC4A786D3465,0.47890434265136717
CC_DC4D52AE0B8E,0.4679209113121033
CC_DC5ABD5B3A4F,0.4818235456943512
CC_DC5FA60DA469,0.1400422304868698
CC_DC6069F06090,0.06036940440535545
CC_DC60FEA018E6,0.1553064316511154
CC_DC6122013CEB,0.20756966769695281
CC_DC639EB455E1,0.43938104510307313
CC_DC646364090D,0.1896883487701416
CC_DC65E45B8384,0.08067146092653274
CC_DC66D13BDEDF,0.8649925947189331
CC_DC6B511FB23B,0.11279616802930832
CC_DC6BB249D201,0.07706769406795502
CC_DC6C482633B9,0.14055292457342147
CC_DC6E58F21381,0.5349581241607666
CC_DC7A25BD1F47,0.10251508504152299
CC_DC7A33783DD3,0.1285761132836342
CC_DC7D93FEFDD1,0.06099787726998329
CC_DC85569D2145,0.18382642567157745
CC_DC87C2BD05BB,0.0642043948173523
CC_DC888B4BE014,0.0987156793475151
CC_DC8B9B3C9C54,0.4178445637226105
CC_DC8C3E2B80DE,0.1067745566368103
CC_DC8E2CD505B3,0.080960975587368
CC_DC8EF53206BD,0.07885558158159256
CC_DC92D7EA50F0,0.05099787674844265
CC_DC93C55F6BC0,0.14667170643806457
CC_DC98CA1A4B96,0.3405274093151093
CC_DC99538F16CB,0.2184021383523941
CC_DC9D6028EAD6,0.06129722967743874
CC_DC9D84366AD7,0.6940383791923523
CC_DCA0D62B989F,0.17987945079803466
CC_DCA607649830,0.06679596975445748
CC_DCA7ADA16CC2,0.2398282617330551
CC_DCA8343A158D,0.07859363555908203
CC_DCA8FFAE6CDE,0.21717806160449982
CC_DCAEC4DEE0FF,0.0092788465321064
CC_DCAF2FEBA684,0.13539598435163497
CC_DCB0507CA510,0.3107654809951782
CC_DCB24419E157,0.17138866782188417
CC_DCBEA6B1A50B,0.05361656919121742
CC_DCBFDABE8696,0.1342967927455902
CC_DCC00591B5C0,0.13778793215751647
CC_DCC678B2DFB2,0.0594372108578682
CC_DCC76DD2645E,0.15211524665355683
CC_DCC7F60C5B5F,0.07427199631929397
CC_DCCAA25A8475,0.14219407141208648
CC_DCCB0D2605FE,0.6032670021057129
CC_DCD225A46B83,0.1586046576499939
CC_DCD2BB868BFD,0.187726753950119
CC_DCD6E9A41D1D,0.0379056341946125
CC_DCD8A65038D5,0.21949081122875214
CC_DCE260ECF456,0.09607634842395782
CC_DCE86D38263C,0.05050167590379715
CC_DCE9572B02E6,0.296591454744339
CC_DCEBD70B9469,0.5490364670753479
CC_DCEDFE5CFD9A,0.1431429162621498
CC_DCEEA6D94B6D,0.06563029661774636
CC_DCF8258D01D4,0.5477878332138062
CC_DD0473B1DDAD,0.1133955329656601
CC_DD0796D73A28,0.1624825894832611
CC_DD09B7D190B5,0.12404504120349884
CC_DD0B370AA195,0.14261773973703384
CC_DD0BE6C0B0B8,0.061297228932380675
CC_DD170CB70F7C,0.2766100138425827
CC_DD1D396CBC81,0.0904942125082016
CC_DD2010A0DFD4,0.01686505451798439
CC_DD214D0D8F73,0.1833730846643448
CC_DD2226E11DEC,0.044693514704704285
CC_DD264BA70FD6,0.0302084568887949
CC_DD26AE101046,0.1657020002603531
CC_DD2747CFCA1F,0.11960202753543854
CC_DD27AA231F94,0.11954738646745681
CC_DD30091281E5,0.0667959675192833
CC_DD30667C5EB5,0.5315973639488221
CC_DD344A519B52,0.0686085894703865
CC_DD378D9ABB1E,0.13752334117889403
CC_DD401FF9D632,0.16364860236644746
CC_DD4705C23936,0.4667433023452759
CC_DD470E62939D,0.3501524567604065
CC_DD4A9F0F7664,0.36562018394470214
CC_DD4C20E3C024,0.04469351395964623
CC_DD50CF72BF65,0.6812649726867676
CC_DD50E190D34F,0.03895330205559731
CC_DD532C622568,0.15650471448898315
CC_DD549CFB1855,0.7519822835922241
CC_DD57688DF0C3,0.04487471953034401
CC_DD5A028D5099,0.021184150129556656
CC_DD5A0DD291AB,0.08560430705547332
CC_DD5A24B4F5C6,0.1047357201576233
CC_DD5CA9EC574F,0.4789043366909027
CC_DD5DFBC2338B,0.5845100045204162
CC_DD5E578831F5,0.05050167515873909
CC_DD6264A01733,0.09044763147830963
CC_DD655358B37C,0.2155514419078827
CC_DD68C4E7F50F,0.08006270974874496
CC_DD6A6A8F0C38,0.784115195274353
CC_DD6D2F87FEE9,0.2967738747596741
CC_DD6E2151ABDE,0.19864137470722198
CC_DD71023F3208,0.6246681094169617
CC_DD72ABBA8454,0.06817395836114884
CC_DD7C6057FAC3,0.10990551561117172
CC_DD7C74420340,0.1322715699672699
CC_DD7CB3085E01,0.025652551278471946
CC_DD7E6E7406E9,0.0967272862792015
CC_DD7F23AF9FCE,0.10351640433073044
CC_DD8592353C9B,0.5727857351303101
CC_DD86C40C567E,0.05166259855031967
CC_DD877659E2EA,0.10251508355140686
CC_DD878356DD8C,0.13392480015754699
CC_DD8936EFFF6F,0.8389056324958801
CC_DD8A105EBD00,0.1942284345626831
CC_DD8FFE50D15A,0.4542990684509277
CC_DD90D7070424,0.2875830322504044
CC_DD936452095F,0.7675044655799865
CC_DD958AB25545,0.2580332815647125
CC_DD95ECE66D81,0.2638812690973282
CC_DD98E612EDE7,0.15211524665355683
CC_DD9A6DA9E33E,0.16460685133934022
CC_DD9AA52D676A,0.16344083845615387
CC_DD9BEB03EC0C,0.05726320520043373
CC_DD9D74BD2E07,0.06311460062861443
CC_DD9EC719B677,0.16395238041877747
CC_DDA2B36E5162,0.1055610403418541
CC_DDA34EC134E5,0.027955581620335578
CC_DDA3C8719F11,0.1586046576499939
CC_DDA86B178B93,0.1723469078540802
CC_DDAB629C4494,0.19192437529563905
CC_DDAC65170D72,0.08744159489870071
CC_DDAFEAC05706,0.14314291179180144
CC_DDB0996657E0,0.14732595682144164
CC_DDB0E3799A25,0.07731991708278656
CC_DDB15585951B,0.08006270676851272
CC_DDB438F6A4E0,0.06442317068576812
CC_DDB4E2800DC3,0.04539727009832859
CC_DDB7A56F2956,0.14715038239955902
CC_DDB7F2F4453D,0.7177991747856141
CC_DDBA915748C0,0.3399678409099579
CC_DDBC63A115B9,0.14327245056629181
CC_DDC48C1205CE,0.26197885870933535
CC_DDC657F294FA,0.04104687795042992
CC_DDD0F59501CC,0.21218274235725404
CC_DDD1A6AD1230,0.10937958508729935
CC_DDD41934730E,0.8219156980514526
CC_DDD5B1A62190,0.3207090973854065
CC_DDD61B172FFF,0.11679825633764267
CC_DDD62BB41A28,0.16395238041877747
CC_DDD66C64EB82,0.40584121346473695
CC_DDD9A64F74C2,0.14762995541095733
CC_DDDBBCFF3D06,0.07622289806604385
CC_DDE5211A7FE3,0.0667959712445736
CC_DDE8AE0F9BA7,0.14398084282875062
CC_DDE8DEACAC1E,0.1716924399137497
CC_DDEA0C915DC7,0.18650229573249816
CC_DDEA97C11085,0.10811029970645905
CC_DDED3962D79C,0.12549967169761658
CC_DDF2FD124B4B,0.02097581624984741
CC_DDF373A9025D,0.6862941145896911
CC_DDF53F58D4AE,0.22011795938014983
CC_DDF677B937DB,0.15262678563594817
CC_DDF7ADE283CB,0.08954936563968659
CC_DDFC09E969B9,0.17810776233673095
CC_DDFECE91C0E1,0.09213015884160995
CC_DE0116B4B77A,0.17234691083431244
CC_DE01465CF2A5,0.14475723952054978
CC_DE021F992913,0.07206292003393173
CC_DE0C5AE6C4C2,0.1723469078540802
CC_DE0FA1D681F7,0.13958860337734222
CC_DE155CE81B7D,0.505509752035141
CC_DE15FC5C3C39,0.15599317848682404
CC_DE178814A91C,0.16395237743854524
CC_DE178E9DFDEE,0.17138866186141968
CC_DE18C03C57BF,0.04104687795042992
CC_DE1A7D54AE9D,0.14087930470705032
CC_DE1AC08B1B21,0.11468347162008286
CC_DE1ECC3E3FA6,0.058822565525770185
CC_DE1FF5C4DD4D,0.08006270825862885
CC_DE230F93BE79,0.16299412846565248
CC_DE270F3A836F,0.2059045135974884
CC_DE29A7B3DE44,0.1594316452741623
CC_DE2AC7DE1840,0.04469351395964623
CC_DE2E8A168C64,0.17073419392108918
CC_DE30E1CEA4F4,0.32866976857185365
CC_DE30E73B67B9,0.05882256478071213
CC_DE31BA4C60FA,0.33338414430618285
CC_DE38B43177E0,0.7463577270507813
CC_DE38C1FD8931,0.1544092744588852
CC_DE39B6C45807,0.21132246553897857
CC_DE3DB57C3690,0.10334813296794891
CC_DE3E3EE56158,0.14327245056629181
CC_DE4150A3931D,0.07533398568630219
CC_DE4350DEE95B,0.012612179666757584
CC_DE4485E3824F,0.05472259372472763
CC_DE48A30D1A71,0.08491065427660942
CC_DE4981A2E229,0.37485286593437195
CC_DE4A852DDDE2,0.5327782928943634
CC_DE4B771F128F,0.16733265817165374
CC_DE4DC4E32636,0.046855039149522784
CC_DE50ADA853F1,0.10234681367874146
CC_DE5175ACCF8D,0.8389056324958801
CC_DE51C5652ABF,0.8036804080009461
CC_DE53B93A9831,0.040776607021689414
CC_DE53C32AE57B,0.17169244289398194
CC_DE54E672C371,0.10501983612775803
CC_DE568E56B0F0,0.012612180039286613
CC_DE59C0EA0A92,0.11038187742233277
CC_DE5AAD402639,0.1347754716873169
CC_DE5DCE778244,0.6841720819473267
CC_DE608FF86370,0.3190479576587677
CC_DE60B79B7778,0.24011219441890716
CC_DE65D3E13013,0.49107365012168885
CC_DE71361EFA0F,0.7407545566558837
CC_DE73B4D7A3BF,0.48009021282196046
CC_DE73E885D320,0.04442324228584767
CC_DE747E315B86,0.1048131987452507
CC_DE74FE492F5C,0.7031837463378906
CC_DE75D9C16CA9,0.00927884578704834
CC_DE7A43988757,0.169654044508934
CC_DE7B02356DD3,0.2160121440887451
CC_DE8266E59DE7,0.12540707141160964
CC_DE86385D4847,0.22737489342689515
CC_DE86A36BEC43,0.05245564579963684
CC_DE8C3A08F8F0,0.04763536565005779
CC_DE9289CDF2C8,0.22585273385047913
CC_DE9C23977973,0.06573783978819847
CC_DE9D2C8683FA,0.16248259246349334
CC_DE9D3EA56548,0.17839238941669464
CC_DE9F3689ED58,0.6860862016677857
CC_DEA1566C3DAD,0.058237229287624356
CC_DEA314653B33,0.7339978098869324
CC_DEA4EADF4791,0.020198387280106544
CC_DEA683EE5447,0.07617144435644149
CC_DEAB62BCA6C0,0.06076866500079632
CC_DEB29FDA5FA1,0.18487245440483094
CC_DEB4E3A5E705,0.07913818955421448
CC_DEB6FA392310,0.47890434265136717
CC_DEB7AEE91E40,0.06573783978819847
CC_DEBE53587422,0.13508504033088684
CC_DEBEA5DE32DF,0.8389056563377381
CC_DEC5AD790E54,0.11001255363225937
CC_DEC5E2F68D6A,0.21950339674949645
CC_DEC66F139CF3,0.10351640284061432
CC_DEC8ABE16F7E,0.29950413703918455
CC_DECB23187471,0.009278846159577369
CC_DECD169609E8,0.5596786916255951
CC_DECEC71C727B,0.7458471298217774
CC_DECF12601A14,0.1402587965130806
CC_DED2750FC4F4,0.45461915135383607
CC_DED50EBCAB9D,0.1401822954416275
CC_DED8103EE2B1,0.32549822330474854
CC_DED9D6364C01,0.18069414496421815
CC_DEDAFDB152A9,0.16395238041877747
CC_DEE2D726EC80,0.11292626261711121
CC_DEE6DAA06603,0.08688256591558456
CC_DEE8F5BBAD1A,0.03047872520983219
CC_DEF2AB202ADB,0.5596786797046661
CC_DEF6ED18E300,0.21325437724590302
CC_DEF7E37A28C8,0.15746296644210817
CC_DEF8624E80FF,0.061297230422496796
CC_DEF8A128000A,0.15211524963378906
CC_DEFC14B9D747,0.1463725745677948
CC_DEFDED306916,0.12352271676063538
CC_DEFF4B3F6502,0.3247070610523224
CC_DF020004B881,0.3040120542049408
CC_DF0A0E8705F2,0.32574758529663084
CC_DF0D2AB34461,0.22502464354038237
CC_DF0D92BF4383,0.07428919672966003
CC_DF0F3BD504AB,0.18434647023677825
CC_DF18E2866296,0.377928364276886
CC_DF1A2D632711,0.07123658210039138
CC_DF1AFC31E0A9,0.17721379697322845
CC_DF1B0F0AECDD,0.17234691083431244
CC_DF1B52E05171,0.1188862904906273
CC_DF1C8F2534CE,0.16733265817165374
CC_DF1CDD8E94FF,0.19334817826747894
CC_DF1F0C3A1A28,0.07378773093223571
CC_DF1F2A0C6749,0.32148103713989257
CC_DF22018BE819,0.1771495133638382
CC_DF226168E19A,0.16204402446746827
CC_DF23FBF35FFB,0.07443571835756302
CC_DF27B1151475,0.6591324806213379
CC_DF2FC8D911E5,0.532778286933899
CC_DF3177285D36,0.17637984156608583
CC_DF3644ABB48B,0.47890434265136717
CC_DF3EBB56E7A7,0.12341962456703186
CC_DF42CA6769A7,0.09213015884160995
CC_DF450916B7A5,0.09286104291677474
CC_DF4B6D90D841,0.07648278325796128
CC_DF5866596DF3,0.10167156159877777
CC_DF5FD024CC9E,0.2907402038574219
CC_DF60032550B9,0.16775514483451842
CC_DF61AB5D1DD8,0.2839882344007492
CC_DF643E3ECE2D,0.7570748448371887
CC_DF64638289A2,0.12733203321695327
CC_DF6B30A1CA19,0.6841720700263977
CC_DF6D2CFA7111,0.5860256314277649
CC_DF6F8B7F2A77,0.1760067492723465
CC_DF72F93B3981,0.05823723077774048
CC_DF7598215627,0.0582372322678566
CC_DF79BECE2801,0.09213016033172608
CC_DF7F74BF30D2,0.06405787467956543
CC_DF80B75F6AB1,0.1326707512140274
CC_DF840845D217,0.06572454124689102
CC_DF8BC385B15C,0.15599317848682404
CC_DF8BF8EB664C,0.16344083547592164
CC_DF9141FDF38B,0.15434817969799042
CC_DF9895952AB5,0.12444791197776794
CC_DF99662BAD44,0.7620828032493592
CC_DFA421C51A61,0.30249409675598143
CC_DFA575B71665,0.12234099209308624
CC_DFA62A37397F,0.14229779243469237
CC_DFA63E92D478,0.06144375056028366
CC_DFAD15C6A8C8,0.15436143428087234
CC_DFAE2F290D00,0.27441383600234986
CC_DFAFC7F8A535,0.7786935091018676
CC_DFB30BA03A2A,0.11080554127693176
CC_DFB6A351102C,0.15650472044944763
CC_DFC27ECF8E81,0.3705084264278412
CC_DFC7FEEAAC57,0.1636486053466797
CC_DFC8B8BF7B28,0.2852025032043457
CC_DFC97C4A698B,0.14849063456058503
CC_DFCE24623E91,0.32153183221817017
CC_DFCF17899643,0.15211524665355683
CC_DFCF2FBC9DD1,0.06442317143082618
CC_DFD1FD5775DA,0.47890434265136717
CC_DFD35F46F8DD,0.04469351395964623
CC_DFD4CC58B15B,0.28724374175071715
CC_DFDA1AAD92B7,0.31362666487693786
CC_DFDCBBEE2CE4,0.24190089106559753
CC_DFE216BC75E3,0.1575808435678482
CC_DFE4DD5ABF2F,0.16663131713867188
CC_DFE612433F6B,0.14327245056629181
CC_DFE698E9FD81,0.21793002784252166
CC_DFEB23F3A318,0.13635753691196442
CC_DFEECBFC923F,0.08261018097400666
CC_DFF26DB00B1F,0.1804145961999893
CC_DFF2859DD407,0.16795491576194763
CC_DFF9E2090E96,0.06405787616968155
CC_DFFAE087D62E,0.034308206662535666
CC_DFFEAB670BD8,0.14205667972564698
CC_E0014667464B,0.06405787542462349
CC_E008B14F52A4,0.012309149093925952
CC_E00986CD7C4A,0.0744248941540718
CC_E009DCACFCD3,0.07732461243867875
CC_E00B8B30BD5A,0.37884624004364015
CC_E00F2A20B692,0.16395237743854524
CC_E012544971F9,0.09044763296842576
CC_E014A349C264,0.12796013355255126
CC_E014C86052D2,0.5055097460746765
CC_E01FF409E55F,0.07739590853452682
CC_E0211863F5A1,0.08859462440013885
CC_E0226CFA9A84,0.06420439556241035
CC_E0240639BDDF,0.20558769702911378
CC_E025CCC69AFF,0.22508427500724792
CC_E02B3D7881CA,0.2326384425163269
CC_E02C2CEF5997,0.03098588399589062
CC_E02C662033F5,0.6940384030342102
CC_E02E382211BC,0.07191639840602874
CC_E02F29C76C9F,0.09386705309152603
CC_E0305B030C03,0.17542158663272858
CC_E034CAEAD3B8,0.16248259246349334
CC_E03545F31E37,0.05263662338256836
CC_E03791395710,0.6257692217826843
CC_E038CF038494,0.6812649607658386
CC_E03BF06D8F94,0.22918584942817688
CC_E0416A530F09,0.10218789502978325
CC_E0464446E2D7,0.1174529030919075
CC_E048508E6B83,0.22487334311008453
CC_E049E4D867C8,0.07644604295492172
CC_E049F4C94A8B,0.16730386912822723
CC_E04BDB95681D,0.2336777091026306
CC_E04C217338BE,0.0800580084323883
CC_E04D96317FA7,0.16666024625301362
CC_E04E382B856E,0.8255587100982666
CC_E054BCE1468B,0.10145412534475326
CC_E05639FC5803,0.16248259246349334
CC_E05AAEAE5680,0.7109696745872498
CC_E05AE59F52FE,0.1634408414363861
CC_E05DB6E3F41B,0.5814142465591431
CC_E05EFDC41DD5,0.25179755687713623
CC_E060BF94DE5B,0.16666025221347808
CC_E0670050785F,0.05245564728975296
CC_E068F5CF14C0,0.06844887658953666
CC_E06BC299F614,0.24798907339572906
CC_E06D5E0BACFE,0.21134327054023744
CC_E0713EA26101,0.1031474843621254
CC_E07237A34828,0.6951089262962341
CC_E0730A97CECC,0.14346930086612703
CC_E073E8909575,0.14078932404518127
CC_E0753942411E,0.07215801477432252
CC_E079E28F06A1,0.13048463612794875
CC_E07A42AB5D9E,0.09707766622304917
CC_E07A52E2554F,0.14220008105039597
CC_E07B6FB6AFF1,0.13476613610982896
CC_E07BBDFF9E09,0.14734723269939423
CC_E07F52A9F8E0,0.048015961050987245
CC_E0807F7E8008,0.12638319581747054
CC_E0842F0A7FD6,0.15071692168712617
CC_E085EE56B805,0.04566754102706909
CC_E0884676DD40,0.11901159435510636
CC_E08AC7D8506D,0.32103773951530457
CC_E08B30029BC6,0.1174529030919075
CC_E08D7A5B8830,0.702693510055542
CC_E08E1275DC8E,0.14123405814170836
CC_E08E25A58155,0.7407545685768128
CC_E0934104B880,0.7155397534370422
CC_E09613F29FD0,0.17234691679477693
CC_E097E82F433F,0.0092788465321064
CC_E09A0A80E542,0.3962225794792175
CC_E09B31DE56BB,0.7570748567581177
CC_E09EB9A20F77,0.15027340054512023
CC_E09FD9089459,0.6098484218120575
CC_E0A4511CF406,0.06156148388981819
CC_E0A58A6367B4,0.19305436313152313
CC_E0A907B7FCAA,0.08402823954820633
CC_E0AC6E0C5FD8,0.10183317810297013
CC_E0B14A42C8E1,0.16788197457790374
CC_E0B24419A872,0.6182578444480896
CC_E0B39757CBDF,0.28220335841178895
CC_E0B50F6BC3BC,0.14952525198459626
CC_E0B5EF598248,0.14702084809541702
CC_E0B6FD2B34DB,0.1239463821053505
CC_E0B778FC4B49,0.37773326635360716
CC_E0B96E1705CD,0.20589811205863953
CC_E0B9F7EBE958,0.16299412846565248
CC_E0BA62F9FD6F,0.12435077726840973
CC_E0BA6E36FE5A,0.061297227442264554
CC_E0BB6AD7D546,0.15860465466976165
CC_E0BCAC8C6E71,0.09501539170742035
CC_E0BE0A9CBBD3,0.08998500853776932
CC_E0BFAB2CD756,0.08383260518312455
CC_E0BFE715F38A,0.16299412846565248
CC_E0C05789E7D8,0.7015909194946289
CC_E0CA7757249B,0.186385115981102
CC_E0D04BA3EE94,0.13270118236541747
CC_E0D09DD42E08,0.17234691679477693
CC_E0D0C32A97D2,0.10858490467071533
CC_E0DFE84211DA,0.16364860236644746
CC_E0E20855CCC2,0.07456396445631981
CC_E0E408E4A108,0.12857611775398253
CC_E0E5C75D2EE9,0.05472259595990181
CC_E0EA5A0D7380,0.1348732069134712
CC_E0EE1E9794B7,0.07155110090970992
CC_E0EF649D6E7B,0.11867222189903259
CC_E0F22FFC0A0B,0.7324056506156922
CC_E0F3ED7061D2,0.8882069230079651
CC_E0F4168EFD1B,0.5183421969413757
CC_E0F7921AD0B3,0.0874462902545929
CC_E0FABC220981,0.06588435620069504
CC_E0FC530F5819,0.7620827913284302
CC_E0FE795DCBAB,0.06032320335507393
CC_E0FE9B064DB0,0.17776720225811005
CC_E0FF808AD412,0.6449458122253418
CC_E1038741DF84,0.14588482975959777
CC_E10397A85874,0.08726604431867599
CC_E10617C99F30,0.14524375647306442
CC_E109EE6A33B5,0.025833630189299583
CC_E10EF1DA6840,0.02262224778532982
CC_E11575CBC9B6,0.07639458924531936
CC_E11B3460C7EA,0.5191549777984619
CC_E11CCE11D7B9,0.20675361156463623
CC_E11E90E8D932,0.10255247503519058
CC_E12096B5A4E8,0.33069939613342286
CC_E124F88913D4,0.18309353291988373
CC_E1269A014F86,0.12838379442691802
CC_E12B30D5FFD2,0.5327782928943634
CC_E12C6D9828FD,0.16395237445831298
CC_E12CD127A155,0.16395238041877747
CC_E12DE05F2AEC,0.1143594279885292
CC_E12F90C2AFAB,0.18114748895168303
CC_E133CCC2AFE2,0.15262678563594817
CC_E134FD05C1D1,0.4378751039505005
CC_E13A9ECC47B9,0.11410792022943497
CC_E13D76A272A3,0.20028654038906096
CC_E13E943AEBDA,0.1559931755065918
CC_E1426771C207,0.1833730846643448
CC_E145A187E849,0.45311320424079893
CC_E1480352EEF2,0.11998276039958
CC_E1488DF1824D,0.20215114653110505
CC_E14BBBFA9055,0.17806642651557922
CC_E14CECBD2810,0.18402756452560426
CC_E14FB50FA19E,0.11888628900051117
CC_E150935A453F,0.09050660729408264
CC_E1562A2BA784,0.2646531850099564
CC_E158E15D7125,0.07555490583181382
CC_E159311CB9E3,0.2888293623924255
CC_E15B0973182B,0.3289066433906555
CC_E15B760716F4,0.06308384910225869
CC_E15C18C42308,0.17649590969085693
CC_E15FE2E73C9F,0.09893555492162705
CC_E16CA51FBC53,0.2710935175418854
CC_E16D44C8BDD5,0.2712368667125702
CC_E170591FAAA4,0.06463424041867256
CC_E1720795D57F,0.17234691679477693
CC_E175121718FE,0.6091025829315185
CC_E1761202E394,0.0480159617960453
CC_E17E9FDB30FA,0.08999812602996826
CC_E180BC6E262B,0.2284844309091568
CC_E1816BEDFACD,0.6842231512069702
CC_E182647B1053,0.1411939963698387
CC_E186CD8C2D4B,0.55760959982872
CC_E18AC3600E06,0.30249410271644595
CC_E1904731953B,0.2305056244134903
CC_E190BF966024,0.19250595867633818
CC_E191CED7F0FB,0.17073419094085693
CC_E199F57F6406,0.09616661071777344
CC_E1A909AF924E,0.18309352695941924
CC_E1ABD1490378,0.1370750457048416
CC_E1ACDE23527D,0.16395237743854524
CC_E1AE2F27C9A3,0.7620828032493592
CC_E1B1F8EEC0C8,0.052602166682481764
CC_E1B5179676DE,0.17001160085201264
CC_E1B9E8934453,0.21986745595932006
CC_E1BBB7DF75E3,0.09690619558095932
CC_E1BE0D583C62,0.08006270527839661
CC_E1C17F96F4DB,0.2905855417251587
CC_E1C32B0EF917,0.34034990668296816
CC_E1C32DEDB9D2,0.26143197119235995
CC_E1C3A7378069,0.08454370200634002
CC_E1C67A5D7019,0.06442317068576812
CC_E1C8F841DA22,0.19272708594799043
CC_E1C972A64D63,0.2703977316617966
CC_E1CAB2D98D0F,0.7457625150680542
CC_E1CB079746AA,0.2357005774974823
CC_E1CDB29AEE5F,0.28092182278633115
CC_E1CF3EBD220A,0.07312352508306504
CC_E1CFCA39D594,0.7575854539871216
CC_E1D4360A629C,0.07093227356672287
CC_E1D57F784810,0.1244217336177826
CC_E1D8CF491435,0.15599317848682404
CC_E1DD1A408C4F,0.49093479514122007
CC_E1DD96114993,0.37261645793914794
CC_E1E2EC897F44,0.15510958135128022
CC_E1E3869F1C11,0.16299412846565248
CC_E1E5024D2EE3,0.1492086634039879
CC_E1E56B3BD0E9,0.6091025590896606
CC_E1E5A9D1F306,0.14327245056629181
CC_E1E72217A429,0.11297187209129333
CC_E1E767B5BB50,0.14055292308330536
CC_E1EDC60F3B8E,0.05044064000248909
CC_E1EDE017F568,0.16460685133934022
CC_E1F1D70522CC,0.2334630787372589
CC_E1F4375CB415,0.027955580875277518
CC_E1F971707291,0.1716924399137497
CC_E1FE2B0A3FB0,0.1267072558403015
CC_E1FECB29F559,0.40664297342300415
CC_E1FF46B4D7A4,0.1559931755065918
CC_E2008A9ABECD,0.09517807811498642
CC_E202A1652A3A,0.4421946942806244
CC_E203EE196FE6,0.18149217665195466
CC_E204D7083794,0.2412320852279663
CC_E206E1FAC10B,0.37485830783843993
CC_E2084A230B88,0.40584120750427244
CC_E20BD1CDE7ED,0.5401979088783264
CC_E20EDDA9A6A4,0.06862426027655602
CC_E210086CD940,0.16248259246349334
CC_E2126171969F,0.4800902187824249
CC_E21401CDF1D5,0.16299412846565248
CC_E21E69F7123F,0.09687200635671615
CC_E220B5B5FAE7,0.18955985009670256
CC_E223AF828F1C,0.012612179666757584
CC_E223FC003892,0.06311460137367249
CC_E228573DB4AB,0.17731620371341705
CC_E2305AF128B1,0.01918414980173111
CC_E23186620BF1,0.19460331797599792
CC_E2325CA5103D,0.22761731445789338
CC_E2326DE99EC4,0.8531761407852173
CC_E236F644BE19,0.17118090391159058
CC_E23784CE96BD,0.22698308229446412
CC_E2384EEDE4C2,0.1848895728588104
CC_E238E50B0622,0.1431429162621498
CC_E239B7B71C0D,0.7620827794075012
CC_E23DF4C634A6,0.5055097341537476
CC_E23E406EB0FD,0.1707341879606247
CC_E23EC6ADC6AC,0.06586361229419709
CC_E23F6C58E76F,0.15599317848682404
CC_E2484CA4E5F0,0.09134669750928878
CC_E2493EBF2DF2,0.1555274486541748
CC_E24FC1F7A8C6,0.12537013441324235
CC_E25207C0B055,0.8036803960800171
CC_E2523F13FDFC,0.1740676075220108
CC_E254A229528C,0.14910158962011338
CC_E257E099AF1E,0.2479890763759613
CC_E2593409EA04,0.260721755027771
CC_E25EE5180AFB,0.07664689421653748
CC_E261F3EBDFB7,0.13405944108963014
CC_E2633F084581,0.06588435918092728
CC_E264F8BB8E72,0.11544940173625946
CC_E269F114203B,0.14087930768728257
CC_E26A679FA03B,0.7669830322265625
CC_E26DBE4CA133,0.44212976694107053
CC_E26EA4404C72,0.7758419871330261
CC_E26FBDF5BFBF,0.1084156572818756
CC_E27440C0E6A8,0.0884779378771782
CC_E27447633409,0.1760067492723465
CC_E27A90AF08A6,0.10640318393707275
CC_E27BEE8CCBF2,0.6261066198348999
CC_E27C5845031C,0.2921034932136536
CC_E27E298F1478,0.49255105257034304
CC_E280593EA297,0.4789043486118317
CC_E282B8BE9902,0.08744628876447677
CC_E284E681BC68,0.08949289470911026
CC_E286528923A1,0.1615079313516617
CC_E286EE4AF086,0.18337308168411254
CC_E28CCF1A102F,0.30358530580997467
CC_E28E8AF792C6,0.2945993602275848
CC_E290F8369D1D,0.7570748448371887
CC_E2934918E22E,0.09279720187187195
CC_E2957ED0D53C,0.1406824544072151
CC_E2964A30652B,0.08187858760356903
CC_E298DCC0448C,0.13707309812307358
CC_E29A601CE4BC,0.1534031882882118
CC_E29E02E0B058,0.025652551092207432
CC_E2A2F39983BE,0.20496054589748383
CC_E2A8851810B0,0.03944488801062107
CC_E2A9A918B783,0.7110424399375915
CC_E2AA32DCE49E,0.22698308229446412
CC_E2AD2AF05EC2,0.03554178811609745
CC_E2B1D19C96D4,0.12579380422830583
CC_E2B83893D6C7,0.0756053775548935
CC_E2B88447F84D,0.11198683977127075
CC_E2BA938E0108,0.05516962744295597
CC_E2C5CC1CB6E3,0.0612972266972065
CC_E2C83D649394,0.05166259929537773
CC_E2C859523D8D,0.23362786173820496
CC_E2C8D9D323C7,0.6472155809402466
CC_E2CA1556E4F1,0.10314748287200928
CC_E2CA42EBEBA9,0.6649954915046692
CC_E2CB0C18E8FB,0.03536203131079674
CC_E2CC5AF0528B,0.07191639840602874
CC_E2CEB6116245,0.4058412194252014
CC_E2CEF6E7A70D,0.14953504800796508
CC_E2D4BA776D05,0.41914296746253965
CC_E2D5B9F55DCA,0.16395237743854524
CC_E2D69C4F3E7F,0.10607493966817856
CC_E2D6BC2B1BFD,0.07321139127016067
CC_E2DA0B239920,0.4789043366909027
CC_E2DD7242472C,0.7508550882339478
CC_E2DDD815B031,0.13887257128953934
CC_E2DF5177A0E5,0.5853145718574524
CC_E2E8B6E6DCC1,0.15479489266872407
CC_E2ED8CB68D13,0.1900481402873993
CC_E2F9103BB6E0,0.12458198368549347
CC_E30249EBD2C8,0.1602182775735855
CC_E3068761F8E4,0.3395047187805176
CC_E30734169FB3,0.20037088692188262
CC_E30832DAF05A,0.30401204228401185
CC_E30D2157F495,0.6261066198348999
CC_E30E4C77A3E9,0.17234691083431244
CC_E31028EC2792,0.11822335720062256
CC_E315692BE08D,0.20589861869812012
CC_E3186CD9857C,0.7339978098869324
CC_E31D60E8DB11,0.44168874621391296
CC_E3238DA22FE2,0.1843780368566513
CC_E329957940BD,0.13864406645298005
CC_E32D9F5EA3A0,0.17234691381454467
CC_E32E2887C610,0.10958622246980668
CC_E32E67B9D820,0.09887872487306595
CC_E339CD2AFD04,0.12057089209556579
CC_E33BF06FBAC0,0.05965486243367195
CC_E3451F83DC89,0.6088517189025879
CC_E34BA2A08E1C,0.4109151899814606
CC_E34BDCD50D0C,0.14511576890945435
CC_E34CD180654B,0.21374973356723787
CC_E3518E1ED3D7,0.7581210255622863
CC_E35223B9B39D,0.09130766689777374
CC_E355ACD70489,0.14952524602413178
CC_E355CDE49B4F,0.6170221447944642
CC_E3581B0344C9,0.05361656919121742
CC_E35994DB17F6,0.2559865236282349
CC_E3626398F431,0.09693294763565063
CC_E3638AC5AA62,0.39920220971107484
CC_E365DC687434,0.7300599813461304
CC_E3731ADE9CFE,0.08859462440013885
CC_E3733F8A6A20,0.18694838881492615
CC_E3748C4E4E35,0.12418841123580933
CC_E37738A9B59A,0.31267871260643004
CC_E37774387656,0.22025499641895294
CC_E37A73808FD1,0.15211524367332457
CC_E37BA37C2473,0.19179306030273438
CC_E38068898C84,0.15169158279895784
CC_E38092E7D68F,0.21003210544586182
CC_E38512C880E9,0.06573783978819847
CC_E3886E8800EA,0.12030722200870514
CC_E389BCE2ABED,0.19004814326763153
CC_E38B9531CD89,0.10431205779314041
CC_E38C2861F557,0.07639459073543549
CC_E38DEAFC0B96,0.03020845502614975
CC_E3900E2633EC,0.16299412846565248
CC_E3915B9EF937,0.06879045590758323
CC_E3916F1B1620,0.06824329495429993
CC_E3931BAFE8D4,0.10580005496740341
CC_E39341C3632C,0.5756704628467559
CC_E393B0450882,0.13506959974765778
CC_E3950B375AA7,0.5801900863647461
CC_E3982040232F,0.28046858310699463
CC_E398D7602F35,0.7784775137901306
CC_E39AD1EF1232,0.10251508355140686
CC_E39D2889F88A,0.24037872552871703
CC_E3A13AD2AB11,0.5043288052082062
CC_E3A22A6794F6,0.08006270676851272
CC_E3A3C37D0121,0.6073216438293457
CC_E3A7CE0A89F7,0.18998512029647827
CC_E3A8125ACD26,0.033079461008310315
CC_E3A83C61ED6F,0.18694839179515838
CC_E3A98A117270,0.06977426111698151
CC_E3ABD9C7C7EF,0.3976093828678131
CC_E3AC1C06DC21,0.15860466063022613
CC_E3AE51FEFB4F,0.17073419392108918
CC_E3AF609E6870,0.5464235186576843
CC_E3B43931EC27,0.12743495553731918
CC_E3B54914410B,0.0887430876493454
CC_E3B5EAD5DF2C,0.5477878451347351
CC_E3B653A99722,0.13133949637413025
CC_E3B95AF06F16,0.1170879676938057
CC_E3BE2369130B,0.5468380391597748
CC_E3C0455949F2,0.0657245397567749
CC_E3C26C52B0D0,0.17073419392108918
CC_E3C96E2F9D8E,0.18414992690086365
CC_E3CA93972E23,0.16299412846565248
CC_E3CBC5F634D4,0.12653637677431107
CC_E3D032D6644D,0.07975385040044784
CC_E3D554925593,0.814702570438385
CC_E3DB3D043F0D,0.059034065902233125
CC_E3E05288FE44,0.07793067395687103
CC_E3E0E89CC175,0.6457394242286683
CC_E3E3964646DD,0.14336032569408416
CC_E3E5B162D648,0.08532939478754997
CC_E3E9AD07A5DF,0.2712141633033752
CC_E3EB1A9E5527,0.09707766771316528
CC_E3EB55B89CA9,0.21866189539432526
CC_E3EC5A3A9F75,0.20028999745845794
CC_E3F0CB331C1B,0.05823723152279854
CC_E3F18E5F019D,0.07244370728731156
CC_E3F2809C0CDB,0.0970776692032814
CC_E3F39D3D28A6,0.7758207440376281
CC_E3FF72B6D1A9,0.24245995581150054
CC_E400717D9AF7,0.09707766622304917
CC_E400F6B304F1,0.17931428849697112
CC_E401556360B4,0.21668141782283784
CC_E403AABE6A3A,0.26719674468040466
CC_E40552CB0047,0.6231035709381103
CC_E407BFDD5B48,0.11582170575857162
CC_E408DC6865E6,0.0480159617960453
CC_E40A8EF9B8B8,0.10862228870391846
CC_E40E08D7295F,0.06129722967743874
CC_E41D305E552C,0.19473554491996764
CC_E4206D02DDC1,0.31981989145278933
CC_E4214D176F67,0.4789043486118317
CC_E4266E9B176C,0.2583037674427032
CC_E42A82720EB7,0.3705084264278412
CC_E42A9723A2FE,0.8023504376411438
CC_E42BF2743F50,0.10958622246980668
CC_E42F7667F3C8,0.8036803841590882
CC_E433B89AB8C6,0.3373364329338074
CC_E4352E84EE6C,0.033246757835149764
CC_E4390AA74FF0,0.13928413093090058
CC_E43C13F00CC9,0.06740146577358246
CC_E43CED1ADF2A,0.0874462902545929
CC_E43E3F01A8EE,0.15459803938865663
CC_E43FDF1DE1AF,0.5881210207939148
CC_E44049754483,0.5780653119087219
CC_E4471F9CACBF,0.07275822758674622
CC_E44AF434C827,0.8206703662872314
CC_E453823F0DBD,0.3682564437389374
CC_E453C8F9D686,0.10724384933710099
CC_E4550B5E95A3,0.7525775194168091
CC_E456DDF80B76,0.34351901412010194
CC_E45A59DF525C,0.10010876506567001
CC_E45AF3AB21FE,0.7188921689987182
CC_E45D55263552,0.06129722967743874
CC_E4606011CF77,0.2099694460630417
CC_E460B0437938,0.17666121423244477
CC_E469F9E5328C,0.31267871260643004
CC_E46D2A5F3DD9,0.09318706840276718
CC_E473F025CDCB,0.16570200324058532
CC_E475120CD736,0.4191429793834686
CC_E475976AF01B,0.2284844309091568
CC_E476D2A6A01F,0.05450738519430161
CC_E478A2E54F35,0.05126814693212509
CC_E47AC52C1D97,0.3948577642440796
CC_E47BA9F5AC9D,0.04104687795042992
CC_E47C0EEC065E,0.05845726728439331
CC_E47C31871930,0.012612180039286613
CC_E4823CDA8267,0.15599317848682404
CC_E4828212C213,0.09308932423591613
CC_E483CBD0A0E3,0.09593162834644317
CC_E4898C87B72D,0.6131052494049072
CC_E48CDC41C4FA,0.7835199356079101
CC_E492DA3C8EA2,0.3223037600517273
CC_E49633AB89C2,0.1876359611749649
CC_E496D1F36489,0.302279657125473
CC_E49934925445,0.12002569139003753
CC_E49A2DFD1800,0.5710176527500153
CC_E49B16DA2AB6,0.08554670512676239
CC_E4A3FA875443,0.14041727185249328
CC_E4A53391C1CF,0.1320559412240982
CC_E4ADE70F017F,0.14327245056629181
CC_E4B0F4C14F74,0.08803211003541947
CC_E4B146FE98E3,0.2326384425163269
CC_E4B696EE8F20,0.2560738503932953
CC_E4B854D38796,0.17337394058704375
CC_E4BB5C8534C6,0.041285111010074614
CC_E4BDA30E9FD0,0.7781470417976379
CC_E4BEA78980CB,0.04346005618572235
CC_E4C040DEDE49,0.045523320138454434
CC_E4C1588C313A,0.11017524302005768
CC_E4C60C982093,0.2064618945121765
CC_E4C64AA93465,0.10394006669521332
CC_E4C6CEAECD29,0.04104687795042992
CC_E4CE365C6403,0.727241063117981
CC_E4D7E66D9E89,0.3923892259597778
CC_E4D8578BDC10,0.1036172017455101
CC_E4DF804E3776,0.08621263653039932
CC_E4E279EAA480,0.19091914594173431
CC_E4E84A4BBDFF,0.12352271825075149
CC_E4EBB46F37D7,0.2353443384170532
CC_E4EE9502E6AC,0.05610228180885315
CC_E4F384E6E5F4,0.06864500641822815
CC_E4F3DD712869,0.6850437164306641
CC_E4F7B790DC3B,0.9464285731315613
CC_E4FDB23EB20F,0.06388249173760414
CC_E50092A966D2,0.16395238041877747
CC_E502E0D98642,0.06999758034944534
CC_E5098AE61EB1,0.06427552327513694
CC_E509D3153768,0.054535698145627975
CC_E50A5EDCCDC3,0.14791986346244812
CC_E50C1CF8A619,0.5327782690525055
CC_E5176F94F9BC,0.12920641899108887
CC_E517B174D143,0.1401822954416275
CC_E51902481C2C,0.09593163132667541
CC_E519B4C672E6,0.11787656545639039
CC_E52098BD9950,0.1893152505159378
CC_E52496E6762B,0.058237229287624356
CC_E5258E3B410E,0.2358948051929474
CC_E52663EAF0C5,0.0887376606464386
CC_E52E68DF862D,0.2351633757352829
CC_E53852322CD8,0.2022605448961258
CC_E5390D02ABE1,0.5928443908691406
CC_E539EC1DCF7A,0.5464235305786133
CC_E542E234D01D,0.03735131323337555
CC_E5439A3F42EA,0.0640578769147396
CC_E54472F8D9E9,0.03790563568472862
CC_E54545C8C9D3,0.2042276531457901
CC_E547CDE900DE,0.4421297550201416
CC_E5492A15F2FB,0.05361656919121742
CC_E54B44522F72,0.17212155163288118
CC_E54BDF038AE4,0.13997822552919387
CC_E54D2DEDA848,0.07991971373558045
CC_E54E155C6936,0.031166962906718255
CC_E54F67500C63,0.055696622282266614
CC_E54F9564F46C,0.1559931755065918
CC_E5500A4EB3A9,0.3207090973854065
CC_E555BF610D50,0.6567319631576538
CC_E55DCC89228C,0.22995949685573577
CC_E56168B3673A,0.1629941314458847
CC_E563953C3CE4,0.16395237445831298
CC_E5658170669F,0.06442317217588425
CC_E56C1156E56E,0.13497232049703597
CC_E56C33F3D25C,0.05551564246416092
CC_E56DD8238058,0.1588647872209549
CC_E56E10020158,0.06572454124689102
CC_E570D1044648,0.19491502344608308
CC_E571078B7998,0.44357157349586485
CC_E573B3ECBF5B,0.4421297609806061
CC_E5746533B675,0.29625837206840516
CC_E5751279B52E,0.1247420385479927
CC_E57686543950,0.09140263348817826
CC_E57C2183BC74,0.16248259246349334
CC_E57D3D6C76E8,0.11059890538454056
CC_E58023625304,0.3992022156715393
CC_E5834E24EA33,0.16520302891731262
CC_E585F75AA335,0.1486201673746109
CC_E587875B2CF5,0.14734723567962646
CC_E588DB08A06D,0.08556742519140244
CC_E589471382BB,0.20029350519180297
CC_E58B2A34C238,0.16733265817165374
CC_E58C38C6A4D5,0.15211524665355683
CC_E59025F117E9,0.1082451656460762
CC_E590A71EB003,0.24054094552993774
CC_E5923E11108C,0.16299412846565248
CC_E59524B7EF85,0.024517483077943325
CC_E59BF1C4708F,0.43787509202957153
CC_E59C86AF6608,0.06442316919565201
CC_E59E33733B2A,0.7620827913284302
CC_E59E54CF316A,0.11444729864597321
CC_E59EBA31F7F5,0.149525249004364
CC_E5A038445333,0.6555644512176514
CC_E5A0F1608224,0.18041459321975709
CC_E5A11E71BA8F,0.39485777020454405
CC_E5A57CEB6625,0.037905634939670564
CC_E5A629872101,0.1565047174692154
CC_E5A991A887BE,0.9448130130767822
CC_E5AA49FDE681,0.17169468700885773
CC_E5AB6B7ECEF4,0.12838379591703414
CC_E5AB72BF162D,0.1121336817741394
CC_E5ABCD0FE328,0.15383664667606353
CC_E5AC34F0A1C9,0.0731235221028328
CC_E5AC8248E057,0.25035469233989716
CC_E5AD829BCB39,0.10279612839221955
CC_E5B16D4F0F9C,0.10145412385463715
CC_E5B3C2040958,0.7835687279701233
CC_E5B4F0563DC9,0.12405500411987305
CC_E5B59C393061,0.07701009213924408
CC_E5BAF7CAB6DF,0.06526500210165978
CC_E5BCC2F0A03B,0.0640578769147396
CC_E5C565CE9D86,0.15328125953674315
CC_E5C9017E7B46,0.09707766771316528
CC_E5CADE06FE7B,0.11483109444379806
CC_E5CF62FBE157,0.16069664657115937
CC_E5D146A589F6,0.03230203129351139
CC_E5D22444BA42,0.16463058292865754
CC_E5E06B4B87A0,0.06718269139528274
CC_E5E3C2C58C61,0.15262678861618043
CC_E5E3E75B64B0,0.08480455428361892
CC_E5E4AA87650B,0.06427552327513694
CC_E5E779B4A1FB,0.08515950366854667
CC_E5EA3A63EC37,0.03735131174325943
CC_E5EE8407D4E7,0.21563404202461242
CC_E5EF77D1DA79,0.626106607913971
CC_E5F11B6D7F01,0.06266454458236695
CC_E5F34DBA3ED9,0.34148578643798827
CC_E5F46DA46972,0.7301462292671204
CC_E5F7A898C5FD,0.17666122317314148
CC_E5F927E50E5E,0.1174529030919075
CC_E5FD649BDFC3,0.15211524665355683
CC_E601E8052E99,0.6642609238624573
CC_E602B7CD4021,0.22085085213184358
CC_E606CBCC8E51,0.09243602603673935
CC_E6087D494C6C,0.05845726877450943
CC_E60886215B21,0.10161681771278382
CC_E608FB8E9327,0.041046877205371854
CC_E60B2D530847,0.09503335952758789
CC_E60B674D73F2,0.4531131982803345
CC_E60DF0D32F44,0.24851804375648498
CC_E61384DB1522,0.16758181750774384
CC_E614034AC465,0.16082197427749634
CC_E619E9D46CCD,0.0799003705382347
CC_E61B32EBEA5B,0.1716924399137497
CC_E61BF6DDE412,0.28450416922569277
CC_E625717A3010,0.18489851653575898
CC_E62A4CFB6A5A,0.1629941314458847
CC_E62DD1001F83,0.1247420385479927
CC_E6313E360FD4,0.47890436053276064
CC_E6354F14838B,0.3669102668762207
CC_E63B9E117292,0.7413497924804687
CC_E63D6F022C61,0.1913691759109497
CC_E63F39DBAFBF,0.6619498610496521
CC_E63F8B4900C8,0.0731235221028328
CC_E64360D4B42A,0.07919226884841919
CC_E6452975FFC2,0.6479914426803589
CC_E645686CF93D,0.16733265817165374
CC_E646CB4238EC,0.45311320424079893
CC_E648516C219E,0.44212977290153505
CC_E648BB3857CD,0.14551863968372344
CC_E64BF22E4067,0.45311320424079893
CC_E64C190D03BF,0.23672519326210023
CC_E64D7261A9A7,0.3480268716812134
CC_E64F1A036D78,0.5018300712108612
CC_E65423ACD3BE,0.25435425639152526
CC_E656FF867B6D,0.7765026450157165
CC_E65A0D1E20A4,0.14952525347471238
CC_E65B59C65515,0.17138866186141968
CC_E665B0F0E562,0.05569662153720856
CC_E665CAC70A2A,0.5063143312931061
CC_E6671D5962B2,0.47890434265136717
CC_E669DABE2DDB,0.3992021977901459
CC_E6701623C493,0.8389056324958801
CC_E670B30CC528,0.10796624422073364
CC_E672F94277EF,0.00927884578704834
CC_E6789779D830,0.5551460385322571
CC_E682627BB7D6,0.10339857935905457
CC_E6852EF7C1AD,0.08190400153398514
CC_E691EA882C81,0.6710923790931702
CC_E6980B7C5C2C,0.044693513214588164
CC_E69AA5D43556,0.10958622097969055
CC_E69C19CCE926,0.15211524665355683
CC_E69FC24628EF,0.05228485092520714
CC_E6A223D9581E,0.12159841656684875
CC_E6A30A0D1787,0.27533518671989443
CC_E6A477B00619,0.08098031878471375
CC_E6A923EF3C4A,0.051475700736045835
CC_E6A931F4E9CF,0.0526366226375103
CC_E6AA56E47E0D,0.49107364416122434
CC_E6ACE9944656,0.15650471448898315
CC_E6ACF598C901,0.9082069039344788
CC_E6AD1DD3D6CE,0.311296409368515
CC_E6AD466887E1,0.5928443908691406
CC_E6AF1C1AF0BA,0.1865654319524765
CC_E6B634926970,0.08006270676851272
CC_E6B8A7293A83,0.7956834316253663
CC_E6BF2E6F901A,0.17234691679477693
CC_E6C3CAE52949,0.09406943321228027
CC_E6CAFC31089C,0.24039298295974731
CC_E6CC8278D79E,0.05166259780526161
CC_E6CDD1287F27,0.23715109825134278
CC_E6CFCD63F1A1,0.21933026909828185
CC_E6D1CA22184F,0.09607634842395782
CC_E6D36BF17966,0.07167880460619927
CC_E6D9BF1DB697,0.6841720938682556
CC_E6DBC3737D2B,0.15499724447727203
CC_E6E4B191D76D,0.1624825894832611
CC_E6EADCE8FA84,0.10536382049322128
CC_E6ECC4B4CE39,0.1711808979511261
CC_E6EFAE48159E,0.13648707270622254
CC_E6F70B347212,0.20999870598316192
CC_E6F81AAC15AF,0.0667812243103981
CC_E6FA81CE5664,0.4268916606903076
CC_E70016A541B9,0.0358120609074831
CC_E700F89EABE5,0.1571591913700104
CC_E702A67F5CEC,0.11648897379636765
CC_E7043053BE9D,0.1304943561553955
CC_E70CB5C9CD57,0.012612179666757584
CC_E70E3D44EC68,0.19217248857021332
CC_E71086EE2EBA,0.08644497245550156
CC_E711C26EE640,0.11038187593221664
CC_E7126DD369D7,0.1634408414363861
CC_E7138721CDD3,0.11123884618282318
CC_E71530E6BC3E,0.05867491662502289
CC_E719EA58E545,0.1656730741262436
CC_E71AE603C605,0.16344083845615387
CC_E71D5EE78836,0.07169762253761292
CC_E71F21581898,0.17073419094085693
CC_E720ECFFF380,0.12686276137828828
CC_E72CA51C1DC1,0.37797742486000063
CC_E72D7F8AEBAC,0.1624825954437256
CC_E736D756B2E9,0.21775407195091248
CC_E736EB6CE07F,0.07043744698166847
CC_E737D533E48C,0.07155110388994217
CC_E7388E4F981E,0.21417899429798126
CC_E739113D986A,0.07434680163860322
CC_E74764A4E074,0.0754963219165802
CC_E74AB8C7A576,0.6219796419143677
CC_E74D4087A6F1,0.626106607913971
CC_E74EF4E479F8,0.0618008591234684
CC_E74F0895DDE2,0.5055097341537476
CC_E7526B00355C,0.12701172679662703
CC_E754A2E09EDD,0.06999758183956147
CC_E75A1F34FA35,0.3136370897293091
CC_E75A82A39EEA,0.6583388090133667
CC_E7610FED53A1,0.13371437191963195
CC_E766079103FE,0.7870696902275085
CC_E76788031090,0.804059636592865
CC_E76C40512F52,0.1418741226196289
CC_E76C9E1B7999,0.14314291924238204
CC_E76EBD35E386,0.2559865236282349
CC_E775F39F509D,0.1998655080795288
CC_E77738DEC1EB,0.22036511600017547
CC_E7922E732958,0.14456038922071457
CC_E795BAEB3343,0.1815751910209656
CC_E797E3B49C08,0.1025150865316391
CC_E7985D42AAEE,0.18500094413757323
CC_E7988F0F3D46,0.15599318146705626
CC_E79BB4CEEB46,0.24789655804634095
CC_E79E60E87EF1,0.15262678265571594
CC_E79EE36CD75C,0.22515323162078857
CC_E7A2F0560D90,0.22111424505710603
CC_E7A4BD015CFA,0.13291871249675752
CC_E7AA96E56E34,0.15285759270191193
CC_E7AD9E5EDAA7,0.12158346176147461
CC_E7ADE1D83C0E,0.2348263829946518
CC_E7AEB1E0311F,0.6457394480705261
CC_E7AF19625E34,0.6524399995803833
CC_E7AF8C11600C,0.15242852717638017
CC_E7B6CA4141DE,0.3537249624729156
CC_E7BB3647979B,0.06525292322039604
CC_E7BB8ED6CCAB,0.7508550882339478
CC_E7BD86430DEF,0.15911619663238524
CC_E7BEE72BEBD3,0.10900857001543045
CC_E7BF1F00B1E3,0.06754798591136932
CC_E7C1520A2978,0.14532986730337144
CC_E7C1E7E528A3,0.7110424399375915
CC_E7D07DB95330,0.417844557762146
CC_E7D41DAE1957,0.17341313362121583
CC_E7D62EAA2B6D,0.5209093391895294
CC_E7D790C7AC29,0.05845726877450943
CC_E7D9068DE770,0.08754013776779175
CC_E7DD51E18DC2,0.16299412548542022
CC_E7E7C3C7C004,0.09241801500320435
CC_E7E9C5F7E633,0.10958621948957444
CC_E7EC87151971,0.11448547542095185
CC_E7EE02FCB3F2,0.5125066459178924
CC_E7F9F6D69EEF,0.15211524665355683
CC_E7FD00A2C312,0.16364860236644746
CC_E7FDC014DF53,0.16395237445831298
CC_E8008B4C78F1,0.0855721190571785
CC_E80155EC5BE5,0.12632229328155517
CC_E801EDDE6371,0.2284844309091568
CC_E805872C69A6,0.1800730496644974
CC_E806C2F286F0,0.1431429147720337
CC_E808536859C8,0.08090168684720993
CC_E809899A7216,0.10351640284061432
CC_E80BF89E912C,0.8030851364135743
CC_E80CED444572,0.15599317848682404
CC_E80DF00B488A,0.08196229338645936
CC_E813CBF7FD3D,0.5834142327308655
CC_E8184C4A69D2,0.06013630554080009
CC_E81D95787BE1,0.17666122019290925
CC_E81E8461373B,0.08105700686573983
CC_E81EC53846D4,0.18726287484169007
CC_E81ECDB07CC9,0.3161225378513336
CC_E81ED08631D1,0.17234691381454467
CC_E829EA4F6FE9,0.20667623579502106
CC_E82B7B528E5E,0.21015628278255463
CC_E82CEF50DED3,0.07182037085294724
CC_E82E02D0AB70,0.20450753569602967
CC_E8309C84A73A,0.22547557950019836
CC_E832EA5DC991,0.15956380665302278
CC_E834C76B0938,0.16395237445831298
CC_E834EC0C0D90,0.3873583137989044
CC_E838F7242977,0.112729412317276
CC_E83A5CEE40C1,0.10384927093982696
CC_E8497D28F348,0.1716924399137497
CC_E84A0F03AEA2,0.07312352359294891
CC_E8559E621286,0.09394396096467972
CC_E8599562BC4D,0.24936661422252654
CC_E85CAE4CBC2B,0.5672406792640686
CC_E85E4D5D79BE,0.15650472342967986
CC_E85F2FB53AD5,0.1893152564764023
CC_E8686DD6AF19,0.5003373384475708
CC_E86B2EC02830,0.10334812849760056
CC_E86B3598E615,0.10351640582084656
CC_E870AB9BDA63,0.3379864454269409
CC_E870C8B4BC7A,0.5808175444602967
CC_E870E10FC84B,0.09952294081449509
CC_E8749AF4712B,0.1371774286031723
CC_E875232835BD,0.06587106212973595
CC_E87790BB1DBA,0.05823723077774048
CC_E878FAC1E8A8,0.7951370120048523
CC_E87A6C15E797,0.4289914846420288
CC_E87E0AB7675C,0.5845099925994873
CC_E8806410D330,0.0952356830239296
CC_E882169B92AC,0.7973080515861511
CC_E882EDC03BC1,0.18725931346416474
CC_E883C0F7E1EA,0.10251508504152299
CC_E889344440DE,0.15597190260887145
CC_E88B523B3BB2,0.5315973579883575
CC_E88D1DED124D,0.08006270825862885
CC_E890F389827A,0.05166259855031967
CC_E8911D7595AA,0.6071345686912537
CC_E89502C8091F,0.14716300517320632
CC_E895F54BE602,0.5183422029018402
CC_E897CDF73DF6,0.05166259855031967
CC_E8992885B912,0.07357668727636338
CC_E89CF07FB342,0.09097712934017181
CC_E89D321194E4,0.09108003228902817
CC_E89E5E0B590B,0.2156693547964096
CC_E89F382A180E,0.621665096282959
CC_E8A06F4B3CE9,0.1035164013504982
CC_E8A293544A46,0.06099787726998329
CC_E8A30AFDD2DA,0.27713524699211123
CC_E8A357D114B6,0.16299412846565248
CC_E8A472F97EAE,0.09707766622304917
CC_E8ABD6298721,0.16299412846565248
CC_E8AE43360A31,0.04685503840446472
CC_E8AF505C8293,0.05245564505457878
CC_E8AFDF802E05,0.05610228180885315
CC_E8B2620D6693,0.5614330649375916
CC_E8B36F0725AC,0.12953280359506608
CC_E8B539E04C81,0.17234691977500916
CC_E8B5F040DD9B,0.05166260004043579
CC_E8B7811166EC,0.18041459321975709
CC_E8B9A4AB3A5E,0.5505924344062805
CC_E8BED367B82F,0.08859462589025498
CC_E8C315689990,0.1624825894832611
CC_E8C51975DC0A,0.3313150227069855
CC_E8C81B6D48C1,0.16344083845615387
CC_E8C85B8BDA52,0.36300897002220156
CC_E8CAEADFCF88,0.15860555768013002
CC_E8CF19C1C43F,0.1716924399137497
CC_E8CF7D4DC686,0.08090168982744217
CC_E8D0235046BF,0.21810874342918396
CC_E8D125C2CA8E,0.5596786856651306
CC_E8D8AD88276F,0.06442317217588425
CC_E8D9E5FD2022,0.15047025084495544
CC_E8D9E86B4438,0.3215318381786346
CC_E8DA4D4D1752,0.16084324717521667
CC_E8DE03A586F5,0.11102667450904846
CC_E8EA6E6CDC90,0.11619945168495179
CC_E8EDA7E25155,0.18434647023677825
CC_E8EF9DCDC2D0,0.13291871398687363
CC_E8EFC5F1DC3C,0.16647322177886964
CC_E8F173F0EDD3,0.14925122261047363
CC_E8F1FF53B877,0.7204131007194519
CC_E8FBCD25E80C,0.06862426102161408
CC_E8FE4ADE9BA5,0.2262008160352707
CC_E9026D11FAFE,0.07123658061027527
CC_E9045B7DA288,0.7034266948699951
CC_E904D74B956D,0.10751578509807587
CC_E90B74D0B7B0,0.1475447729229927
CC_E9121DF4CD76,0.07447634637355804
CC_E9145D7BBB2E,0.3407802700996399
CC_E9161F25EE9B,0.10430198162794113
CC_E9167F41551D,0.12087303996086121
CC_E9186835C14B,0.1885114848613739
CC_E91A7B817630,0.10161681473255157
CC_E91BE6B096A4,0.09545751959085465
CC_E91E39E971FD,0.345258766412735
CC_E9222F10C0BF,0.6282791376113892
CC_E923357D8F22,0.06442317068576812
CC_E928E2480E7D,0.06405787616968155
CC_E929F2EB364D,0.7458471417427063
CC_E92E6F3E7A55,0.1892281085252762
CC_E92EBBECEC6C,0.06572454199194908
CC_E9338D167285,0.7870696902275085
CC_E935FB0AF4C4,0.08311062753200531
CC_E93626953BBB,0.15911619663238524
CC_E9371266DCED,0.16298431754112244
CC_E938B94428F3,0.16248259246349334
CC_E9399EFF2520,0.12054660618305206
CC_E93B657707F6,0.6054915308952331
CC_E93B940D6F8D,0.1440419301390648
CC_E9443CCB0DBA,0.04104687795042992
CC_E945BA064EC3,0.06405787542462349
CC_E94693C81D99,0.12871018052101135
CC_E9487119C5A2,0.1719269335269928
CC_E94931337477,0.1259233370423317
CC_E94A1F3ADD6F,0.09596901684999466
CC_E9503D532411,0.28904380202293395
CC_E951909734B9,0.036220704391598704
CC_E957BEC20BE2,0.4889822959899902
CC_E95CCA2D2AA8,0.4116435110569
CC_E95E3351CFEB,0.87042738199234
CC_E96018A76436,0.060136304795742036
CC_E96696A2083F,0.3290926456451416
CC_E96741915556,0.07732461392879486
CC_E96AA99C6964,0.09524839222431183
CC_E96B0A49AF02,0.12474204301834106
CC_E96F586675E1,0.7026935458183289
CC_E972CE81024F,0.08196229338645936
CC_E9794A4051DB,0.13335217237472535
CC_E97A7394E1DC,0.17169244289398194
CC_E982938F4254,0.7870696783065796
CC_E986F50D542F,0.29459935426712036
CC_E988ADCA9CA8,0.2697796285152435
CC_E98B0E1F0229,0.10203883647918702
CC_E98BBE98DCAF,0.37874546051025393
CC_E98BC1809327,0.31707096099853516
CC_E98DA7C0A566,0.09722593873739242
CC_E98F67253D44,0.3747540533542633
CC_E98FA77D0944,0.16666025221347808
CC_E990B045F17D,0.45461912751197814
CC_E991525F04F7,0.12434632331132889
CC_E992EE6A14F7,0.14715038239955902
CC_E994AEFC2051,0.44176262617111206
CC_E9963079E7A0,0.08858543187379837
CC_E99BCEAD6849,0.10394006669521332
CC_E99CEE0E042C,0.12179372310638428
CC_E9A2AF5F8E21,0.17169243693351746
CC_E9A423E46E5C,0.06442317143082618
CC_E9A4F6393E3C,0.1890338748693466
CC_E9A7A7FF54FF,0.16395237743854524
CC_E9AF9516B345,0.08311062753200531
CC_E9B11AF9F3A6,0.15262678563594817
CC_E9B8480FE25F,0.06405787467956543
CC_E9B84C4A0B42,0.16007836759090424
CC_E9BE22174848,0.14734722971916198
CC_E9BEDBA9D634,0.1470208466053009
CC_E9C2929F29A7,0.0688637837767601
CC_E9C53F80E8F8,0.07203154489398003
CC_E9CCBC3D6BAD,0.1154494047164917
CC_E9CF7A47AA69,0.29845649003982544
CC_E9D154767E12,0.10611690282821655
CC_E9D1FFD9C024,0.47890435457229613
CC_E9D3771F58DB,0.5464235067367553
CC_E9D3BF8495EA,0.4040482580661774
CC_E9D724344E0F,0.7620827794075012
CC_E9D97BFCF700,0.13630436062812806
CC_E9DAC2AC0694,0.009278846159577369
CC_E9DCB9374F91,0.1590522676706314
CC_E9E30F204CDF,0.1624825894832611
CC_E9E48814E35E,0.16923778355121613
CC_E9EB68851F38,0.11038187742233277
CC_E9EBEACB80AD,0.061297228932380675
CC_E9F255EB361C,0.15746296644210817
CC_E9F2B2678E63,0.46792090535163877
CC_E9F4EBFF771E,0.7042203187942505
CC_E9FAB73E8178,0.14715038239955902
CC_E9FD1C81954D,0.11544940322637558
CC_EA01174B971D,0.05263662338256836
CC_EA07CA7A5302,0.18316200971603394
CC_EA0D7FA1BDBE,0.09472204744815826
CC_EA0E85246B2A,0.14055292904376984
CC_EA0FAF4A35F4,0.16395237743854524
CC_EA13E7CF90C1,0.06099787726998329
CC_EA176CDD8BD8,0.272008815407753
CC_EA17B4E5C763,0.1602182775735855
CC_EA1BBFBF2F81,0.16570199728012086
CC_EA1E94D6A4BA,0.12203021198511124
CC_EA20568B0A19,0.11935506761074066
CC_EA216B5A6996,0.06588435992598533
CC_EA231668298C,0.36300897002220156
CC_EA248FAF452C,0.10515114814043044
CC_EA26CEF8A491,0.7188322424888611
CC_EA29C9EBBB09,0.5124111831188202
CC_EA30702481A0,0.20110377073287963
CC_EA406D520043,0.09693294614553452
CC_EA42F6745A8C,0.5870252966880798
CC_EA45DCF9324F,0.17955515682697296
CC_EA4896A371C3,0.2403787314891815
CC_EA4BAF44BFA5,0.129998117685318
CC_EA5502B341B3,0.7026935338973999
CC_EA55E483AE06,0.14952525347471238
CC_EA5AA4C385A0,0.32866976857185365
CC_EA5B18E28772,0.3183919668197632
CC_EA5B31BE5B10,0.2826908051967621
CC_EA5BB1040E58,0.16299412846565248
CC_EA63351970E6,0.06442317143082618
CC_EA6B12BC3CD8,0.22474268674850464
CC_EA6B86240B8B,0.1005232274532318
CC_EA6C11EF512B,0.702693521976471
CC_EA6E24483267,0.1406824544072151
CC_EA6FF23CE6CD,0.10251508504152299
CC_EA70F3DC8596,0.1035164013504982
CC_EA710F5C6E45,0.1195719450712204
CC_EA74C5C33DB2,0.7956834673881531
CC_EA78499820C8,0.06442317068576812
CC_EA795F09D340,0.1629941314458847
CC_EA7C6D4018E1,0.21382421255111694
CC_EA7D0F46B4C3,0.18048292994499207
CC_EA7EEBC86C8B,0.1534031882882118
CC_EA83B1BE7EB4,0.012612180039286613
CC_EA8C5F13F40A,0.10431206077337266
CC_EA8CB236F453,0.05432814508676529
CC_EA91E2C66143,0.17502586245536805
CC_EA927B42B7BF,0.8213692307472229
CC_EA978C1C1952,0.5881210207939148
CC_EA9B4814B8B6,0.036220702901482583
CC_EAA356EF2E26,0.05823723003268242
CC_EAA52A3A12EA,0.14952525347471238
CC_EAA612F8B407,0.7674657583236695
CC_EAA8BC350AFE,0.4542990684509277
CC_EAA9A876A27F,0.23419597148895263
CC_EAAAC2A8111A,0.16460685431957245
CC_EAB093C1E5B4,0.10494238883256912
CC_EAB19FB15301,0.16965404748916627
CC_EAB22B201C32,0.838905644416809
CC_EABA7499A018,0.430126416683197
CC_EAC549C8A756,0.18552510738372802
CC_EAC592B85D4E,0.055696622282266614
CC_EACA92153F6B,0.18386945724487305
CC_EACAF6B7E353,0.12486501038074493
CC_EACD468C77C0,0.0468550406396389
CC_EAD955ED0D3C,0.10958622097969055
CC_EADB40DE1DCD,0.6701709270477295
CC_EADB8AD25670,0.1629941314458847
CC_EADC476DAA21,0.14587604999542236
CC_EAE074802A8D,0.19574756622314454
CC_EAE281A68259,0.4789043486118317
CC_EAE2D6922852,0.15340318232774736
CC_EAEEA57E8B43,0.07312352061271668
CC_EAEF35C6770E,0.14912168681621552
CC_EAEF4CA3601F,0.10071049034595489
CC_EAF4FD59C854,0.19623689353466034
CC_EAF51DC7D7B9,0.7110424399375915
CC_EAF757E54BD4,0.031166963651776312
CC_EAF9FBBB9026,0.09482540190219879
CC_EB0BF2C738DC,0.3303393483161926
CC_EB0CDC09BBBD,0.1495252549648285
CC_EB0FF1327701,0.1053138330578804
CC_EB175477065D,0.10065288841724396
CC_EB1AD28ACB4E,0.37050843238830566
CC_EB1B09D381F4,0.2065524786710739
CC_EB1DE3A1D1DC,0.6052022218704224
CC_EB1E3F604267,0.7614875555038452
CC_EB1F9EA888C8,0.04371379613876343
CC_EB20F76537EE,0.6925209879875183
CC_EB2192737AF2,0.015850815922021866
CC_EB2350B49336,0.16299412846565248
CC_EB2388977CB9,0.00927884578704834
CC_EB29EAB0CF17,0.10695249736309051
CC_EB2A62A5AF7B,0.22056172490119935
CC_EB2B76A4AECF,0.1716924399137497
CC_EB2B94FA3981,0.10293874740600586
CC_EB3083DD8929,0.06718268990516663
CC_EB30F04903CA,0.06801552921533585
CC_EB34B89D8505,0.4652825057506561
CC_EB36118731A1,0.19063958823680877
CC_EB381AB6F35A,0.027746127173304557
CC_EB3BA3DF3C18,0.3017405390739441
CC_EB3EF79EAB12,0.16299412846565248
CC_EB4052DDFCEF,0.21570836901664733
CC_EB42352B9588,0.14791986346244812
CC_EB4601E1CC89,0.017945513501763342
CC_EB464007A114,0.058135364949703214
CC_EB46D4036172,0.15211524963378906
CC_EB48C7C78653,0.24974038898944856
CC_EB4AA09C7534,0.6940375804901123
CC_EB4AC42D266B,0.05432814583182335
CC_EB4E68BCEABF,0.15340318530797958
CC_EB57A734AD02,0.22812215387821197
CC_EB5B521738D3,0.6841720938682556
CC_EB6427AF9995,0.15809401869773865
CC_EB6545D6F6D2,0.05823723077774048
CC_EB6581CDF1EA,0.16344083547592164
CC_EB6855895E7D,0.255876412987709
CC_EB69C43339A9,0.20934028327465057
CC_EB6C54AC32F7,0.07594948709011078
CC_EB6FCAF10761,0.20940169990062713
CC_EB7049C755A1,0.06886378079652786
CC_EB7068001E47,0.06405787467956543
CC_EB707520966B,0.10768663585186004
CC_EB753AC5E853,0.18976539373397827
CC_EB754FEF91BF,0.10334812998771667
CC_EB770754E335,0.012612180039286613
CC_EB79653B77B3,0.12953280210494994
CC_EB7B3A9BB3F7,0.040871060267090795
CC_EB83BD5C28C5,0.5253250002861023
CC_EB8CB59DE2E4,0.15599317848682404
CC_EB9173AF621D,0.15599318146705626
CC_EB96D8BA6A28,0.1565047174692154
CC_EB996D05539D,0.7740648031234741
CC_EB9D01E2D1AD,0.33206267952919005
CC_EB9D7033D900,0.1166687250137329
CC_EBA05E8FC8D2,0.3812293350696564
CC_EBA0B84CB166,0.2558764100074768
CC_EBA73BEF5B02,0.009278846159577369
CC_EBB390469208,0.6827105522155762
CC_EBB67F2C0B93,0.03790563568472862
CC_EBBF1F28BF8F,0.11401735097169877
CC_EBC2F3252F38,0.08644497096538543
CC_EBC51B8B8448,0.022637035697698593
CC_EBC77E840F24,0.19802484512329102
CC_EBC851D42221,0.1390770673751831
CC_EBC9503593C4,0.012309149280190468
CC_EBCCE82CC45A,0.1617772698402405
CC_EBD50C380D5B,0.7110424280166626
CC_EBD5189292C3,0.13476612865924836
CC_EBD7E8ED8EE9,0.1247420385479927
CC_EBD8E3E32B28,0.11587306559085846
CC_EBD9FEA86C92,0.21789630651473998
CC_EBDBC75638EB,0.09302842766046523
CC_EBDC9ECE9D77,0.17169243693351746
CC_EBDD4EE88246,0.018429218232631682
CC_EBDEC771FD96,0.3192570865154266
CC_EBE56835F074,0.1826340824365616
CC_EBE7BCEC15F3,0.1082451656460762
CC_EBE895B500C0,0.15599317848682404
CC_EBEAA4D80C7C,0.1782480299472809
CC_EBF2729A1828,0.6627435207366943
CC_EBF6C17EF48D,0.19568348824977874
CC_EBFB26EE25DE,0.09837446510791778
CC_EBFBFF0F73EC,0.04476146288216114
CC_EBFF2BEFEF35,0.05263662487268448
CC_EC06D788F73A,0.10251508355140686
CC_EC080F50F3D1,0.43001386523246765
CC_EC098F46A688,0.11268288791179656
CC_EC0C72BA1101,0.17666122317314148
CC_EC0C9FD04136,0.7935502648353576
CC_EC0F13957E70,0.34279683232307434
CC_EC119AC05997,0.2003708839416504
CC_EC154CF7CB4B,0.13247961103916167
CC_EC16048BFF6F,0.1760067492723465
CC_EC19F23318B7,0.12384910583496093
CC_EC1A76BA5182,0.2625525683164597
CC_EC250D38CC6C,0.5043288171291351
CC_EC253B21ADF4,0.11038187742233277
CC_EC27234CBDFF,0.06679596900939941
CC_EC28CFBF2690,0.09406943172216416
CC_EC2C517F4F95,0.1276584178209305
CC_EC3328A2345D,0.11017524003982544
CC_EC3769F89C75,0.6187854409217834
CC_EC37EF984DDD,0.1757271945476532
CC_EC39E2D03D48,0.07549632340669632
CC_EC3EF2A25A8E,0.10351640433073044
CC_EC4402AB90E6,0.07701009064912796
CC_EC464AAD9B0B,0.8206703424453735
CC_EC475254F940,0.1035164013504982
CC_EC48D8242187,0.17144489288330078
CC_EC49B892FD1D,0.6302115082740783
CC_EC4D602BCE2C,0.645739471912384
CC_EC4E88D4C944,0.06679597198963165
CC_EC4F262AA299,0.159563809633255
CC_EC50D69E4D08,0.08679205924272537
CC_EC51F1E3D71D,0.1984865754842758
CC_EC533D5070E7,0.16395237743854524
CC_EC53C9F5DB64,0.15599317848682404
CC_EC54B735E44F,0.11000988185405731
CC_EC5598FDDEA6,0.7629165053367615
CC_EC561A20B494,0.012612180039286613
CC_EC591AE4A848,0.15340318977832795
CC_EC625DACE44B,0.5794115781784057
CC_EC64332BECDC,0.09607634842395782
CC_EC659A59C135,0.2500703036785126
CC_EC66109A1B41,0.11173787266016007
CC_EC66C8E52D77,0.08103177100419998
CC_EC67602A267C,0.12920641750097275
CC_EC6E3B5A0CEF,0.702693521976471
CC_EC6F25231E3F,0.25841303169727325
CC_EC6FE59BE0B3,0.6091025710105896
CC_EC772D33E67F,0.0895148128271103
CC_EC7CBE47FBB0,0.7620827913284302
CC_EC7DE6D7A2B8,0.025652550905942918
CC_EC7DF46BFDBE,0.1786911368370056
CC_EC7EB73E2514,0.1257938027381897
CC_EC7F3FAF05AC,0.14984973669052123
CC_EC82C16CED63,0.0874462902545929
CC_EC8650C58539,0.1162450596690178
CC_EC8651491815,0.09402974545955659
CC_EC8879F84D28,0.33516027331352233
CC_EC90CF50F02B,0.07019668146967888
CC_EC92402BCA32,0.06420439705252648
CC_EC92B0E7FFF1,0.5181717455387116
CC_EC93320B05EC,0.029073388129472733
CC_EC964AACE0A9,0.11977787166833878
CC_EC9A3E06E2D5,0.25149600207805634
CC_EC9AAFA5B21D,0.09707766473293304
CC_EC9B07F8AC81,0.1586046576499939
CC_EC9B0D9E88B5,0.15599317848682404
CC_EC9DB69794B8,0.13442132622003555
CC_ECA31FC82853,0.1504063218832016
CC_ECA9294220BC,0.5730855822563171
CC_ECAF97A82D4D,0.3947936236858368
CC_ECB21CEBBFE3,0.16299412548542022
CC_ECB37981188D,0.7620828151702881
CC_ECB5D7633883,0.2614319741725922
CC_ECB7F056A2AC,0.06694248989224434
CC_ECB92AD9BB63,0.08859462291002274
CC_ECBECDD68AFF,0.7870696902275085
CC_ECBF19FC42A5,0.1394578516483307
CC_ECC735ED381F,0.11624506115913391
CC_ECC835B9DCD5,0.07317497730255126
CC_ECCA800BD1BF,0.16395238041877747
CC_ECCD81789A3D,0.05052152723073959
CC_ECD743C1E1C8,0.722270154953003
CC_ECDCEF050026,0.17852759063243867
CC_ECDD25CEE7D9,0.16395238041877747
CC_ECE090D64DF0,0.7234844088554382
CC_ECE3714B7945,0.15809401869773865
CC_ECEEAA2F7E0D,0.06405787542462349
CC_ECF3C1A69115,0.12579380571842194
CC_ECFA6C416622,0.06740146726369858
CC_ECFC083D67F0,0.16299412548542022
CC_ECFC8B937581,0.06405787616968155
CC_ECFE98A2FBC8,0.3223037600517273
CC_ED05577CC680,0.05823723152279854
CC_ED0692E63D34,0.10473572313785554
CC_ED08663CE966,0.07555490583181382
CC_ED0C85F40EBD,0.06983138546347618
CC_ED0DFFDFE461,0.15642177760601045
CC_ED0ECB1E8364,0.11034872084856033
CC_ED0FB01240E3,0.05845726802945137
CC_ED11F03114EB,0.06129722967743874
CC_ED157470C70C,0.10351640284061432
CC_ED1A2D2287E9,0.43012640476226804
CC_ED1BCB92F597,0.33186074495315554
CC_ED1F7A4CD40B,0.0510759599506855
CC_ED2166005629,0.16798713207244872
CC_ED24E4FA2A58,0.15211524665355683
CC_ED27D77A875F,0.11741086095571518
CC_ED28CCB10D84,0.08006270676851272
CC_ED29FD94BA66,0.1431429162621498
CC_ED332FF4D1F1,0.10065288841724396
CC_ED35F2CD6162,0.7262441396713257
CC_ED36A6E8DD69,0.08884630650281906
CC_ED383BBFDA93,0.23762124478816987
CC_ED40A464BA02,0.1406615436077118
CC_ED41695EB7AD,0.05748324319720268
CC_ED43C454BCE3,0.7413497805595398
CC_ED4811DB1C69,0.12746156752109528
CC_ED4D45895A05,0.07448716908693313
CC_ED4EC738D389,0.16395237743854524
CC_ED5220DC8CED,0.06405787542462349
CC_ED5931D973D5,0.06405787542462349
CC_ED5A1FF8AC1A,0.11908928900957108
CC_ED639F6E5FB9,0.4962830364704132
CC_ED647ABF1DBA,0.14734723567962646
CC_ED65EDA44E60,0.4679209113121033
CC_ED6744A74F3C,0.16395237743854524
CC_ED816A7D5555,0.1621583729982376
CC_ED820DC67B87,0.3897253692150116
CC_ED834E81704F,0.1336371898651123
CC_ED83B53E7B6F,0.167332661151886
CC_ED8878C1AF7F,0.7132290720939636
CC_ED8A3BEBF4E9,0.1039873480796814
CC_ED8DB528A20D,0.143045637011528
CC_ED8E6B781B0A,0.14995960891246796
CC_ED91B665D8B4,0.12661642730236053
CC_ED92D6A9B7E5,0.6220073819160461
CC_ED9328889A4B,0.7114292025566101
CC_ED96F1E0C08C,0.06693166717886925
CC_ED9ACE1CC7BA,0.16364860236644746
CC_ED9F1261F6E1,0.205337193608284
CC_EDA660DBEE87,0.6427732944488526
CC_EDA7B2E91C0E,0.06129722818732262
CC_EDA7BEF5F2CC,0.828867769241333
CC_EDA7FEF5C8E2,0.07768990844488144
CC_EDABEAC3FF84,0.21793002486228943
CC_EDACBCDC2BA7,0.050294122844934466
CC_EDACF32AA3BC,0.29459935426712036
CC_EDAF6FA9BB77,0.16344083845615387
CC_EDB622974E3E,0.07136235460639
CC_EDC77F50BD58,0.15262678563594817
CC_EDC87EA02652,0.061297228932380675
CC_EDC8AE18C2ED,0.028863771446049215
CC_EDC9D8D832E8,0.28269081115722655
CC_EDCAD9E69F60,0.16520302891731262
CC_EDCDD3DF071F,0.645739471912384
CC_EDCE9C766DE8,0.4421297609806061
CC_EDD164A66203,0.7110424160957336
CC_EDD48B8A728F,0.10431205928325653
CC_EDD58E9198BB,0.19595730304718018
CC_EDD714B26133,0.7110424399375915
CC_EDDCB6758AA6,0.08554670512676239
CC_EDDF9FA11244,0.10161681622266769
CC_EDE2749E9189,0.06129722818732262
CC_EDE3698A586B,0.28785898089408873
CC_EDE4881E4F07,0.16851548254489898
CC_EDE51E1BD669,0.5286971271038056
CC_EDECB672816C,0.1565047174692154
CC_EDF042542DFB,0.532778263092041
CC_EDF1028681DC,0.17572719156742095
CC_EDF119116CB9,0.09611807391047478
CC_EDF2A74D974B,0.14412980675697326
CC_EDF6C5AB3D1A,0.21359615921974182
CC_EDFC31CAC741,0.11000988185405731
CC_EDFCE6736A22,0.16248259246349334
CC_EDFF7FBC6627,0.07701008766889572
CC_EE0460BE25CC,0.20496054589748383
CC_EE05E41E7E4C,0.07155110090970992
CC_EE09DA40E6DE,0.08846203982830048
CC_EE0CAD0F2BC3,0.06013630926609039
CC_EE1578598854,0.17199126482009888
CC_EE17D1DBBDBF,0.16460685133934022
CC_EE222E8D44A5,0.04872753843665123
CC_EE27AA5CB335,0.3575531005859375
CC_EE2CC2961E14,0.1559931755065918
CC_EE328E63D6D8,0.06032320261001587
CC_EE33D826A97D,0.17713239490985871
CC_EE3601FA7B16,0.14734723567962646
CC_EE371B032A9E,0.07418683320283889
CC_EE3765BBE328,0.06427552476525307
CC_EE3B4314470F,0.20794631838798522
CC_EE3DBA944A25,0.26789507269859314
CC_EE3E700C788C,0.07890967726707458
CC_EE43D45FE4A8,0.239091095328331
CC_EE45B446CF48,0.31904796361923216
CC_EE48BF6C9DF4,0.43597679734230044
CC_EE49E9FFF12B,0.10351640433073044
CC_EE4B989B7B31,0.0814334824681282
CC_EE4F65F176D5,0.28168817758560183
CC_EE507EE68DDC,0.04162022061645985
CC_EE52100AC56A,0.11000988334417343
CC_EE5779B6033F,0.2043915718793869
CC_EE58E1526116,0.08644497394561768
CC_EE5D41758D79,0.36694493889808655
CC_EE61533810DD,0.8219156861305237
CC_EE64B74DF737,0.1013054981827736
CC_EE6583A0F80E,0.6091025590896606
CC_EE6659B36E51,0.7413498163223267
CC_EE68D60EDE2C,0.717799186706543
CC_EE68DA343C48,0.13588069677352904
CC_EE6C69176E70,0.09106955528259278
CC_EE6D8A795FEE,0.041046877205371854
CC_EE6FC349C56F,0.09617771655321121
CC_EE6FEF413AC1,0.04566754028201103
CC_EE714272917E,0.15809401571750642
CC_EE76B5671F08,0.05845726951956749
CC_EE77AB339ED9,0.15498004704713822
CC_EE81183F31F2,0.10009956508874893
CC_EE84081424E4,0.0965640276670456
CC_EE88C0EEA0AF,0.10251508802175521
CC_EE89337A31B5,0.6835169434547425
CC_EE8AB880CE6C,0.080960975587368
CC_EE8BEB97C001,0.10473572164773941
CC_EE8E3F9C775A,0.07191640138626099
CC_EE90A7D76732,0.43787510991096495
CC_EE9130769CC6,0.14702084809541702
CC_EE946C42EA46,0.17770607471466066
CC_EE94726D5872,0.40584119558334353
CC_EE975F05AF4C,0.06563029736280442
CC_EE9C2EE848F1,0.15262678861618043
CC_EE9CD5180D13,0.08941828161478042
CC_EE9E96A419AB,0.17138865888118743
CC_EEA269C6EBA2,0.012612179666757584
CC_EEA296E9E5D8,0.15436143428087234
CC_EEA328E82AA1,0.058237229287624356
CC_EEA5C07397BC,0.24817149639129638
CC_EEA83F308FAB,0.184760445356369
CC_EEAA9DC55078,0.18838123381137847
CC_EEAF84C32F09,0.12014722526073456
CC_EEB0568FB212,0.695329463481903
CC_EEB0C64038BE,0.12313664853572845
CC_EEB730E88848,0.17572719752788543
CC_EEBC541BEA2D,0.21263352632522584
CC_EEBECB3AC0F8,0.4789043486118317
CC_EEC48CD0FFE3,0.5460334539413452
CC_EEDA34505077,0.09388033151626587
CC_EEDDF5D6B012,0.08951831012964248
CC_EEE123B5BA3A,0.07885558009147645
CC_EEE244106242,0.09151533097028733
CC_EEEA5436F575,0.2605155110359192
CC_EEEEDDF24BC8,0.0747315376996994
CC_EEEF0FE0661E,0.06250435411930085
CC_EEEFD4269123,0.14055292159318925
CC_EEF361FB89F9,0.7110424280166626
CC_EEF7E7EF23EA,0.13676176369190216
CC_EEFDF0A3BBA7,0.10913809835910797
CC_EEFF0A757763,0.26334214210510254
CC_EF01413E0666,0.7256489038467407
CC_EF04261B4CCF,0.23643940091133117
CC_EF09C78B0A0D,0.0874462902545929
CC_EF129850DE9A,0.6246681094169617
CC_EF14090B9FF0,0.14785876870155334
CC_EF1744B34E03,0.6856988906860352
CC_EF193A2B952C,0.07700746431946755
CC_EF1CDAF85A45,0.25503944754600527
CC_EF1FE720320D,0.12245291471481323
CC_EF206A266539,0.31056697964668273
CC_EF2B7E79B236,0.3140460968017578
CC_EF315A79538F,0.08560430705547332
CC_EF32320415A1,0.6812649488449096
CC_EF333595BBA6,0.1545691967010498
CC_EF336D3B7A1B,0.11038187742233277
CC_EF347FF343C7,0.15809401869773865
CC_EF391F06A44F,0.09296914041042328
CC_EF3984D5C286,0.5677690267562866
CC_EF3A9A3D1E9A,0.07136235460639
CC_EF3BA7A4773A,0.7620828032493592
CC_EF3CC8C5F7E7,0.1414519354701042
CC_EF45126C25F5,0.176661217212677
CC_EF45D4364301,0.13782891035079955
CC_EF4841C3201B,0.643566906452179
CC_EF4BD33A9E96,0.27733770906925204
CC_EF4FEDDF74CB,0.06999758109450341
CC_EF535089161C,0.09693294912576675
CC_EF54004B514A,0.07865897268056869
CC_EF5881201E77,0.28875309228897095
CC_EF5B496A7594,0.26143197119235995
CC_EF5EDAAF841C,0.23724460005760192
CC_EF60D154223C,0.06129723116755485
CC_EF65E1938828,0.0510759599506855
CC_EF660B5F76EC,0.037621583044528964
CC_EF6B8D0EDFD0,0.07554777413606643
CC_EF6BF42B3266,0.20854550004005432
CC_EF6C67C300C9,0.07768990993499755
CC_EF6D4E927165,0.16424477994441986
CC_EF6E80B9F7D7,0.09751877039670945
CC_EF6F99402FC4,0.08846204131841659
CC_EF73D5E689EC,0.17309763729572297
CC_EF7B562D12BF,0.1707341879606247
CC_EF85640DE9CE,0.6841720819473267
CC_EF8644863F62,0.10160403102636337
CC_EF866307A998,0.22085085809230803
CC_EF88DC5345C7,0.19973970353603362
CC_EF912B3C6B12,0.17118090093135835
CC_EF91F629B22A,0.33186074495315554
CC_EF93FC3615E5,0.20567345023155212
CC_EF940D14E5F7,0.1811474770307541
CC_EF9557DCF793,0.837358021736145
CC_EF97EB80153D,0.1350696012377739
CC_EF9D9EFA12ED,0.512506651878357
CC_EF9E4D8577F9,0.13003996312618255
CC_EFA516B42608,0.15809401869773865
CC_EFAB4AF06AFE,0.4463622152805328
CC_EFB57D1499BB,0.0514757014811039
CC_EFB880EDA169,0.7620827913284302
CC_EFB93AA9796D,0.521146810054779
CC_EFBE0F8BA5E7,0.10431205928325653
CC_EFC22C7E3C02,0.16131342947483063
CC_EFC308099CDC,0.4531131863594055
CC_EFC464849CE2,0.15220312476158143
CC_EFC48B85AC6B,0.8389056324958801
CC_EFC7FB7AC4D5,0.5860256433486939
CC_EFCC52DB6CDD,0.2298341304063797
CC_EFCE34FDAEE5,0.23609477877616883
CC_EFCE548BB532,0.0524556465446949
CC_EFD2130B746A,0.10155115872621537
CC_EFD3DE750A0A,0.06824329495429993
CC_EFD57744EC7F,0.14456038922071457
CC_EFD5C10A0F08,0.3232637166976929
CC_EFDAE1EFB7F7,0.16299412846565248
CC_EFDBC1AA5B8E,0.08036980852484703
CC_EFDC44D002D6,0.0874462902545929
CC_EFE087A2CB70,0.16733265817165374
CC_EFE257EF20D7,0.1285133257508278
CC_EFE2E51E3797,0.23256993889808655
CC_EFE4A8E34A4C,0.08644497096538543
CC_EFEAC2F8277E,0.1707341879606247
CC_EFEFC956D905,0.14412980526685715
CC_EFF2A9FCCFCB,0.012612179666757584
CC_EFF7E405498C,0.2004564493894577
CC_EFFC3DEC541F,0.14314291775226592
CC_EFFC53FBC4A1,0.12135955840349197
CC_EFFDBD7FB8A1,0.06420439407229424
CC_EFFECA7C0BFD,0.4234874188899994
CC_F00121415C83,0.5011515974998474
CC_F00212B43D33,0.10473572313785554
CC_F002B98419E6,0.2500702977180481
CC_F005196CFBA4,0.4421297490596771
CC_F0068CF9801E,0.14532986879348755
CC_F008A5CA09B9,0.1079754427075386
CC_F01192CAF0E0,0.03125615455210209
CC_F01504D76328,0.2603303551673889
CC_F01591560A02,0.10937958806753159
CC_F01A958E3E91,0.10938055962324142
CC_F01B6EC922C7,0.10431205928325653
CC_F01B8939BCFA,0.06129722967743874
CC_F01D7E8264D1,0.04104687795042992
CC_F01E9004A196,0.11724662631750107
CC_F01F627EF23E,0.14789655357599257
CC_F0224999F146,0.061297228932380675
CC_F0224E66C3EA,0.07549632340669632
CC_F02475E95762,0.12950700223445893
CC_F024A411DD18,0.06860859245061875
CC_F025DD2B2145,0.7758419632911682
CC_F027115AE758,0.15599318146705626
CC_F02949DFDDB4,0.5830226063728332
CC_F02C105EC7EC,0.15472762286663055
CC_F031DF1017F4,0.17169244289398194
CC_F03229E0EB18,0.12352271676063538
CC_F032CD494CA6,0.14850783050060273
CC_F03540DA339A,0.1634408414363861
CC_F03557288154,0.101551154255867
CC_F038466F0F7E,0.7256489276885987
CC_F038E2B33323,0.05453570038080215
CC_F03E920DEAE2,0.39653514623641967
CC_F03FF44BF7BC,0.24643155038356782
CC_F044EDA4E2EB,0.037905634939670564
CC_F04638DDCC44,0.08723874688148499
CC_F048EB35197C,0.16731472611427306
CC_F04D4204A9B1,0.16395237743854524
CC_F04DA3F95FB9,0.14456039071083068
CC_F053CBC1A7B7,0.17234691679477693
CC_F0580F774791,0.2631155252456665
CC_F05873B3DAC3,0.14199812114238738
CC_F0598C24DC1B,0.18157519400119781
CC_F059CE6ADD3D,0.7492859959602356
CC_F05BED120C50,0.16395237743854524
CC_F063DD982324,0.07427445352077484
CC_F064862A8699,0.17572720348834991
CC_F064EF8099E6,0.2885040670633316
CC_F0717602DA13,0.12168594151735306
CC_F071960D0446,0.14702084809541702
CC_F071B8BD7754,0.6413347721099854
CC_F07355B27180,0.1283837929368019
CC_F0742E912901,0.10124789923429489
CC_F07503347B5B,0.6856894731521607
CC_F07656D893AF,0.16395237743854524
CC_F077FF269F20,0.11070029437541962
CC_F07886655001,0.02262224778532982
CC_F07BB6FA77A7,0.23607722222805022
CC_F07DD9F7684C,0.17666122019290925
CC_F07E912FCD12,0.16892115473747255
CC_F07F365A516D,0.13249460160732268
CC_F0825952AA75,0.24860024452209473
CC_F0848699A936,0.22157550752162933
CC_F0852F39E666,0.06136317327618599
CC_F08535932C23,0.08400889635086059
CC_F086D21788A6,0.07211437076330185
CC_F087E706B69A,0.44363570809364317
CC_F08B6F00055F,0.16395237743854524
CC_F08E52D4CE57,0.1736658364534378
CC_F08ECF60FF95,0.17572719156742095
CC_F090C29D83E7,0.16570200324058532
CC_F093C4E63614,0.11143364161252975
CC_F0944BEF615C,0.6458238244056702
CC_F097285DCBB2,0.04104687795042992
CC_F098969753D1,0.39605305790901185
CC_F098E444ADFF,0.3705084264278412
CC_F09BD1A86972,0.10991260707378388
CC_F09C18D5213A,0.06420439556241035
CC_F09E6B006B39,0.17637983858585357
CC_F09EFF3E864E,0.03554178774356842
CC_F0A174B66C59,0.19818294942378997
CC_F0A37249FC3D,0.03554178848862648
CC_F0A6407599D0,0.09591365605592728
CC_F0A89DD5B693,0.16395237743854524
CC_F0A90C69BF97,0.7790727496147156
CC_F0A97D71F422,0.3358608603477478
CC_F0AA46C1AAB1,0.632817542552948
CC_F0AF0C640143,0.09213015735149384
CC_F0AF1F806F1E,0.03515925481915474
CC_F0B2DCEB407B,0.13945696353912354
CC_F0B2E781B398,0.22436396777629852
CC_F0B4DDB2CB1E,0.6452831983566284
CC_F0B506A10506,0.10238978266716003
CC_F0B6DCDA050C,0.242277529835701
CC_F0B820FEF1F8,0.9422131299972534
CC_F0BAA550C57D,0.09144894927740096
CC_F0BC9438DEE5,0.5223140239715576
CC_F0BE6E29798E,0.061297228932380675
CC_F0BEA2B24A62,0.09044763296842576
CC_F0BFD800091E,0.16395237743854524
CC_F0C3BA8BAA9A,0.587513017654419
CC_F0C4EFEB70CD,0.17572719752788543
CC_F0CBF8589340,0.7525775074958801
CC_F0D1CE9C0D86,0.6693693161010742
CC_F0D242CB0665,0.08006270676851272
CC_F0D5A167078C,0.2921034872531891
CC_F0D5B97987AC,0.3016786515712738
CC_F0DA10F4F5F0,0.060136307030916214
CC_F0DFF5A56B81,0.06456969156861306
CC_F0E34E485A9A,0.16520302891731262
CC_F0F0067686A6,0.07789113894104957
CC_F0F239532433,0.040841365978121755
CC_F0F9398E9E72,0.1565047174692154
CC_F0F980496A42,0.588276493549347
CC_F0FF4F02A7A1,0.7508550882339478
CC_F100E3F2E74F,0.10804463773965836
CC_F103C98F4F79,0.046855039149522784
CC_F1043549D5F9,0.405841201543808
CC_F107DFD57C55,0.27326821684837344
CC_F108BB9E8232,0.15860556066036224
CC_F10F392E2C46,0.0514757014811039
CC_F111A9EEF85F,0.06679596975445748
CC_F1136887B346,0.08644497245550156
CC_F11414589B94,0.06420439556241035
CC_F1148ED1D3B4,0.15599317848682404
CC_F1181DE8132B,0.14944807291030884
CC_F11AFF99461A,0.1025150865316391
CC_F123A4170C6D,0.16753704249858856
CC_F123BB19DC6D,0.07227996662259102
CC_F125713B2232,0.3119067847728729
CC_F1289F79C8AB,0.1545691967010498
CC_F12964D84B82,0.11772048622369766
CC_F12B2AE8E25F,0.15746296644210817
CC_F12D366FB382,0.12980126440525055
CC_F130BEFBDF2F,0.12521739006042482
CC_F130E39084F9,0.21371600031852722
CC_F1329C651393,0.356879985332489
CC_F136CCFEADAF,0.8106879830360413
CC_F137564BFCB3,0.05263662338256836
CC_F13AFA5B577E,0.19623689949512482
CC_F13CE7C6FA72,0.13550870418548583
CC_F13DA6490C0D,0.11877655237913132
CC_F1420D7B2785,0.08647038787603378
CC_F14E928CE2A2,0.07611748576164246
CC_F1502B631457,0.02659727744758129
CC_F153A43730CE,0.18848542273044586
CC_F1563F545ABA,0.23504141569137574
CC_F156A55927C6,0.17350239157676697
CC_F15C5AAF89C4,0.6821038246154785
CC_F15EE866C042,0.14768754243850707
CC_F1602D59040A,0.1135394886136055
CC_F168940F3DF9,0.17905878126621247
CC_F1699E6FA160,0.6765874624252319
CC_F16C94351E01,0.1431429162621498
CC_F16D6DF0964F,0.22193939685821534
CC_F16DB505CDD9,0.029343656823039056
CC_F16FF2565D40,0.03020845502614975
CC_F1728D9FBA32,0.17507272064685822
CC_F17356647B15,0.7512688279151917
CC_F174CD062E07,0.10351639986038208
CC_F17762E38971,0.6452831864356995
CC_F17C793DBD17,0.17234691679477693
CC_F17CB99562C3,0.09596901535987853
CC_F184FB7B3159,0.4800902187824249
CC_F18DB774E4F2,0.11701203286647796
CC_F18E1B98C133,0.5460334479808807
CC_F18E4A262409,0.024787753447890283
CC_F18F38BB9224,0.05823723077774048
CC_F1908FC01A80,0.23882455825805665
CC_F19257886E20,0.19223880171775817
CC_F193FAF607A4,0.0880321130156517
CC_F195ED8AB75D,0.1431429147720337
CC_F196544CF99E,0.5423423469066619
CC_F19D51DB234D,0.7026935338973999
CC_F19D804963F7,0.28836363554000854
CC_F1A12A724B55,0.20465367138385773
CC_F1A5FD1E90A9,0.15599317848682404
CC_F1A9055F2D15,0.1760760575532913
CC_F1A9474D7191,0.2881085902452469
CC_F1AAB7E7C1B6,0.19891583621501924
CC_F1ACBC7B0225,0.6940383672714233
CC_F1AEBA6B17DD,0.1591161996126175
CC_F1B3B594360A,0.19236728847026824
CC_F1B40F8C9674,0.20023149251937866
CC_F1B47BF48C1F,0.27009788155555725
CC_F1B53661973F,0.4234874188899994
CC_F1B5ABCE840F,0.15459803938865663
CC_F1B68B98D5FD,0.38166922330856323
CC_F1B68E399DF3,0.08497796058654786
CC_F1BD3E53C52C,0.08413729518651962
CC_F1BED7C6D854,0.16853644251823424
CC_F1C567222616,0.08954936414957046
CC_F1C6748BE3B5,0.1673806846141815
CC_F1CA2918ABC6,0.0776899054646492
CC_F1CADB3B6F77,0.14715038239955902
CC_F1CBA5DAE755,0.13247960656881333
CC_F1CCDF1385EA,0.1045034795999527
CC_F1D17EB5C2D0,0.16395237743854524
CC_F1D25F99725D,0.05667656660079956
CC_F1D28BF651B6,0.16182406842708588
CC_F1D2A949F154,0.16733265817165374
CC_F1D49596FF97,0.1666313201189041
CC_F1D968B41468,0.27334052622318267
CC_F1DC1A019D7A,0.06740146577358246
CC_F1E096081C2B,0.10862229168415069
CC_F1E4AC889C75,0.24376467764377593
CC_F1E7737074A3,0.6079862058162689
CC_F1E7BE57AB11,0.5824145793914794
CC_F1EB0B3A300F,0.6835169553756714
CC_F1ECBF05B902,0.080960975587368
CC_F1F1C2C9792C,0.33186075091362
CC_F1F54B087468,0.1401822954416275
CC_F1F681D2AC76,0.24613787829875947
CC_F1F85F206AB5,0.16299412846565248
CC_F1F8F9D1D48D,0.16395237743854524
CC_F1FB4050851B,0.09878036677837372
CC_F205C66E7B96,0.08400889635086059
CC_F206D95E0364,0.632041621208191
CC_F2097FD4ABE8,0.44363570809364317
CC_F20DFCCCC743,0.012820513173937797
CC_F20E82AB322F,0.1624825894832611
CC_F20FDF9AD50C,0.4789043366909027
CC_F2133C080609,0.13663222938776015
CC_F2136E2AE569,0.1848985195159912
CC_F2155BA9A37D,0.12851333022117614
CC_F21B86862F7F,0.08196229189634323
CC_F21C91CB7601,0.1527250349521637
CC_F21FF9A07F2F,0.1682666838169098
CC_F222B6F139A9,0.17624363005161287
CC_F22392C764CD,0.4091596484184265
CC_F2280BFD4026,0.6627434968948365
CC_F228D4293785,0.061297230422496796
CC_F22ACC0B0994,0.3370280623435974
CC_F22CF4614943,0.12444882243871688
CC_F22D44B6050C,0.7620827913284302
CC_F23B33354AA5,0.5490364611148835
CC_F23D6D61770E,0.16299412846565248
CC_F2429920A80A,0.44363570809364317
CC_F2443F5D2F9B,0.25710641145706176
CC_F2455168E50B,0.10862229168415069
CC_F2460A021469,0.07196785062551499
CC_F246E3533F40,0.11033626794815063
CC_F248FE586573,0.17993960082530974
CC_F24901DAF60E,0.6202710628509521
CC_F24A993BD366,0.16395237445831298
CC_F2555B05221D,0.04077660739421844
CC_F255720E7BBA,0.24037872850894929
CC_F257BDCC0C4C,0.14346930384635925
CC_F258BFBF5D4A,0.054535699635744096
CC_F25A224A1304,0.17637983560562134
CC_F25D5BF6E1DC,0.4526828110218048
CC_F25DF2DF521A,0.08006270676851272
CC_F25F9C7AEFB7,0.15391472578048707
CC_F2658FEB5443,0.052375327423214914
CC_F265D45E9F86,0.03524213843047619
CC_F265E3D87C2B,0.1804145872592926
CC_F2679FF037DF,0.17073419094085693
CC_F26BC4969ED1,0.16395237743854524
CC_F26CA761F6EF,0.19530287086963655
CC_F26D1BFB46A0,0.17341313064098357
CC_F26E81CF67E0,0.838905680179596
CC_F26F973EC52F,0.09825515598058701
CC_F27100B5A20E,0.05263662487268448
CC_F271177F9688,0.6479914546012878
CC_F27282A36DD4,0.6841720819473267
CC_F273CEC05F25,0.1559931755065918
CC_F274F50ABCCD,0.0715088739991188
CC_F278675EC100,0.07211437076330185
CC_F27A092E7E2D,0.13306757807731628
CC_F27CECB7567A,0.16395237445831298
CC_F27F168BFF13,0.16299412846565248
CC_F28A17DFB9C3,0.73240567445755
CC_F28ABB34057D,0.10980324745178223
CC_F28AC6446F94,0.7407545685768128
CC_F28D1AC62260,0.12000085562467575
CC_F28E4D9A28AA,0.16248259246349334
CC_F29090CF8FF2,0.16344083845615387
CC_F291FCF60DB8,0.7620827913284302
CC_F297D7BF2FAB,0.09731213003396988
CC_F29A84E4823A,0.10351640433073044
CC_F2A1D94D0996,0.16344083845615387
CC_F2A3F2A3BE54,0.2205154240131378
CC_F2A583F5AA68,0.147919861972332
CC_F2AC86180A59,0.12384910434484482
CC_F2B0F1CB7E83,0.10314748585224151
CC_F2B6734A4F1B,0.06250435560941696
CC_F2BB21A879CB,0.27533518671989443
CC_F2BC7AA5ACF6,0.03763536363840103
CC_F2BD5C04AE65,0.7511825680732727
CC_F2C1E6D623C9,0.15211524367332457
CC_F2C95C927F6E,0.07442489117383957
CC_F2CA8EDE6A68,0.28724374175071715
CC_F2CC422CB271,0.1549800455570221
CC_F2CE3AF4CC30,0.16177727282047272
CC_F2CFF8EC8FC1,0.3748528778553009
CC_F2D1AEB816C0,0.15599317848682404
CC_F2D296D157A5,0.16751073002815248
CC_F2D2E4BAF62C,0.09560174494981766
CC_F2D33B5202E1,0.38729416131973265
CC_F2D505358E4D,0.17001159489154816
CC_F2DD0DA05CED,0.07409874647855759
CC_F2DD8EAFA0C4,0.06344914585351943
CC_F2DDF7E7CF7E,0.7935993432998657
CC_F2E45102E18F,0.17745790183544158
CC_F2E6D6E5BD58,0.10071049034595489
CC_F2E8AA3DFA25,0.14012925773859025
CC_F2EB542EF2DE,0.12418841421604157
CC_F2ECC4893AB1,0.185940682888031
CC_F2EE029A1334,0.5644360661506653
CC_F2F743F15540,0.08862003833055496
CC_F2FCBF57D54A,0.16299412846565248
CC_F2FDB39FD5E9,0.17739411294460297
CC_F2FE454D5B6C,0.0810317724943161
CC_F2FED154EEDC,0.06694248989224434
CC_F3002BD71AE5,0.05823723152279854
CC_F30225F6E051,0.05245564579963684
CC_F302E01152E8,0.1477234721183777
CC_F3043666B0CC,0.15869252979755402
CC_F306F4765C7A,0.12122325003147125
CC_F309E3004616,0.08625156283378602
CC_F30B52ABB80D,0.3128910720348358
CC_F30E6440B169,0.23392532765865326
CC_F31626E8FD43,0.1713886648416519
CC_F3170EB08148,0.13275388926267623
CC_F318CF68356A,0.7780982613563537
CC_F31A25F0DC30,0.14051016122102739
CC_F31E73E9EECF,0.08604755252599716
CC_F320632851E0,0.22474269270896913
CC_F320CCF9676B,0.47183104753494265
CC_F3230DD2B006,0.2212796092033386
CC_F32B8BCC3B73,0.08744628876447677
CC_F32C05757B6B,0.14667171239852905
CC_F32DAA63F75B,0.08859462440013885
CC_F32EE5E63CE0,0.16751073002815248
CC_F32F942B2709,0.22658562660217285
CC_F333288D9FBD,0.2014786571264267
CC_F3376CD9AD32,0.16299412846565248
CC_F33A5700002E,0.20908822417259215
CC_F33E1FC06D8E,0.6091025590896606
CC_F340FF356811,0.36300897002220156
CC_F3417A14035B,0.12962600886821746
CC_F341954F9855,0.14087930768728257
CC_F341E12BA14D,0.13179214745759965
CC_F342B8B0EA70,0.8649926066398621
CC_F346DAC39A3E,0.17572719752788543
CC_F34A0E69CCC6,0.1754215896129608
CC_F34A39AAA63D,0.3111532211303711
CC_F34A8C8E3DB6,0.15809402167797088
CC_F351F4283846,0.10251508355140686
CC_F3524E458D33,0.6226625442504883
CC_F3533C7D3715,0.0688637837767601
CC_F3567C538578,0.11424066126346588
CC_F361C628FDCC,0.18488957583904267
CC_F36F37D538BD,0.16248259246349334
CC_F371C87BF909,0.17840613722801207
CC_F3763253BC89,0.7457625150680542
CC_F381ECE54D5F,0.16533973813056946
CC_F383879C56FE,0.14199811816215516
CC_F38403DDEE30,0.15211524367332457
CC_F384C49FBD2C,0.11017524302005768
CC_F39079291E4F,0.09695836454629898
CC_F39485FC53FC,0.04465916864573956
CC_F394A2A50053,0.14055292010307313
CC_F397E199AB54,0.14715038239955902
CC_F399F02036EF,0.5614330530166626
CC_F39A263EE1BF,0.032214630395174026
CC_F39B22FAEAAB,0.08401904851198197
CC_F3A059EC2309,0.3673534095287323
CC_F3A25B3186CC,0.3259336888790131
CC_F3A25D7E0878,0.16364860236644746
CC_F3A67CDF27CE,0.2539776086807251
CC_F3AC394C5300,0.15211524963378906
CC_F3AF935D8C01,0.1280251234769821
CC_F3AFA8FC93AE,0.11080554127693176
CC_F3B22C31382C,0.2573161095380783
CC_F3B47152B00F,0.6658752083778381
CC_F3BC8E519431,0.05166259855031967
CC_F3BF8EE921DD,0.16733265817165374
CC_F3C029F1F345,0.08196229040622711
CC_F3C45D47E372,0.04104687795042992
CC_F3C7F2893619,0.07016515284776688
CC_F3C8D1481862,0.7042203426361084
CC_F3CD14BA890C,0.10858490318059921
CC_F3CE9E47C80C,0.15340318381786347
CC_F3CF4DBB008E,0.9896282911300659
CC_F3CF9A62675E,0.2345934271812439
CC_F3D2BA0EEE6B,0.6869094371795654
CC_F3D3C1EE4A30,0.07561739906668663
CC_F3D422C870C3,0.671092402935028
CC_F3D5FDE6F00A,0.19605657160282136
CC_F3DB0DAEE97A,0.10768663734197617
CC_F3DC4BBBD418,0.13109201192855835
CC_F3E726DD1CA8,0.1372301012277603
CC_F3EA4118A40D,0.10774423778057099
CC_F3F023F94C82,0.4116435170173645
CC_F3F88E4949B1,0.302494090795517
CC_F3FD29CE30B6,0.15956380367279052
CC_F3FDBBB70286,0.1716924399137497
CC_F3FDF87582D0,0.7752467513084411
CC_F40457DA1529,0.6026923060417175
CC_F404C85EED0A,0.1656730741262436
CC_F406F145871F,0.2099987030029297
CC_F40749CA5C15,0.18838122189044954
CC_F4075EEEDA2E,0.2277207314968109
CC_F40BCB3AFAC6,0.15809401869773865
CC_F41832D9C0E9,0.06405787542462349
CC_F418C79A09E4,0.09251127988100052
CC_F41A42DC52FE,0.16666024625301362
CC_F41D12A9EF9F,0.18988257944583892
CC_F42246A9D47C,0.14055292755365373
CC_F42671222BE3,0.16395238041877747
CC_F42B0FBDCDF2,0.3705084204673767
CC_F430C7EB5678,0.15211524665355683
CC_F432336B68BB,0.21948062479496003
CC_F433FDB0D60C,0.012612179294228554
CC_F43664462DC9,0.13205594271421434
CC_F4375474A41E,0.16395237743854524
CC_F44356B9A2BC,0.29147474765777587
CC_F447A8D67984,0.14214698374271392
CC_F4491F242AD1,0.1354016989469528
CC_F44A19E54573,0.012612179294228554
CC_F44BF365B78B,0.04858331829309463
CC_F44C6D96E756,0.3367475807666779
CC_F45018EAC26A,0.16395237743854524
CC_F450D5403E2D,0.14734723269939423
CC_F451F4C3EB57,0.7154763340950012
CC_F457B0F30080,0.32574758529663084
CC_F4581F86823B,0.7407545685768128
CC_F4598285F6FE,0.06442317143082618
CC_F4598BD7C459,0.10904082506895066
CC_F45A16CB0785,0.10351640433073044
CC_F45B0879E7AA,0.09330946952104568
CC_F45B48BF7AAB,0.5315973401069641
CC_F45DFFBA6675,0.07761188670992851
CC_F4631BA1FFEC,0.10958622097969055
CC_F46A355991F1,0.16299412548542022
CC_F46F99736E46,0.07871940955519677
CC_F471FF623B87,0.0738168865442276
CC_F47372B5A0E1,0.07977319359779358
CC_F47432438411,0.08401905000209808
CC_F4751B466436,0.06526500210165978
CC_F479AA17E0E2,0.06758016049861908
CC_F479D213BD47,0.07639459073543549
CC_F47A2BDA106E,0.3480268657207489
CC_F47CA2FECF36,0.1039400652050972
CC_F47F87B773D9,0.32675654292106626
CC_F480A3797F14,0.14537329375743865
CC_F48104FB6562,0.22547608315944673
CC_F48677E0DACB,0.09049420952796935
CC_F48E0985510D,0.10858490467071533
CC_F49750F79B53,0.15332886427640915
CC_F4985439A092,0.1471503794193268
CC_F498A81CCB08,0.06420439556241035
CC_F4A29B1F93A4,0.736876618862152
CC_F4A6773365B1,0.13476612865924836
CC_F4A80E78D005,0.030985882505774498
CC_F4AC2FDB16BA,0.15599318146705626
CC_F4B1B247103C,0.12920641899108887
CC_F4B5C696B4FB,0.19568348526954651
CC_F4BD2F89D667,0.21636692881584169
CC_F4BE602AC329,0.6435669183731079
CC_F4BF3F3A2CDC,0.04685503840446472
CC_F4C03CB79174,0.17437138557434081
CC_F4C51E07FD3B,0.49920923709869386
CC_F4C662E01454,0.10351640433073044
CC_F4C7498C67C6,0.09027180075645447
CC_F4C79661EE2C,0.27089951634407045
CC_F4CF4B82F463,0.11156317442655564
CC_F4D18D918517,0.17234691381454467
CC_F4D482119A70,0.039715158939361575
CC_F4D49727D091,0.1836814522743225
CC_F4D7BDBD77AD,0.28132752180099485
CC_F4DB6135D118,0.07863293439149857
CC_F4DF72757CF8,0.2345934271812439
CC_F4E48F88FABC,0.7049629330635071
CC_F4E52381E3A2,0.10251508802175521
CC_F4E78743AFD9,0.14475723803043367
CC_F4EA23AE3CDE,0.057483242452144624
CC_F4EABE9E9A75,0.1500367909669876
CC_F4F03572B457,0.13205594420433045
CC_F4F45AB04AB8,0.8242454409599305
CC_F4F689245C6A,0.44363570809364317
CC_F4FE1A798D39,0.6234952330589294
CC_F501C6A93D4D,0.15911619663238524
CC_F50284B2304E,0.7436333775520325
CC_F503D39880A8,0.10796624273061753
CC_F50CC8EDCC82,0.28291314244270327
CC_F5108F45CE03,0.23337058424949647
CC_F51278E29768,0.1321854770183563
CC_F5131D420FCC,0.02262224778532982
CC_F5145F9A5E41,0.1029408484697342
CC_F51D37205C90,0.3527735471725464
CC_F523194EA1F7,0.6835343837738037
CC_F526BEB5F93B,0.08196229189634323
CC_F52BD50B632F,0.13553243577480317
CC_F531DE2CF7EE,0.6943757653236389
CC_F534C514E954,0.0688637837767601
CC_F53E189C01C9,0.10293874889612198
CC_F54211EFEDF5,0.12979367673397063
CC_F5451A0A8513,0.05161585807800293
CC_F545F57CE1F4,0.6974914908409119
CC_F548ED4164A6,0.13030266165733337
CC_F55172B357E8,0.061297227442264554
CC_F552A3B8FCDA,0.07212274819612503
CC_F552FC3EACF5,0.14611353874206542
CC_F55615FC6ABF,0.26334214210510254
CC_F558A40AC73B,0.7413497805595398
CC_F5597B02D919,0.25985831022262573
CC_F559B6C6A263,0.061297228932380675
CC_F55C154FC307,0.07768990844488144
CC_F55D9F5EA5AC,0.10351640284061432
CC_F56035C46960,0.20239630937576295
CC_F560B14EDD0B,0.11113192588090896
CC_F560B2B2BDD0,0.16666024923324585
CC_F566142B66F5,0.2358948051929474
CC_F5695C992830,0.17976012229919433
CC_F5734E41D4BF,0.11163081824779511
CC_F579EA981AA4,0.05603167116641998
CC_F57D3110D580,0.1571591913700104
CC_F57D877B6299,0.37339931130409243
CC_F57F75A4935A,0.33034279346466067
CC_F58377ED7337,0.1565047174692154
CC_F586585E530D,0.13526074290275575
CC_F58CEDF54E4F,0.06159627288579941
CC_F58D22BD9A8C,0.13120996654033662
CC_F58D7B909954,0.08108937442302704
CC_F58DC140871A,0.10919368714094162
CC_F58F47730145,0.17703430950641633
CC_F59128793CE4,0.08858311995863914
CC_F59254728A99,0.6888202071189881
CC_F59398F5BF6A,0.36300897002220156
CC_F59A01FC3713,0.16892115473747255
CC_F59D2FC5C99D,0.3223037600517273
CC_F59EAEDE1054,0.1636486053466797
CC_F59F30FDDB27,0.15220311880111695
CC_F5A1BDEEF186,0.12418841272592544
CC_F5A33037392D,0.10151173025369645
CC_F5ACC62A98EA,0.18404270112514495
CC_F5AD570CF8CB,0.15599317252635955
CC_F5ADEBDFE67B,0.15391472429037095
CC_F5B011A8618E,0.2137497305870056
CC_F5B36EB7F2D5,0.44353688359260557
CC_F5B5FF54F84F,0.0691360779106617
CC_F5B97B7787DC,0.1350850433111191
CC_F5BA90063BB9,0.18337308764457702
CC_F5C6EAE32824,0.3948577642440796
CC_F5C6F4EBF470,0.0810044288635254
CC_F5CA127023A2,0.12352272123098373
CC_F5CB98057659,0.12838379740715028
CC_F5D06824A148,0.15014386624097825
CC_F5D0E91F7F82,0.114521823823452
CC_F5D1CD23F53D,0.13550870716571808
CC_F5D2E47D3F40,0.10481320172548295
CC_F5D3CD54313E,0.291772735118866
CC_F5D5D8278A46,0.3470096170902252
CC_F5D5E3162C52,0.5538431406021118
CC_F5D63C221897,0.2024657368659973
CC_F5D94AE91777,0.8040596723556519
CC_F5D9C3E5FCCC,0.16299412846565248
CC_F5DB2E49F057,0.0514757014811039
CC_F5E1E55DB43B,0.09051962494850159
CC_F5E8535DECCC,0.2692543983459473
CC_F5EA0ACB8BEC,0.16299412846565248
CC_F5EB6030BF91,0.10883932113647461
CC_F5F2724EEE96,0.6776814103126526
CC_F5F6B3773549,0.04801596030592918
CC_F5F9E37D4FFB,0.1591970682144165
CC_F5FCF245BEE9,0.1926751047372818
CC_F60433B2B286,0.17775166034698486
CC_F60A4914143B,0.2907402038574219
CC_F60C6C46199F,0.17840613424777985
CC_F60CC08C6E87,0.10431205928325653
CC_F6100F165F0F,0.6835169672966004
CC_F61AB5DEDCF5,0.32970440983772276
CC_F61F3DA59328,0.14587604999542236
CC_F621C4DF6B2B,0.18552510142326356
CC_F622072836CA,0.287000036239624
CC_F6222CC1DF5D,0.4113649070262909
CC_F62298098EB1,0.08559961169958115
CC_F62448D781EA,0.10351640433073044
CC_F6270AF942F9,0.08590468764305115
CC_F62748561A8A,0.6642609238624573
CC_F627BEED6F1A,0.0799003705382347
CC_F628FEE82CFB,0.2913574635982513
CC_F62C55B9E4D3,0.15911619365215302
CC_F63240DF2195,0.34746729731559756
CC_F632E0DD954B,0.15599318146705626
CC_F63BA14056F7,0.17703430950641633
CC_F63C8B2BFEFE,0.04469351395964623
CC_F63DAF570F1A,0.11923667341470719
CC_F63DC4445192,0.06883665844798088
CC_F63E6BE04183,0.23002633154392244
CC_F63F5BB4EC72,0.11703887134790421
CC_F6409EFF796E,0.3272205352783203
CC_F641608C703C,0.10203883498907089
CC_F6421A10C936,0.7689722299575805
CC_F6427E23F97C,0.13331080675125123
CC_F6451CECC1AF,0.15911619663238524
CC_F645C60A1B13,0.11721764206886291
CC_F6494A25DC92,0.09509096592664719
CC_F64972182028,0.06999288722872735
CC_F64A001812EE,0.16248259246349334
CC_F64BE498059A,0.24245995581150054
CC_F64CEC6DB1BD,0.5183422148227692
CC_F64FC11F68F5,0.23046452701091766
CC_F65433B2DF33,0.11975402235984803
CC_F654DF2ACA67,0.22022370398044586
CC_F65AD5DF8486,0.07900210171937942
CC_F65F5EC2648A,0.1414519354701042
CC_F6622928C861,0.05166259929537773
CC_F6638E8BE14C,0.15911619663238524
CC_F66A7FB8294D,0.10167441964149475
CC_F66B0D5D33B0,0.2993856966495514
CC_F66D4193F947,0.35678117871284487
CC_F67072EA036F,0.27732728123664857
CC_F6734B2BF846,0.46792090535163877
CC_F678E0AF7480,0.7614875435829163
CC_F67B6C85594A,0.2913028061389923
CC_F67B99617E0F,0.30621650218963625
CC_F67CA099A07C,0.15351025760173798
CC_F67EAA8DB604,0.06442317143082618
CC_F67F4BC2BC80,0.18069414794445038
CC_F682F12F08DD,0.24174352884292602
CC_F68EBAB45F84,0.04566754177212715
CC_F69ACDF0BF59,0.06740146577358246
CC_F69C57031A8B,0.1016744241118431
CC_F6A1077E651B,0.18753021359443664
CC_F6A13446882B,0.14715038239955902
CC_F6A53C7494E9,0.054535699635744096
CC_F6A66476DA81,0.6947084665298462
CC_F6AEE34A6286,0.2614319741725922
CC_F6B4991CB99C,0.15415133237838746
CC_F6B64FBF2D6B,0.1395782634615898
CC_F6B663401126,0.05263662338256836
CC_F6B9CE83EB98,0.15383664071559905
CC_F6BB5D272F93,0.037621583044528964
CC_F6BBA7AD4FB0,0.4831860899925232
CC_F6BBE5962972,0.18931525349617004
CC_F6BE8C24721F,0.22646390795707702
CC_F6C25DCD0380,0.11928311586380005
CC_F6C424087C73,0.07416221499443054
CC_F6C53D1BAAE4,0.16733265817165374
CC_F6C5AA39EE2B,0.08006270676851272
CC_F6C6D0699D3C,0.16248258650302888
CC_F6C7B020AD44,0.046855039149522784
CC_F6C7DF32135E,0.28132752180099485
CC_F6CC9D4FE59B,0.08006270676851272
CC_F6CEF5529D2C,0.0092788465321064
CC_F6CF1352D8F8,0.10675840228796005
CC_F6D004840630,0.11901582479476928
CC_F6D3CD509C20,0.23480714559555055
CC_F6D49BA682B6,0.2271967977285385
CC_F6D7DFA3642F,0.36950125694274905
CC_F6DA929C669D,0.1657020002603531
CC_F6E0B7F9E155,0.06307994946837425
CC_F6E2DF4BA561,0.0514757014811039
CC_F6E589CC1A3D,0.7369030237197876
CC_F6E690C75C95,0.3862468898296356
CC_F6E8D1F4A932,0.23793838322162628
CC_F6E96837B74C,0.15014386624097825
CC_F6EC1BEAB6AD,0.49107365012168885
CC_F6ECC830ED5E,0.12464476078748703
CC_F6EF66DF455D,0.3501524567604065
CC_F6F2A479FA31,0.12477611303329468
CC_F6F4AE1396CB,0.1642447829246521
CC_F6F876A0E0F8,0.07174300104379654
CC_F700C46F9CAE,0.14925122261047363
CC_F703E5052D2C,0.6257691979408264
CC_F70EC2E7BEF7,0.13817874789237977
CC_F70F50C316D5,0.2945993602275848
CC_F7116434A0E0,0.1898825764656067
CC_F71328FE8228,0.15328125655651093
CC_F714D50B3EFF,0.15599317848682404
CC_F715002B1651,0.06442317143082618
CC_F715FB7FE72D,0.061297228932380675
CC_F71813653495,0.7731390953063965
CC_F726491096AC,0.15169158279895784
CC_F7274DA1113B,0.17600674629211427
CC_F729647BDF24,0.21638143062591553
CC_F730B450DD0A,0.12352271825075149
CC_F731A0361498,0.37807430028915406
CC_F7366CA6A0F2,0.10862229168415069
CC_F736FC094982,0.14494239389896393
CC_F73777432443,0.046855039149522784
CC_F73D0DE13A60,0.13760955035686492
CC_F73DAEAEF28C,0.06136317402124405
CC_F73F87705A2E,0.12733203023672104
CC_F74103054AD5,0.08293135762214661
CC_F74407D93115,0.08585653007030487
CC_F7448896BA63,0.19199419617652894
CC_F7468D34F4D8,0.15434818267822265
CC_F7546010F01A,0.09144894927740096
CC_F75499AF26BC,0.1035164013504982
CC_F756C13A6AE1,0.1716924399137497
CC_F757D8BD788D,0.04077660776674748
CC_F75B13FBD9BA,0.05726320445537567
CC_F75CA4CCFB05,0.2262089729309082
CC_F7639C52EED2,0.0801203116774559
CC_F7648C2B28F3,0.06702405884861946
CC_F765ADB0EB29,0.11552796214818954
CC_F766E347C3A5,0.6257692217826843
CC_F767D37961E1,0.14551863670349122
CC_F76B0C9C817E,0.108977510035038
CC_F76BB562BED4,0.14378398954868316
CC_F770222FEA18,0.16248259246349334
CC_F772F2B30736,0.14327245056629181
CC_F77319C5417A,0.10351640284061432
CC_F7739AD04B4E,0.35678117871284487
CC_F773F1FEBF43,0.14384553730487823
CC_F77532FB553D,0.26386340260505675
CC_F77A0D18EB0D,0.7620828032493592
CC_F77F35199AC1,0.1167982578277588
CC_F78036249EA1,0.42348740696907045
CC_F780F9B5DC91,0.09707766622304917
CC_F7811743B594,0.16395237743854524
CC_F789349798CB,0.06405787616968155
CC_F7909532FCD3,0.7841151833534241
CC_F793A59F8534,0.14345619827508926
CC_F793B38ACAE2,0.20074149668216706
CC_F794D08E2643,0.1624825894832611
CC_F796392A7562,0.25435425341129303
CC_F79850403C30,0.22146202623844147
CC_F7988358F940,0.08343973010778427
CC_F79A09B10F6B,0.7525775074958801
CC_F79CDD28CBA8,0.06394009441137313
CC_F79DD3F410A4,0.3136370897293091
CC_F79EB5F121F1,0.532778286933899
CC_F7A0F4610902,0.1651904582977295
CC_F7A20820A63C,0.2677849680185318
CC_F7A219CDFE8D,0.16299412846565248
CC_F7A5782FC2B3,0.7200436353683471
CC_F7AB852E9674,0.17056887745857238
CC_F7ABF02F59EC,0.3340806424617767
CC_F7B088BDE5FA,0.05516962818801403
CC_F7B0A3CD694C,0.07890967577695847
CC_F7B40F88EE53,0.2486002504825592
CC_F7B4A4075178,0.11928311586380005
CC_F7B59DD073C6,0.04077660627663136
CC_F7B9D8E0EB81,0.2007414937019348
CC_F7BD8F91EB59,0.07648278474807739
CC_F7BDDA70526F,0.5338379383087158
CC_F7C134EAEAD8,0.10351640582084656
CC_F7C4EB38C238,0.05882256329059601
CC_F7C5333856CA,0.055696622282266614
CC_F7C629F4E8D1,0.0468550406396389
CC_F7C8A86C48C9,0.12871018350124358
CC_F7CF1BC341B4,0.05263662338256836
CC_F7D36BDBF81A,0.18931525349617004
CC_F7D46B97D91D,0.838905644416809
CC_F7D76F987586,0.6265628457069397
CC_F7D84A5C2D14,0.13997822552919387
CC_F7DAFE861FD9,0.1565047174692154
CC_F7E61DF9CB59,0.1289997786283493
CC_F7E6DB41145B,0.1898825764656067
CC_F7EACD529D7D,0.4910736620426178
CC_F7F13B7D3B60,0.2697796285152435
CC_F7F3D5C8FEB9,0.07427199631929397
CC_F7F44CDB5963,0.7575854539871216
CC_F7F5C5F7C12B,0.01918414942920208
CC_F7FD06A8501A,0.2101781815290451
CC_F8020B5287AA,0.16344083547592164
CC_F80357E1BBF1,0.15860466063022613
CC_F805D99359A8,0.09567678719758987
CC_F80ABD2E670C,0.22056172788143158
CC_F80B0600632F,0.07326281517744064
CC_F80CDAD91DF9,0.27311296463012696
CC_F80F4A72535A,0.7458471536636353
CC_F8108E923454,0.17507272362709045
CC_F81382B808CE,0.8389056563377381
CC_F81956DC9737,0.15340318530797958
CC_F81B6634988D,0.3989648222923279
CC_F81E26974772,0.486316442489624
CC_F81E6DE5732E,0.03944488801062107
CC_F81F9411962B,0.086503167450428
CC_F820606CC422,0.10255247503519058
CC_F823B852B9A5,0.7564029693603516
CC_F823C9E8D563,0.10251508355140686
CC_F8245352D2E9,0.16570200324058532
CC_F82652A9AAD0,0.06548264920711518
CC_F8268889AA39,0.2945993602275848
CC_F82691F0DEE8,0.11038187593221664
CC_F82B87B46F8C,0.3823577642440796
CC_F832971A4715,0.5072641253471375
CC_F836CBAF7ADA,0.09007871448993683
CC_F837B048CC3C,0.2812782347202301
CC_F83E7A3CEC1C,0.14715038239955902
CC_F842328B6012,0.05050167664885521
CC_F844D730FD87,0.17138866782188417
CC_F846E4C6DB8C,0.10338195264339448
CC_F84855FBC8A1,0.23607722520828248
CC_F850163DF606,0.7570748448371887
CC_F8501C1DD7A8,0.05245564579963684
CC_F8565EB95F01,0.049314402788877484
CC_F8585285EC22,0.606099545955658
CC_F85885743E31,0.18086376488208772
CC_F860E3546293,0.2234064221382141
CC_F8661CC2F776,0.11733179986476898
CC_F8679B7225C9,0.5873146176338195
CC_F86F6CB40A7C,0.17234691083431244
CC_F87006FDEC31,0.1160026028752327
CC_F87148990936,0.05312769785523415
CC_F872EDB2A023,0.15911619663238524
CC_F873C1BCC217,0.09218776375055313
CC_F876B18BD1F2,0.1721981316804886
CC_F8792D34E4F8,0.09351610690355301
CC_F87DCF18E3AC,0.16731471717357635
CC_F87DF3C9F121,0.08647038787603378
CC_F87E703A8D58,0.20328484177589418
CC_F880E8F65E3A,0.09367105811834335
CC_F885E5032235,0.10335371047258377
CC_F886CC8F8D4C,0.07594948410987853
CC_F8884DC00927,0.16289770901203154
CC_F889F7B5B8C8,0.17069500386714936
CC_F88B127FDC02,0.10431206077337266
CC_F890B09FE8CA,0.10768663585186004
CC_F8918AB16EC9,0.06032320111989975
CC_F899B5A120C9,0.35759360790252687
CC_F8A0FB88C202,0.07854424268007279
CC_F8A6A691165D,0.5644360780715942
CC_F8ACC47C7359,0.14734723269939423
CC_F8B0A8BA8297,0.3619963526725769
CC_F8B1FA6C317A,0.19460152983665466
CC_F8B3DBD45C73,0.06427552625536918
CC_F8B560B78278,0.17169244289398194
CC_F8B7A68D10AB,0.08623916357755661
CC_F8B829C22402,0.11905916631221772
CC_F8B8F3626687,0.14359645992517472
CC_F8B98F1F0D1B,0.2996674656867981
CC_F8BB438FFCCD,0.03670404553413391
CC_F8BB6BE899D5,0.9824694752693176
CC_F8BDAFAEA76F,0.15650472044944763
CC_F8BF4B981E80,0.14715038239955902
CC_F8C076754B94,0.1629941314458847
CC_F8C0C8B6D61D,0.7508550882339478
CC_F8C4F3798BBD,0.0914489522576332
CC_F8C86BD5D5B7,0.6091025710105896
CC_F8CB10FF8C14,0.040776610001921655
CC_F8CDE04312A4,0.05349197536706925
CC_F8CE9AF3B65B,0.09787332266569138
CC_F8D964558443,0.10958621948957444
CC_F8DAD74106E4,0.09822974503040313
CC_F8DCB0559F1E,0.2883636295795441
CC_F8DEDE53874B,0.25525363385677335
CC_F8E04577EB92,0.017945513501763342
CC_F8E1AF9C8D6B,0.10431206077337266
CC_F8E1DC6DC229,0.1590522676706314
CC_F8E3AD927A75,0.3114363968372345
CC_F8E3CFEA87D2,0.15809401869773865
CC_F8E8CFFDBBD8,0.10331073850393295
CC_F8E9A18EB1BC,0.11666872352361679
CC_F8ECB2B11893,0.13635754138231276
CC_F8ED86055743,0.08562972247600556
CC_F8F6498DE1FF,0.6472155690193176
CC_F8F7242BE8D6,0.15421608388423919
CC_F8F77D9865BF,0.6841720819473267
CC_F8FCDE833571,0.20550680458545684
CC_F9014AAA4EB6,0.8023504734039306
CC_F9025BFCE0ED,0.14715038239955902
CC_F902A27CE585,0.07899127900600433
CC_F90680B62868,0.12474204152822495
CC_F90753BC3181,0.11088301837444306
CC_F90CD2C878A3,0.0510759599506855
CC_F90DEF5C532B,0.10054538697004319
CC_F919EB348F05,0.15860466063022613
CC_F91CA16642BF,0.10155115276575089
CC_F91FDDE6F783,0.08644027709960937
CC_F92471F9048D,0.06678122580051422
CC_F9273955A985,0.4205847680568695
CC_F9282F152F2E,0.06901030093431473
CC_F92B83B47EFC,0.04552331939339638
CC_F931F91A0D29,0.13735612630844116
CC_F9326647E2CD,0.32574758529663084
CC_F937B09FE9FC,0.05823723077774048
CC_F93943E60DF3,0.040841365978121755
CC_F93BADFA0ABA,0.3255352258682251
CC_F93FC133E85A,0.11503867208957672
CC_F9400A676E1F,0.05569662153720856
CC_F946BA2A6427,0.5269427418708801
CC_F949B0A7CDC0,0.15599317848682404
CC_F94AC93A0971,0.28904380202293395
CC_F94D8DA598B1,0.2697796285152435
CC_F94DC5B10367,0.17572719156742095
CC_F953C1498507,0.1785275846719742
CC_F9590CB6B113,0.13957826793193817
CC_F9625DFF8388,0.11198823153972626
CC_F9638F39BEC2,0.030985884740948676
CC_F9643C6C4546,0.12815198451280593
CC_F9664535E946,0.12851333022117614
CC_F968DFD0E601,0.10313230156898498
CC_F969BB70E7D3,0.11570510268211365
CC_F96B9FD70EC6,0.04476146213710308
CC_F96CB86375B6,0.29258806109428404
CC_F96E884B297F,0.046647485345602036
CC_F970DBFA2D2E,0.17600674033164979
CC_F97109522C2A,0.16299412846565248
CC_F97434350757,0.07611748725175857
CC_F9765A96963B,0.11808797121047973
CC_F97D466A6E6A,0.14944807291030884
CC_F98A1C8CDD45,0.06129722818732262
CC_F98A1DA65A8E,0.07949396520853043
CC_F98B955C0AA2,0.16248258650302888
CC_F98EC6895B64,0.14068245887756348
CC_F990239E7026,0.09149411171674729
CC_F99C67851956,0.05823723077774048
CC_F9A19AF021AE,0.055696623772382735
CC_F9A389D3325D,0.08165543973445892
CC_F9A3BA84B031,0.08109220862388611
CC_F9A441AA5500,0.3923097550868988
CC_F9A5175B4454,0.17133862376213074
CC_F9A5C5ECD125,0.2939485847949982
CC_F9ABA65711C2,0.35138818621635437
CC_F9ADBFD631ED,0.0674014687538147
CC_F9B0EC622F97,0.08845734745264053
CC_F9B4CCF68853,0.12298245280981064
CC_F9B6DCB9A836,0.10251508504152299
CC_F9B897921B68,0.08439367413520812
CC_F9BE72E62B64,0.1624825894832611
CC_F9C1756D2E76,0.2976166754961014
CC_F9C3641FB171,0.15211524665355683
CC_F9C38849208F,0.10322286933660507
CC_F9C527ED2152,0.07312352359294891
CC_F9CC85284D25,0.05472259446978569
CC_F9CEFD1528D8,0.10314748287200928
CC_F9CF68E17EA6,0.07123658210039138
CC_F9D152FAF3B8,0.18976539969444275
CC_F9D2C23716FE,0.15536752045154573
CC_F9D35124F558,0.6214541077613831
CC_F9DD369305F0,0.14314291924238204
CC_F9E294E53378,0.19305606484413146
CC_F9E4712F0715,0.17073419094085693
CC_F9E485AE489A,0.06573783680796623
CC_F9E78388BFB7,0.03649097383022308
CC_F9E7D1678D19,0.13247960954904556
CC_F9E9061D67AC,0.10473572164773941
CC_F9E97D1374B7,0.2319055527448654
CC_F9F0412A471B,0.27713524699211123
CC_F9F5094F8E23,0.07312352359294891
CC_F9F6CB78DEC5,0.10938055962324142
CC_F9F73F6ED3B0,0.0891570806503296
CC_F9F8E9BC47C4,0.12640978693962096
CC_F9F8FF3ED3DB,0.05050167739391327
CC_F9FF1BA04E76,0.06013630628585816
CC_F9FFAC86788C,0.09248092025518417
CC_FA01385FDEDB,0.0970776692032814
CC_FA05AAAC1E14,0.7747097492218018
CC_FA08000ADCFE,0.14043971598148347
CC_FA0BF0783FD0,0.030985884740948676
CC_FA105AB567E0,0.10351640284061432
CC_FA105F7B3C33,0.2431308925151825
CC_FA12258DFF68,0.10958622097969055
CC_FA1291DCAB53,0.6265628695487976
CC_FA1340719EDE,0.10958622097969055
CC_FA14BE472FE0,0.13458743393421174
CC_FA14C07D33E7,0.2015747457742691
CC_FA15645416C8,0.168720018863678
CC_FA19AE8F95FE,0.402606463432312
CC_FA1C60D73060,0.08613252341747284
CC_FA22CCE617A3,0.05819296836853027
CC_FA22FAA12201,0.17666122019290925
CC_FA247FD6BE5A,0.1565047174692154
CC_FA27643430B8,0.1996024250984192
CC_FA29082510C5,0.04991503730416298
CC_FA29D90B8B3D,0.20572899878025055
CC_FA2A4975A4B9,0.15599317848682404
CC_FA2AD2B08B5C,0.46356276273727415
CC_FA30D584BD29,0.39479364156723024
CC_FA311F31F3B5,0.09402974247932434
CC_FA37808613AF,0.03971515819430351
CC_FA395FBB9065,0.015642482787370682
CC_FA3A0584B438,0.012612179666757584
CC_FA3BFDACC799,0.21003209948539733
CC_FA3F97D21DA7,0.09251479059457779
CC_FA40CD4954E4,0.47890432476997374
CC_FA41178480EE,0.10352183878421783
CC_FA44A2280E33,0.1471503794193268
CC_FA49A346F364,0.11259987801313401
CC_FA4BA7C4BB06,0.11745290011167527
CC_FA4CC4CA34E6,0.08006270676851272
CC_FA4D49BED672,0.080960975587368
CC_FA5030F692B2,0.16733265817165374
CC_FA52CC39C4CC,0.12352272123098373
CC_FA55CC52F5C3,0.15047024488449096
CC_FA5894738149,0.12299294769763947
CC_FA59C38A52BA,0.4789043366909027
CC_FA5AF22665C1,0.17780398726463317
CC_FA5BC315D9F6,0.2326384425163269
CC_FA5BE519ACAB,0.048015962541103366
CC_FA65F8926E3E,0.09044763147830963
CC_FA6607A89B4D,0.18151823580265045
CC_FA6A02ADDD50,0.3805190443992615
CC_FA6F18EF02CC,0.12502043545246125
CC_FA759297E796,0.5860256314277649
CC_FA772628F447,0.24201100468635559
CC_FA77CBEBB775,0.16520302891731262
CC_FA7C12A11BE7,0.06867821589112282
CC_FA7E310C633F,0.13646218180656433
CC_FA80CB6C6A6B,0.6694928169250488
CC_FA8471724C0C,0.5614330649375916
CC_FA8CE85634D0,0.1431429147720337
CC_FA8CF00C10B9,0.10900856554508209
CC_FA903F26D666,0.19240342378616332
CC_FA9064AE4DCB,0.08644497394561768
CC_FA96049284C9,0.09993686974048614
CC_FA9A93FA76F8,0.09496770203113555
CC_FA9BF45DD54D,0.167303866147995
CC_FA9EF0734D6B,0.07662930339574814
CC_FA9FAB4D3C35,0.08946335911750794
CC_FAA21E1495E4,0.09503336101770402
CC_FAA2E40FB370,0.03554178848862648
CC_FAA5FAE80898,0.1652030259370804
CC_FAAAB9AF0E3D,0.15599317848682404
CC_FAB5B8C59F39,0.09302373230457306
CC_FAB63CD91C52,0.07343016564846039
CC_FAB7FA926C53,0.14518089592456818
CC_FAB879351A9A,0.11292626261711121
CC_FABBE9E7D901,0.5644360780715942
CC_FABCD3C1BB4E,0.2190140426158905
CC_FABE18B83E61,0.07449429929256439
CC_FABFFF86A6BA,0.06405787542462349
CC_FAC3A320FA0E,0.17894503176212312
CC_FAC61CBF9476,0.09707766622304917
CC_FAC825C895BB,0.07662930339574814
CC_FACA11A2F987,0.06977426409721374
CC_FACB152D9044,0.17169244587421417
CC_FACB1C3886DD,0.21819665729999543
CC_FAD23D780455,0.04685503840446472
CC_FAD5EE29252C,0.7436333775520325
CC_FAD5FCC2152F,0.16733265519142151
CC_FADD40BDDA27,0.14284878671169282
CC_FADE7956C568,0.0959690198302269
CC_FADED0DD1E11,0.08859462440013885
CC_FADF80007654,0.5477878212928772
CC_FAE187E36050,0.07533398866653443
CC_FAE46B495FD6,0.5794115781784057
CC_FAE63095194B,0.15211524665355683
CC_FAE7244F9071,0.08811959177255631
CC_FAE993C38F81,0.13148081302642822
CC_FAEDBC5CA858,0.04890677779912948
CC_FAEE002BC69A,0.2552008867263794
CC_FAEFF1F47614,0.6435669541358948
CC_FAF11A709DAE,0.07639459073543549
CC_FAF34893CC71,0.16570199728012086
CC_FAF43F88FC7B,0.32574758529663084
CC_FAF4EBAA13D7,0.10155115127563477
CC_FAF95D7B8DC5,0.7956461668014526
CC_FAFA318075FC,0.13260914385318756
CC_FAFFAB5694C1,0.14557014107704164
CC_FB00970F296E,0.39920220971107484
CC_FB030FD36766,0.10145412385463715
CC_FB052ED26F79,0.06800309717655181
CC_FB0AA84A4E34,0.2349676877260208
CC_FB0C5BA8C8DE,0.15695142447948457
CC_FB0D34952EE5,0.040776607021689414
CC_FB0DB7D66A54,0.20268070101737976
CC_FB11A8EBDE95,0.14723438620567322
CC_FB169A2F467B,0.08206399530172348
CC_FB1B387AEBD7,0.0708190530538559
CC_FB20DF1247CA,0.1850009471178055
CC_FB22D9ED8176,0.15911619365215302
CC_FB26E4420F9B,0.2668164759874344
CC_FB3AFBA45EF9,0.21906037628650665
CC_FB3E53D03EEA,0.12114854454994202
CC_FB3F48EA1882,0.12352272123098373
CC_FB402A2AEB8D,0.1092898964881897
CC_FB437B99FE65,0.05050167664885521
CC_FB4EC656638C,0.17586829662322997
CC_FB51A08AA255,0.1350850433111191
CC_FB52EF3A50BD,0.07463729083538055
CC_FB56FF3F72C6,0.14571548402309417
CC_FB5BE4AE7D60,0.09595704674720765
CC_FB5EA8C16A7E,0.15650471448898315
CC_FB604F3337EF,0.09695836156606674
CC_FB61C5B06CEF,0.029073388129472733
CC_FB62671B80B8,0.38813027143478396
CC_FB64F4A761DA,0.13321388214826585
CC_FB674F9B4FB8,0.37167286276817324
CC_FB6FF71A9244,0.147919861972332
CC_FB7D28709496,0.1956736207008362
CC_FB7D799D3336,0.24798907935619355
CC_FB7D8D39B1AE,0.09049421101808548
CC_FB7F8898D335,0.18281884789466857
CC_FB8467020D34,0.10300276577472686
CC_FB875FBCA950,0.16299412846565248
CC_FB8AF7549981,0.10653005987405777
CC_FB94F25E5F2A,0.13679664433002472
CC_FB952A0CCD97,0.11185730546712876
CC_FB973DE64208,0.012882449850440025
CC_FB986C868D02,0.10049019604921341
CC_FB989101F9FC,0.26315972208976746
CC_FB9A171170BA,0.12444791048765183
CC_FB9C77E30CEF,0.14715038239955902
CC_FB9E3228A33C,0.31267871260643004
CC_FB9F5B2918F2,0.08554670363664627
CC_FBA1392336AC,0.15977067053318023
CC_FBA285A7BBBE,0.04330369383096695
CC_FBAB550F6E4E,0.6642609119415284
CC_FBABF8A2F99E,0.06555227488279343
CC_FBAC24A1F982,0.13364541083574294
CC_FBAEBBD86DE4,0.17073419094085693
CC_FBB0C13EE739,0.07428919523954391
CC_FBB2FF976D5E,0.06754798591136932
CC_FBB34481AF88,0.1766064167022705
CC_FBB57D3DAD28,0.23858847022056578
CC_FBB6F5BA94B9,0.14443085789680482
CC_FBB8EA23B5C2,0.09751876443624496
CC_FBBBFB93B4D7,0.0652064859867096
CC_FBBC0931BE5C,0.25710641741752627
CC_FBBC48280EF2,0.10161681622266769
CC_FBBE7DE9B5CE,0.13735612630844116
CC_FBC38AA11D8B,0.16395237743854524
CC_FBC56DC89C4F,0.19574756622314454
CC_FBCC26C9611F,0.19360543191432952
CC_FBCCEF29A452,0.12082134634256363
CC_FBCDA82D87BF,0.09049420952796935
CC_FBCDC39731F9,0.12407591789960862
CC_FBD09F5D947A,0.05707630813121796
CC_FBDCB63B6DAB,0.14106446057558059
CC_FBDCC4B892E9,0.17637984156608583
CC_FBE5C3BB11E0,0.09134669899940491
CC_FBE6687401A0,0.7457625031471252
CC_FBE7E183279D,0.07249372228980064
CC_FBE8288ED1A4,0.7256489038467407
CC_FBE87C06663A,0.054535699635744096
CC_FBE90967E833,0.11288651525974273
CC_FBE9134C8BF0,0.0874462902545929
CC_FBEA90442B69,0.1282135546207428
CC_FBEE29902C3C,0.16084324419498444
CC_FBF2E3CD9A39,0.15911619365215302
CC_FBF2F3B49C45,0.07554777264595032
CC_FBF5A622B58E,0.24056114852428437
CC_FBF613E10154,0.17169243693351746
CC_FBF628BD333F,0.36545307040214536
CC_FBF7857B834B,0.11173787117004394
CC_FBFFF3CB0E6D,0.24965558350086212
CC_FC00B9325CBC,0.11772048622369766
CC_FC01E5D5E638,0.12694280743598937
CC_FC01E75BF978,0.7620827794075012
CC_FC0642295BA0,0.06824329495429993
CC_FC095EA68A6A,0.6627435207366943
CC_FC0D48586619,0.19250091910362244
CC_FC0FCC48E8AF,0.41018564701080323
CC_FC163D4B75A5,0.11729682236909866
CC_FC16D13DBC24,0.26143197119235995
CC_FC1700E21FBA,0.14012925773859025
CC_FC18032DF9E6,0.024010324478149415
CC_FC1825DB935E,0.15911619365215302
CC_FC1923A0ED80,0.09049420654773713
CC_FC19315282D6,0.1574629694223404
CC_FC1A4DF68219,0.06456969156861306
CC_FC1BE23EC36F,0.19126990735530852
CC_FC1DA4B4AA90,0.10200144648551941
CC_FC212C63EB9C,0.0556966207921505
CC_FC2238D156F8,0.16364860236644746
CC_FC273DC12A61,0.16508998572826386
CC_FC2EAB32DA4C,0.10515677481889725
CC_FC339FB1C9E8,0.1639523684978485
CC_FC355903A24E,0.5055097341537476
CC_FC36EC64B0CF,0.15599317848682404
CC_FC3DD928995F,0.15434817969799042
CC_FC418623C9A0,0.11101416349411011
CC_FC4359A10396,0.27161637246608733
CC_FC4966D84A47,0.039018059894442556
CC_FC4BD01DC78F,0.10937958508729935
CC_FC4E9BB27B99,0.1709745556116104
CC_FC50E903A147,0.062205002456903455
CC_FC59345896AD,0.1511405885219574
CC_FC6280D994E4,0.37485286593437195
CC_FC6376BA9862,0.1624825894832611
CC_FC6684489A93,0.184106183052063
CC_FC668A8E7C63,0.09856419861316681
CC_FC66EE00EFA8,0.1854461371898651
CC_FC6ABDE10A14,0.012612179294228554
CC_FC6C09B1A5FB,0.6856988787651062
CC_FC6F25D4C8F9,0.0286729633808136
CC_FC73989A90E4,0.16395237743854524
CC_FC7433064A38,0.7690903663635253
CC_FC777BBF3C67,0.07684635147452354
CC_FC77E5C21D41,0.2018285870552063
CC_FC7AD9973C8A,0.507264131307602
CC_FC7C096A1B4A,0.3148349761962891
CC_FC7DB9E15294,0.19455522894859315
CC_FC7EE61E667D,0.20659672617912292
CC_FC7FEBEFB6F0,0.12579380124807357
CC_FC820930CE65,0.2642591655254364
CC_FC89BEAC50A2,0.030985884368419647
CC_FC8C22ADC4E9,0.09345209151506424
CC_FC9051A91FE1,0.6015440583229065
CC_FC91ED54111E,0.16344083547592164
CC_FC96C9C83529,0.0379056341946125
CC_FC9CF64D3C48,0.7110424280166626
CC_FC9D707E5E06,0.30511110424995425
CC_FC9DBED7399E,0.10656096190214157
CC_FCA15CD66FA6,0.20110377073287963
CC_FCA237218C78,0.2004412293434143
CC_FCA563CC43EA,0.08744629174470901
CC_FCA6A25F9562,0.15746296644210817
CC_FCA8CBFD4679,0.20266687273979186
CC_FCABDF97E39B,0.05126814544200897
CC_FCB06D4308F3,0.5682130515575409
CC_FCB20F898E30,0.2148968756198883
CC_FCB421CC36BE,0.08006270825862885
CC_FCB48722CDDD,0.9409937858581543
CC_FCB4F6F68886,0.13664943724870682
CC_FCB5A45751AB,0.17507272362709045
CC_FCB90932E975,0.15262678861618043
CC_FCBD8F9A67B1,0.14314291179180144
CC_FCBF4B7E45BF,0.41019760370254515
CC_FCC2ADA78D96,0.3215318262577057
CC_FCC2FABE1132,0.4652824938297272
CC_FCC3581F19F7,0.10251508206129074
CC_FCC52A7A33A1,0.33303468227386473
CC_FCC66F3677BD,0.19456997215747834
CC_FCC79B12F6CB,0.19380151629447936
CC_FCCA7F428843,0.19041092991828917
CC_FCCAD468CC94,0.1481162950396538
CC_FCCD58499A84,0.10990551710128785
CC_FCCDF77A51CF,0.690331506729126
CC_FCCF62CD329E,0.07007090747356415
CC_FCD00354AC90,0.15211524665355683
CC_FCD270A077E0,0.159347003698349
CC_FCDB643C8412,0.22492134273052217
CC_FCE3B7E2700F,0.2018984079360962
CC_FCEB1F282329,0.1624825894832611
CC_FCECEAEBC7E6,0.08075516670942307
CC_FCEDF8CA3F34,0.15695142447948457
CC_FCEEFA4E9107,0.06572454199194908
CC_FCF2097ED70A,0.07740039527416229
CC_FCF475A9F4B2,0.11051141023635865
CC_FCF8C294CED6,0.3026236414909363
CC_FCFA3BAA3A5F,0.1565047174692154
CC_FCFB8F061E69,0.12838379442691802
CC_FCFCB5FCBB26,0.7525774955749511
CC_FCFFBA3DBC42,0.16395237147808076
CC_FD052271E63F,0.15811743438243867
CC_FD07037D6B43,0.7026935458183289
CC_FD0944F5D569,0.1725861042737961
CC_FD0CED6E0D90,0.16364860236644746
CC_FD10A3F4F07A,0.14976186454296112
CC_FD1351732F6A,0.13371437788009644
CC_FD15C7E1F8F5,0.7094502806663513
CC_FD1E85070E67,0.1883188396692276
CC_FD1FEDC12613,0.08316823095083237
CC_FD22E8723F8D,0.012612180039286613
CC_FD255388A731,0.1624825894832611
CC_FD25D0E745ED,0.07701008915901184
CC_FD26E15632A6,0.3525836646556854
CC_FD2953E0800D,0.5652406811714172
CC_FD2DF2B1C4DA,0.4135898947715759
CC_FD2EDA0D07AE,0.09291640073060989
CC_FD314480FC65,0.06129722818732262
CC_FD333898E65F,0.1574629634618759
CC_FD3433A63AA9,0.5824145913124085
CC_FD367090DCFA,0.13213337659835817
CC_FD389C6160B1,0.11679825633764267
CC_FD3C67FA6DD3,0.16469149589538573
CC_FD3E49CE80AE,0.21714989542961122
CC_FD3EB6479C98,0.5315973579883575
CC_FD3F88FD45B5,0.06572454124689102
CC_FD41899B422F,0.15934700667858123
CC_FD4221D29B6A,0.05006770193576813
CC_FD42C93D7BD6,0.33936020731925964
CC_FD447545F7DC,0.11587307006120681
CC_FD4744AA678A,0.6472155570983886
CC_FD488D725DC7,0.19680396616458892
CC_FD4C5AE1D3C9,0.0878254771232605
CC_FD4F46863AB7,0.1808377057313919
CC_FD4FA1258EC8,0.4421297490596771
CC_FD50227B9E30,0.31566227674484254
CC_FD555226A615,0.6812649488449096
CC_FD573BB6367A,0.04309861734509468
CC_FD578201EF2D,0.5055097460746765
CC_FD5B9032F05F,0.21979511380195618
CC_FD62CF38F293,0.3214810252189636
CC_FD664D9AE9E9,0.6435669183731079
CC_FD6A2B1F34AD,0.2704964816570282
CC_FD6ABAE503DB,0.15809401571750642
CC_FD6C81931AC7,0.1987969845533371
CC_FD6C9411DB86,0.9401466488838196
CC_FD6DF051C31F,0.33733643889427184
CC_FD700598C0BA,0.06442317292094231
CC_FD70807BF3B1,0.15446850955486296
CC_FD73B1A026A8,0.12782431691884993
CC_FD73B3D56C90,0.2052985668182373
CC_FD787BC61337,0.16804760694503784
CC_FD7FA5DC8FEB,0.17486775517463685
CC_FD80FDAE6FEE,0.14055292755365373
CC_FD89E90A10E0,0.048845744132995604
CC_FD8A41496761,0.021848613396286964
CC_FD8CAF885592,0.15860466063022613
CC_FD8F3235BFB5,0.7026935338973999
CC_FD9733AE63A8,0.07768990844488144
CC_FD9B377690CF,0.16304615139961243
CC_FD9CFB4A8AF0,0.16460684537887574
CC_FD9D8E50F4E0,0.4910736382007599
CC_FDA799AB70DF,0.11059890538454056
CC_FDABFE851341,0.14327245056629181
CC_FDACB44907DA,0.4421297609806061
CC_FDAEC308C5DC,0.10394006669521332
CC_FDAECB26BFB2,0.20002360939979552
CC_FDB395EE6DDD,0.11624505519866943
CC_FDB6749ADE63,0.09831442832946777
CC_FDB70BC44CEC,0.08551233112812043
CC_FDB9F46C2221,0.7199736952781677
CC_FDBE036E098B,0.06718268841505051
CC_FDBEC8420B89,0.11033626943826676
CC_FDC08309ABE9,0.04077660776674748
CC_FDC148354EFE,0.1634408414363861
CC_FDCB22C70617,0.10991260707378388
CC_FDD360CDF95D,0.08006270825862885
CC_FDD79A02E28A,0.06422704681754113
CC_FDD9E7F09DDA,0.02795558124780655
CC_FDDA01595ED3,0.162994122505188
CC_FDDD647C1FE0,0.09496770203113555
CC_FDDDDE5455F5,0.1716924399137497
CC_FDE021028BD8,0.11701203435659409
CC_FDE0CD146390,0.3852327108383179
CC_FDE210A9BCA3,0.09589879214763641
CC_FDE72FE6B86E,0.10552874058485032
CC_FDE7A72A2145,0.05569662153720856
CC_FDE8632A40FB,0.09751876890659332
CC_FDE9455E8C0D,0.0711142934858799
CC_FDF06DC5BF43,0.4910736560821533
CC_FDF0991E8912,0.17637983560562134
CC_FDF61BAA26D8,0.1386902868747711
CC_FE0031793C30,0.24145036041736603
CC_FE01D7D9B6A9,0.041046877205371854
CC_FE03B1388596,0.2156359523534775
CC_FE0A48B90483,0.1634408414363861
CC_FE0AC3EF98FD,0.1992907166481018
CC_FE0FD6832676,0.7575854420661926
CC_FE13764F9C26,0.12082963436841965
CC_FE163739876A,0.1624825894832611
CC_FE17DED3CD52,0.044423243030905724
CC_FE189C55F164,0.06526500061154365
CC_FE21452482C7,0.15599318146705626
CC_FE2576431359,0.2157559871673584
CC_FE27A4EB7D11,0.03257230147719383
CC_FE2866842D4F,0.1495252549648285
CC_FE2B71599C1F,0.11893140077590943
CC_FE2C96DC5FBB,0.046647483855485915
CC_FE3193FEA26F,0.2945993661880493
CC_FE33AF742504,0.29438492059707644
CC_FE38B1F98C4F,0.06442317143082618
CC_FE3976ED66C0,0.3040120482444763
CC_FE39BEED5CF5,0.1925982266664505
CC_FE3FC8EF4983,0.07905970811843872
CC_FE451BCDFFC5,0.24227753579616546
CC_FE4B9B199585,0.14944807589054107
CC_FE4E4870DC6E,0.1373561292886734
CC_FE4FD4C1C0D9,0.15262678563594817
CC_FE50315A49C0,0.19793550670146942
CC_FE5131C779F3,0.2375699371099472
CC_FE54C4D0384F,0.5354049742221832
CC_FE588B9B667A,0.06679596975445748
CC_FE5ACD44EECD,0.17073419392108918
CC_FE5BC4C2D1DA,0.7708340406417846
CC_FE67B66297CF,0.3214810311794281
CC_FE67C7923DA4,0.23384795486927032
CC_FE6903C2A5E3,0.04309861958026886
CC_FE696D6B31CC,0.5873146057128906
CC_FE6CB6B76AD9,0.8219156622886657
CC_FE70BAE67758,0.16344083845615387
CC_FE74C5922E5F,0.4679209113121033
CC_FE762EE309BF,0.12823104560375215
CC_FE76CD1DEC07,0.07019668146967888
CC_FE78805B03F0,0.04104687795042992
CC_FE79682CF8C2,0.06740146577358246
CC_FE7CBC4BD347,0.0092788465321064
CC_FE7D9465B93A,0.7519822597503663
CC_FE7FA5E131B9,0.05263662487268448
CC_FE80A787FDFD,0.04104687795042992
CC_FE8701C45028,0.1668211191892624
CC_FE8A8B337323,0.4679209113121033
CC_FE8B07108311,0.14145193099975586
CC_FE8FBB84F5A8,0.5860256075859069
CC_FE8FE83C14DB,0.14532986730337144
CC_FE9019A1C801,0.06442316994071007
CC_FE9030F236D2,0.14346930086612703
CC_FE9D6FB53C99,0.16395237445831298
CC_FE9DCBDE53CE,0.17637983560562134
CC_FEA05A98AF8C,0.07442489266395569
CC_FEA383106B2D,0.058470329642295836
CC_FEA564B04019,0.13434247076511383
CC_FEA6EF74C0BC,0.1350696012377739
CC_FEAF73BEF7D6,0.6261065840721131
CC_FEB521C3683A,0.025652550905942918
CC_FEB52BC018DE,0.04801596030592918
CC_FEB5C85BEB6C,0.3332470417022705
CC_FEB67C0CA768,0.28400273323059083
CC_FEBA3B927C6A,0.16872002184391022
CC_FEC0AE6192D4,0.16395237445831298
CC_FEC1336C8A25,0.4191429793834686
CC_FEC606B5067F,0.17586830556392669
CC_FEC8B7D5C49F,0.14734723567962646
CC_FEC998CF52A2,0.30326602458953855
CC_FECAAC6AB098,0.06405787542462349
CC_FECB777603DE,0.4800902009010315
CC_FECD2C9F42CD,0.19081660211086274
CC_FED102A5E84E,0.15440927296876908
CC_FED1E15E0E22,0.16299412548542022
CC_FED3E1400D0F,0.14327245056629181
CC_FED43B17264A,0.06250435337424279
CC_FED4C4709108,0.23017051219940185
CC_FED53ADD8D32,0.05245564579963684
CC_FED57598FACF,0.17775166630744935
CC_FED881B4A673,0.1437839925289154
CC_FEE426752E74,0.07169762253761292
CC_FEE6325F6282,0.6649954915046692
CC_FEEE13772173,0.22056172490119935
CC_FEF23FE521CA,0.12464476376771927
CC_FEF321584842,0.1783560335636139
CC_FEF4D5B60906,0.06718268990516663
CC_FEF91802528D,0.7110424160957336
CC_FEF9C7E26B47,0.27856977581977843
CC_FEFA23955604,0.0640578769147396
CC_FEFC6DDCD3D9,0.06913607642054558
CC_FEFD242E03A8,0.7564796090126038
CC_FEFF05A05F52,0.11444729715585708
CC_FF0256787EB1,0.1624825894832611
CC_FF0758579608,0.04104687795042992
CC_FF09DF998DB2,0.10725808292627334
CC_FF121B54F8C7,0.1166687250137329
CC_FF12AB681D84,0.14952525943517686
CC_FF131ADE507A,0.4191429853439331
CC_FF19D3446CF6,0.058383750915527347
CC_FF1F8C563939,0.16294409036636354
CC_FF1FFCCE10C7,0.06572454422712326
CC_FF21216E235A,0.06886378228664398
CC_FF264C4065B6,0.112176214158535
CC_FF26577EE6F6,0.2120833605527878
CC_FF2885B0F9F5,0.11059890389442444
CC_FF29B2D1F5AD,0.7713050723075867
CC_FF301B2E333F,0.12474204301834106
CC_FF324A4B5CB4,0.15211524665355683
CC_FF3570405583,0.4191429793834686
CC_FF3958C83A71,0.1624825894832611
CC_FF3B0CE20CD3,0.13938664197921752
CC_FF3B794B72F8,0.13735612630844116
CC_FF40AFA25015,0.12825580835342407
CC_FF41DA6895BC,0.10938056260347366
CC_FF4791D6E996,0.06442317143082618
CC_FF49460A1003,0.1629941314458847
CC_FF538598CBAA,0.4602619826793671
CC_FF5C2E378773,0.08840275555849075
CC_FF5D42F25E2F,0.2068325847387314
CC_FF5DDBAF1153,0.08203919976949692
CC_FF6185862D21,0.07555392533540725
CC_FF6841C9BF75,0.1999625563621521
CC_FF6BC4641A91,0.35765191316604616
CC_FF6BF221A592,0.16344083845615387
CC_FF70EA06E63E,0.13669659197330475
CC_FF7159CCD4DE,0.3199521839618683
CC_FF738455EF88,0.7340348601341248
CC_FF740C18FD33,0.5492281377315521
CC_FF75B8C60B63,0.14537328779697417
CC_FF77ABCB5316,0.15809401571750642
CC_FF785F248CAB,0.177260884642601
CC_FF7A6A55F388,0.07321776747703553
CC_FF7BEAD19BA9,0.0892937108874321
CC_FF7F54CCD531,0.7110424280166626
CC_FF81939E2D65,0.0714090682566166
CC_FF84186FF5BF,0.12685196995735168
CC_FF84D6615A66,0.009278846159577369
CC_FF8AD504A83C,0.23543117344379424
CC_FF8B865BEA86,0.07428919523954391
CC_FF906284EACF,0.11185730248689651
CC_FF96DBBA87D8,0.16992459893226625
CC_FF990A1A74F5,0.11544940024614334
CC_FF99581F1B44,0.10966162383556366
CC_FFA5351823C8,0.1336905241012573
CC_FFA60EC3D829,0.2813919186592102
CC_FFA79FA2C307,0.2405611515045166
CC_FFAA76724832,0.36300897002220156
CC_FFAD9433FA89,0.11085808575153351
CC_FFB78CBDD6F6,0.08960794657468796
CC_FFB87FE0348E,0.07899127751588822
CC_FFBB42AD6035,0.6627435088157654
CC_FFBE93F5EC14,0.8036803960800171
CC_FFC10C050180,0.06831292137503624
CC_FFC20FCBBC82,0.11977787166833878
CC_FFC53991A2F8,0.33516027331352233
CC_FFC8543EDC13,0.5850620031356811
CC_FFCD95C3DDE1,0.1335481286048889
CC_FFCEB3BF3EC9,0.1125648245215416
CC_FFD453AE3223,0.2703940838575363
CC_FFDA941BE8FD,0.09596901684999466
CC_FFDDFEEC47D3,0.2810077011585236
CC_FFDF192A22C6,0.07346774861216546
CC_FFDF7ED6D2A5,0.09503336250782013
CC_FFE60BCEF78E,0.06679596975445748
CC_FFE98EDF9FF0,0.19737037420272827
CC_FFED2878DDA7,0.21058957278728485
CC_FFED9CDFB0DB,0.12519144266843796
CC_FFF1E17CA6A7,0.7481307029724121
CC_FFF3AD146FAE,0.6835343956947326
CC_FFF7C7B2FB04,0.12733203321695327
CC_FFF7FD14A18A,0.2320263057947159
CC_FFF97318AFBF,0.2424599587917328
CC_FFFB28EA5580,0.16395237743854524
CC_FFFD3A829DD0,0.30177746117115023
CC_FFFEDC33E37A,0.0556966207921505
